con_code,con_name,area_code,area_name,type,con_pop_%
E14001064,Aldridge-Brownhills,E47000007,West Midlands Combined Authority,Combined authority,100
E14001065,Altrincham and Sale West,E47000001,Greater Manchester Combined Authority,Combined authority,100
E14001066,Amber Valley,E47000013,East Midlands Combined Authority,Combined authority,100
E14001068,Ashfield,E47000013,East Midlands Combined Authority,Combined authority,100
E14001070,Ashton-under-Lyne,E47000001,Greater Manchester Combined Authority,Combined authority,100
E14001074,Barnsley North,E47000002,South Yorkshire Combined Authority,Combined authority,100
E14001075,Barnsley South,E47000002,South Yorkshire Combined Authority,Combined authority,100
E14001079,Bassetlaw,E47000013,East Midlands Combined Authority,Combined authority,100
E14001080,Bath,E47000009,West of England Combined Authority,Combined authority,100
E14001091,Birkenhead,E47000004,Liverpool City Region Combined Authority,Combined authority,100
E14001092,Birmingham Edgbaston,E47000007,West Midlands Combined Authority,Combined authority,100
E14001093,Birmingham Erdington,E47000007,West Midlands Combined Authority,Combined authority,100
E14001094,Birmingham Hall Green and Moseley,E47000007,West Midlands Combined Authority,Combined authority,100
E14001095,Birmingham Hodge Hill and Solihull North,E47000007,West Midlands Combined Authority,Combined authority,100
E14001096,Birmingham Ladywood,E47000007,West Midlands Combined Authority,Combined authority,100
E14001097,Birmingham Northfield,E47000007,West Midlands Combined Authority,Combined authority,100
E14001098,Birmingham Perry Barr,E47000007,West Midlands Combined Authority,Combined authority,100
E14001099,Birmingham Selly Oak,E47000007,West Midlands Combined Authority,Combined authority,100
E14001100,Birmingham Yardley,E47000007,West Midlands Combined Authority,Combined authority,100
E14001101,Bishop Auckland,E47000014,North East Combined Authority,Combined authority,100
E14001103,Blackley and Middleton South,E47000001,Greater Manchester Combined Authority,Combined authority,100
E14001106,Blaydon and Consett,E47000014,North East Combined Authority,Combined authority,100
E14001107,Blyth and Ashington,E47000014,North East Combined Authority,Combined authority,100
E14001109,Bolsover,E47000013,East Midlands Combined Authority,Combined authority,100
E14001110,Bolton North East,E47000001,Greater Manchester Combined Authority,Combined authority,100
E14001111,Bolton South and Walkden,E47000001,Greater Manchester Combined Authority,Combined authority,100
E14001112,Bolton West,E47000001,Greater Manchester Combined Authority,Combined authority,100
E14001113,Bootle,E47000004,Liverpool City Region Combined Authority,Combined authority,100
E14001118,Bradford East,E47000003,West Yorkshire Combined Authority,Combined authority,100
E14001119,Bradford South,E47000003,West Yorkshire Combined Authority,Combined authority,100
E14001120,Bradford West,E47000003,West Yorkshire Combined Authority,Combined authority,100
E14001131,Bristol Central,E47000009,West of England Combined Authority,Combined authority,100
E14001132,Bristol East,E47000009,West of England Combined Authority,Combined authority,100
E14001133,Bristol North East,E47000009,West of England Combined Authority,Combined authority,100
E14001134,Bristol North West,E47000009,West of England Combined Authority,Combined authority,100
E14001135,Bristol South,E47000009,West of England Combined Authority,Combined authority,100
E14001140,Broxtowe,E47000013,East Midlands Combined Authority,Combined authority,100
E14001144,Bury North,E47000001,Greater Manchester Combined Authority,Combined authority,100
E14001145,Bury South,E47000001,Greater Manchester Combined Authority,Combined authority,100
E14001147,Calder Valley,E47000003,West Yorkshire Combined Authority,Combined authority,100
E14001149,Cambridge,E47000008,Cambridgeshire and Peterborough Combined Authority,Combined authority,100
E14001158,Cheadle,E47000001,Greater Manchester Combined Authority,Combined authority,100
E14001165,Chesterfield,E47000013,East Midlands Combined Authority,Combined authority,100
E14001173,City of Durham,E47000014,North East Combined Authority,Combined authority,100
E14001177,Colne Valley,E47000003,West Yorkshire Combined Authority,Combined authority,100
E14001180,Coventry East,E47000007,West Midlands Combined Authority,Combined authority,100
E14001181,Coventry North West,E47000007,West Midlands Combined Authority,Combined authority,100
E14001182,Coventry South,E47000007,West Midlands Combined Authority,Combined authority,100
E14001183,Cramlington and Killingworth,E47000014,North East Combined Authority,Combined authority,100
E14001190,Darlington,E47000006,Tees Valley Combined Authority,Combined authority,100
E14001193,Derby North,E47000013,East Midlands Combined Authority,Combined authority,100
E14001194,Derby South,E47000013,East Midlands Combined Authority,Combined authority,100
E14001195,Derbyshire Dales,E47000013,East Midlands Combined Authority,Combined authority,100
E14001196,Dewsbury and Batley,E47000003,West Yorkshire Combined Authority,Combined authority,100
E14001198,Doncaster Central,E47000002,South Yorkshire Combined Authority,Combined authority,100
E14001199,Doncaster East and the Isle of Axholme,E47000002,South Yorkshire Combined Authority,Combined authority,75.6
E14001200,Doncaster North,E47000002,South Yorkshire Combined Authority,Combined authority,100
E14001204,Dudley,E47000007,West Midlands Combined Authority,Combined authority,100
E14001211,Easington,E47000014,North East Combined Authority,Combined authority,100
E14001222,Ellesmere Port and Bromborough,E47000004,Liverpool City Region Combined Authority,Combined authority,32.1
E14001224,Ely and East Cambridgeshire,E47000008,Cambridgeshire and Peterborough Combined Authority,Combined authority,100
E14001228,Erewash,E47000013,East Midlands Combined Authority,Combined authority,100
E14001237,Filton and Bradley Stoke,E47000009,West of England Combined Authority,Combined authority,100
E14001241,Frome and East Somerset,E47000009,West of England Combined Authority,Combined authority,40.3
E14001244,Gateshead Central and Whickham,E47000014,North East Combined Authority,Combined authority,100
E14001245,Gedling,E47000013,East Midlands Combined Authority,Combined authority,100
E14001251,Gorton and Denton,E47000001,Greater Manchester Combined Authority,Combined authority,100
E14001261,Halesowen,E47000007,West Midlands Combined Authority,Combined authority,100
E14001262,Halifax,E47000003,West Yorkshire Combined Authority,Combined authority,100
E14001269,Harrogate and Knaresborough,E47000012,York and North Yorkshire Combined Authority,Combined authority,100
E14001272,Hartlepool,E47000006,Tees Valley Combined Authority,Combined authority,100
E14001277,Hazel Grove,E47000001,Greater Manchester Combined Authority,Combined authority,100
E14001285,Hexham,E47000014,North East Combined Authority,Combined authority,100
E14001286,Heywood and Middleton North,E47000001,Greater Manchester Combined Authority,Combined authority,100
E14001287,High Peak,E47000013,East Midlands Combined Authority,Combined authority,100
E14001295,Houghton and Sunderland South,E47000014,North East Combined Authority,Combined authority,100
E14001297,Huddersfield,E47000003,West Yorkshire Combined Authority,Combined authority,100
E14001298,Huntingdon,E47000008,Cambridgeshire and Peterborough Combined Authority,Combined authority,100
E14001307,Jarrow and Gateshead East,E47000014,North East Combined Authority,Combined authority,100
E14001308,Keighley and Ilkley,E47000003,West Yorkshire Combined Authority,Combined authority,100
E14001316,Kingswinford and South Staffordshire,E47000007,West Midlands Combined Authority,Combined authority,41.4
E14001317,Knowsley,E47000004,Liverpool City Region Combined Authority,Combined authority,100
E14001319,Leeds Central and Headingley,E47000003,West Yorkshire Combined Authority,Combined authority,100
E14001320,Leeds East,E47000003,West Yorkshire Combined Authority,Combined authority,100
E14001321,Leeds North East,E47000003,West Yorkshire Combined Authority,Combined authority,100
E14001322,Leeds North West,E47000003,West Yorkshire Combined Authority,Combined authority,100
E14001323,Leeds South,E47000003,West Yorkshire Combined Authority,Combined authority,100
E14001324,Leeds South West and Morley,E47000003,West Yorkshire Combined Authority,Combined authority,100
E14001325,Leeds West and Pudsey,E47000003,West Yorkshire Combined Authority,Combined authority,100
E14001329,Leigh and Atherton,E47000001,Greater Manchester Combined Authority,Combined authority,100
E14001337,Liverpool Garston,E47000004,Liverpool City Region Combined Authority,Combined authority,100
E14001338,Liverpool Riverside,E47000004,Liverpool City Region Combined Authority,Combined authority,100
E14001339,Liverpool Walton,E47000004,Liverpool City Region Combined Authority,Combined authority,100
E14001340,Liverpool Wavertree,E47000004,Liverpool City Region Combined Authority,Combined authority,100
E14001341,Liverpool West Derby,E47000004,Liverpool City Region Combined Authority,Combined authority,100
E14001350,Makerfield,E47000001,Greater Manchester Combined Authority,Combined authority,100
E14001352,Manchester Central,E47000001,Greater Manchester Combined Authority,Combined authority,100
E14001353,Manchester Rusholme,E47000001,Greater Manchester Combined Authority,Combined authority,100
E14001354,Manchester Withington,E47000001,Greater Manchester Combined Authority,Combined authority,100
E14001355,Mansfield,E47000013,East Midlands Combined Authority,Combined authority,100
E14001358,Meriden and Solihull East,E47000007,West Midlands Combined Authority,Combined authority,100
E14001362,Mid Derbyshire,E47000013,East Midlands Combined Authority,Combined authority,100
E14001367,Middlesbrough and Thornaby East,E47000006,Tees Valley Combined Authority,Combined authority,100
E14001368,Middlesbrough South and East Cleveland,E47000006,Tees Valley Combined Authority,Combined authority,100
E14001375,Newark,E47000013,East Midlands Combined Authority,Combined authority,100
E14001377,Newcastle upon Tyne Central and West,E47000014,North East Combined Authority,Combined authority,100
E14001378,Newcastle upon Tyne East and Wallsend,E47000014,North East Combined Authority,Combined authority,100
E14001379,Newcastle upon Tyne North,E47000014,North East Combined Authority,Combined authority,100
E14001382,Newton Aycliffe and Spennymoor,E47000014,North East Combined Authority,Combined authority,100
E14001383,Normanton and Hemsworth,E47000003,West Yorkshire Combined Authority,Combined authority,100
E14001389,North Durham,E47000014,North East Combined Authority,Combined authority,100
E14001390,North East Cambridgeshire,E47000008,Cambridgeshire and Peterborough Combined Authority,Combined authority,100
E14001391,North East Derbyshire,E47000013,East Midlands Combined Authority,Combined authority,100
E14001394,North East Somerset and Hanham,E47000009,West of England Combined Authority,Combined authority,100
E14001397,North Northumberland,E47000014,North East Combined Authority,Combined authority,100
E14001401,North West Cambridgeshire,E47000008,Cambridgeshire and Peterborough Combined Authority,Combined authority,100
E14001410,Nottingham East,E47000013,East Midlands Combined Authority,Combined authority,100
E14001411,Nottingham North and Kimberley,E47000013,East Midlands Combined Authority,Combined authority,100
E14001412,Nottingham South,E47000013,East Midlands Combined Authority,Combined authority,100
E14001415,Oldham East and Saddleworth,E47000001,Greater Manchester Combined Authority,Combined authority,100
E14001416,"Oldham West, Chadderton and Royton",E47000001,Greater Manchester Combined Authority,Combined authority,100
E14001418,Ossett and Denby Dale,E47000003,West Yorkshire Combined Authority,Combined authority,100
E14001423,Penistone and Stocksbridge,E47000002,South Yorkshire Combined Authority,Combined authority,100
E14001425,Peterborough,E47000008,Cambridgeshire and Peterborough Combined Authority,Combined authority,100
E14001428,"Pontefract, Castleford and Knottingley",E47000003,West Yorkshire Combined Authority,Combined authority,100
E14001436,Rawmarsh and Conisbrough,E47000002,South Yorkshire Combined Authority,Combined authority,100
E14001440,Redcar,E47000006,Tees Valley Combined Authority,Combined authority,100
E14001444,Richmond and Northallerton,E47000012,York and North Yorkshire Combined Authority,Combined authority,100
E14001446,Rochdale,E47000001,Greater Manchester Combined Authority,Combined authority,100
E14001451,Rother Valley,E47000002,South Yorkshire Combined Authority,Combined authority,100
E14001452,Rotherham,E47000002,South Yorkshire Combined Authority,Combined authority,100
E14001455,Runcorn and Helsby,E47000004,Liverpool City Region Combined Authority,Combined authority,68.9
E14001457,Rushcliffe,E47000013,East Midlands Combined Authority,Combined authority,100
E14001459,Salford,E47000001,Greater Manchester Combined Authority,Combined authority,100
E14001461,Scarborough and Whitby,E47000012,York and North Yorkshire Combined Authority,Combined authority,100
E14001463,Sefton Central,E47000004,Liverpool City Region Combined Authority,Combined authority,100
E14001464,Selby,E47000003,West Yorkshire Combined Authority,Combined authority,22.4
E14001464,Selby,E47000012,York and North Yorkshire Combined Authority,Combined authority,77.6
E14001466,Sheffield Brightside and Hillsborough,E47000002,South Yorkshire Combined Authority,Combined authority,100
E14001467,Sheffield Central,E47000002,South Yorkshire Combined Authority,Combined authority,100
E14001468,Sheffield Hallam,E47000002,South Yorkshire Combined Authority,Combined authority,100
E14001469,Sheffield Heeley,E47000002,South Yorkshire Combined Authority,Combined authority,100
E14001470,Sheffield South East,E47000002,South Yorkshire Combined Authority,Combined authority,100
E14001471,Sherwood Forest,E47000013,East Midlands Combined Authority,Combined authority,100
E14001472,Shipley,E47000003,West Yorkshire Combined Authority,Combined authority,100
E14001475,Skipton and Ripon,E47000012,York and North Yorkshire Combined Authority,Combined authority,100
E14001478,Smethwick,E47000007,West Midlands Combined Authority,Combined authority,100
E14001479,Solihull West and Shirley,E47000007,West Midlands Combined Authority,Combined authority,100
E14001481,South Cambridgeshire,E47000008,Cambridgeshire and Peterborough Combined Authority,Combined authority,100
E14001483,South Derbyshire,E47000013,East Midlands Combined Authority,Combined authority,100
E14001492,South Shields,E47000014,North East Combined Authority,Combined authority,100
E14001504,Southport,E47000004,Liverpool City Region Combined Authority,Combined authority,82.3
E14001506,Spen Valley,E47000003,West Yorkshire Combined Authority,Combined authority,100
E14001509,St Helens North,E47000004,Liverpool City Region Combined Authority,Combined authority,100
E14001510,St Helens South and Whiston,E47000004,Liverpool City Region Combined Authority,Combined authority,100
E14001512,St Neots and Mid Cambridgeshire,E47000008,Cambridgeshire and Peterborough Combined Authority,Combined authority,100
E14001515,Stalybridge and Hyde,E47000001,Greater Manchester Combined Authority,Combined authority,100
E14001517,Stockport,E47000001,Greater Manchester Combined Authority,Combined authority,100
E14001518,Stockton North,E47000006,Tees Valley Combined Authority,Combined authority,100
E14001519,Stockton West,E47000006,Tees Valley Combined Authority,Combined authority,100
E14001524,Stourbridge,E47000007,West Midlands Combined Authority,Combined authority,100
E14001528,Stretford and Urmston,E47000001,Greater Manchester Combined Authority,Combined authority,100
E14001531,Sunderland Central,E47000014,North East Combined Authority,Combined authority,100
E14001535,Sutton Coldfield,E47000007,West Midlands Combined Authority,Combined authority,100
E14001544,Thirsk and Malton,E47000012,York and North Yorkshire Combined Authority,Combined authority,100
E14001545,Thornbury and Yate,E47000009,West of England Combined Authority,Combined authority,100
E14001547,Tipton and Wednesbury,E47000007,West Midlands Combined Authority,Combined authority,100
E14001557,Tynemouth,E47000014,North East Combined Authority,Combined authority,100
E14001560,Wakefield and Rothwell,E47000003,West Yorkshire Combined Authority,Combined authority,100
E14001561,Wallasey,E47000004,Liverpool City Region Combined Authority,Combined authority,100
E14001562,Walsall and Bloxwich,E47000007,West Midlands Combined Authority,Combined authority,100
E14001567,Washington and Gateshead South,E47000014,North East Combined Authority,Combined authority,100
E14001574,West Bromwich,E47000007,West Midlands Combined Authority,Combined authority,100
E14001582,Wetherby and Easingwold,E47000003,West Yorkshire Combined Authority,Combined authority,43.6
E14001582,Wetherby and Easingwold,E47000012,York and North Yorkshire Combined Authority,Combined authority,56.4
E14001584,Widnes and Halewood,E47000004,Liverpool City Region Combined Authority,Combined authority,100
E14001585,Wigan,E47000001,Greater Manchester Combined Authority,Combined authority,100
E14001589,Wirral West,E47000004,Liverpool City Region Combined Authority,Combined authority,100
E14001594,Wolverhampton North East,E47000007,West Midlands Combined Authority,Combined authority,100
E14001595,Wolverhampton South East,E47000007,West Midlands Combined Authority,Combined authority,100
E14001596,Wolverhampton West,E47000007,West Midlands Combined Authority,Combined authority,100
E14001598,Worsley and Eccles,E47000001,Greater Manchester Combined Authority,Combined authority,100
E14001602,Wythenshawe and Sale East,E47000001,Greater Manchester Combined Authority,Combined authority,100
E14001604,York Central,E47000012,York and North Yorkshire Combined Authority,Combined authority,100
E14001605,York Outer,E47000012,York and North Yorkshire Combined Authority,Combined authority,100
E14001114,Boston and Skegness,GL,Greater Lincolnshire Combined Authority,Combined authority,100
E14001128,Brigg and Immingham,GL,Greater Lincolnshire Combined Authority,Combined authority,100
E14001199,Doncaster East and the Isle of Axholme,GL,Greater Lincolnshire Combined Authority,Combined authority,24.4
E14001243,Gainsborough,GL,Greater Lincolnshire Combined Authority,Combined authority,100
E14001253,Grantham and Bourne,GL,Greater Lincolnshire Combined Authority,Combined authority,100
E14001255,Great Grimsby and Cleethorpes,GL,Greater Lincolnshire Combined Authority,Combined authority,100
E14001336,Lincoln,GL,Greater Lincolnshire Combined Authority,Combined authority,100
E14001343,Louth and Horncastle,GL,Greater Lincolnshire Combined Authority,Combined authority,100
E14001458,Rutland and Stamford,GL,Greater Lincolnshire Combined Authority,Combined authority,40.4
E14001462,Scunthorpe,GL,Greater Lincolnshire Combined Authority,Combined authority,100
E14001476,Sleaford and North Hykeham,GL,Greater Lincolnshire Combined Authority,Combined authority,100
E14001487,South Holland and The Deepings,GL,Greater Lincolnshire Combined Authority,Combined authority,100
E14001087,Beverley and Holderness,HEY,Hull and East Yorkshire Combined Authority,Combined authority,100
E14001127,Bridlington and The Wolds,HEY,Hull and East Yorkshire Combined Authority,Combined authority,100
E14001250,Goole and Pocklington,HEY,Hull and East Yorkshire Combined Authority,Combined authority,100
E14001313,Kingston upon Hull East,HEY,Hull and East Yorkshire Combined Authority,Combined authority,100
E14001314,Kingston upon Hull North and Cottingham,HEY,Hull and East Yorkshire Combined Authority,Combined authority,100
E14001315,Kingston upon Hull West and Haltemprice,HEY,Hull and East Yorkshire Combined Authority,Combined authority,100
E14001504,Southport,LAN,Lancashire Combined County Authority,Combined county authority,17.7
E14001372,Morecambe and Lunesdale,LAN,Lancashire Combined County Authority,Combined county authority,81.1
E14001299,Hyndburn,LAN,Lancashire Combined County Authority,Combined county authority,100
E14001491,South Ribble,LAN,Lancashire Combined County Authority,Combined county authority,100
E14001104,Blackpool North and Fleetwood,LAN,Lancashire Combined County Authority,Combined county authority,100
E14001242,Fylde,LAN,Lancashire Combined County Authority,Combined county authority,100
E14001318,Lancaster and Wyre,LAN,Lancashire Combined County Authority,Combined county authority,100
E14001450,Rossendale and Darwen,LAN,Lancashire Combined County Authority,Combined county authority,100
E14001170,Chorley,LAN,Lancashire Combined County Authority,Combined county authority,100
E14001443,Ribble Valley,LAN,Lancashire Combined County Authority,Combined county authority,100
E14001577,West Lancashire,LAN,Lancashire Combined County Authority,Combined county authority,100
E14001422,Pendle and Clitheroe,LAN,Lancashire Combined County Authority,Combined county authority,100
E14001105,Blackpool South,LAN,Lancashire Combined County Authority,Combined county authority,100
E14001142,Burnley,LAN,Lancashire Combined County Authority,Combined county authority,100
E14001102,Blackburn,LAN,Lancashire Combined County Authority,Combined county authority,100
E14001433,Preston,LAN,Lancashire Combined County Authority,Combined county authority,100
E14001155,Central Devon,DEV,Devon and Torbay Combined County Authority,Combined county authority,100
E14001231,Exeter,DEV,Devon and Torbay Combined County Authority,Combined county authority,100
E14001232,Exmouth and Exeter East,DEV,Devon and Torbay Combined County Authority,Combined county authority,100
E14001291,Honiton and Sidmouth,DEV,Devon and Torbay Combined County Authority,Combined county authority,100
E14001381,Newton Abbot,DEV,Devon and Torbay Combined County Authority,Combined county authority,100
E14001387,North Devon,DEV,Devon and Torbay Combined County Authority,Combined county authority,100
E14001484,South Devon,DEV,Devon and Torbay Combined County Authority,Combined county authority,100
E14001495,South West Devon,DEV,Devon and Torbay Combined County Authority,Combined county authority,42.1
E14001548,Tiverton and Minehead,DEV,Devon and Torbay Combined County Authority,Combined county authority,45.8
E14001551,Torbay,DEV,Devon and Torbay Combined County Authority,Combined county authority,100
E14001552,Torridge and Tavistock,DEV,Devon and Torbay Combined County Authority,Combined county authority,100
E14001080,Bath,E31000001,Avon Fire and Rescue Authority,Fire and rescue authority,100
E14001131,Bristol Central,E31000001,Avon Fire and Rescue Authority,Fire and rescue authority,100
E14001132,Bristol East,E31000001,Avon Fire and Rescue Authority,Fire and rescue authority,100
E14001133,Bristol North East,E31000001,Avon Fire and Rescue Authority,Fire and rescue authority,100
E14001134,Bristol North West,E31000001,Avon Fire and Rescue Authority,Fire and rescue authority,100
E14001135,Bristol South,E31000001,Avon Fire and Rescue Authority,Fire and rescue authority,100
E14001237,Filton and Bradley Stoke,E31000001,Avon Fire and Rescue Authority,Fire and rescue authority,100
E14001241,Frome and East Somerset,E31000001,Avon Fire and Rescue Authority,Fire and rescue authority,40.3
E14001394,North East Somerset and Hanham,E31000001,Avon Fire and Rescue Authority,Fire and rescue authority,100
E14001399,North Somerset,E31000001,Avon Fire and Rescue Authority,Fire and rescue authority,100
E14001545,Thornbury and Yate,E31000001,Avon Fire and Rescue Authority,Fire and rescue authority,100
E14001572,Wells and Mendip Hills,E31000001,Avon Fire and Rescue Authority,Fire and rescue authority,29.5
E14001581,Weston-super-Mare,E31000001,Avon Fire and Rescue Authority,Fire and rescue authority,100
E14001084,Bedford,E31000002,Bedfordshire Fire and Rescue Authority,Fire and rescue authority,100
E14001206,Dunstable and Leighton Buzzard,E31000002,Bedfordshire Fire and Rescue Authority,Fire and rescue authority,100
E14001289,Hitchin,E31000002,Bedfordshire Fire and Rescue Authority,Fire and rescue authority,45.1
E14001345,Luton North,E31000002,Bedfordshire Fire and Rescue Authority,Fire and rescue authority,100
E14001346,Luton South and South Bedfordshire,E31000002,Bedfordshire Fire and Rescue Authority,Fire and rescue authority,100
E14001359,Mid Bedfordshire,E31000002,Bedfordshire Fire and Rescue Authority,Fire and rescue authority,100
E14001384,North Bedfordshire,E31000002,Bedfordshire Fire and Rescue Authority,Fire and rescue authority,100
E14001071,Aylesbury,E31000004,Buckinghamshire & Milton Keynes Fire and Rescue Authority,Fire and rescue authority,100
E14001082,Beaconsfield,E31000004,Buckinghamshire & Milton Keynes Fire and Rescue Authority,Fire and rescue authority,100
E14001141,Buckingham and Bletchley,E31000004,Buckinghamshire & Milton Keynes Fire and Rescue Authority,Fire and rescue authority,100
E14001162,Chesham and Amersham,E31000004,Buckinghamshire & Milton Keynes Fire and Rescue Authority,Fire and rescue authority,100
E14001360,Mid Buckinghamshire,E31000004,Buckinghamshire & Milton Keynes Fire and Rescue Authority,Fire and rescue authority,100
E14001369,Milton Keynes Central,E31000004,Buckinghamshire & Milton Keynes Fire and Rescue Authority,Fire and rescue authority,100
E14001370,Milton Keynes North,E31000004,Buckinghamshire & Milton Keynes Fire and Rescue Authority,Fire and rescue authority,100
E14001600,Wycombe,E31000004,Buckinghamshire & Milton Keynes Fire and Rescue Authority,Fire and rescue authority,100
E14001149,Cambridge,E31000005,Cambridgeshire Fire and Rescue Authority,Fire and rescue authority,100
E14001224,Ely and East Cambridgeshire,E31000005,Cambridgeshire Fire and Rescue Authority,Fire and rescue authority,100
E14001298,Huntingdon,E31000005,Cambridgeshire Fire and Rescue Authority,Fire and rescue authority,100
E14001390,North East Cambridgeshire,E31000005,Cambridgeshire Fire and Rescue Authority,Fire and rescue authority,100
E14001401,North West Cambridgeshire,E31000005,Cambridgeshire Fire and Rescue Authority,Fire and rescue authority,100
E14001425,Peterborough,E31000005,Cambridgeshire Fire and Rescue Authority,Fire and rescue authority,100
E14001481,South Cambridgeshire,E31000005,Cambridgeshire Fire and Rescue Authority,Fire and rescue authority,100
E14001512,St Neots and Mid Cambridgeshire,E31000005,Cambridgeshire Fire and Rescue Authority,Fire and rescue authority,100
E14001163,Chester North and Neston,E31000006,Cheshire Fire and Rescue Authority,Fire and rescue authority,100
E14001164,Chester South and Eddisbury,E31000006,Cheshire Fire and Rescue Authority,Fire and rescue authority,100
E14001178,Congleton,E31000006,Cheshire Fire and Rescue Authority,Fire and rescue authority,100
E14001185,Crewe and Nantwich,E31000006,Cheshire Fire and Rescue Authority,Fire and rescue authority,100
E14001222,Ellesmere Port and Bromborough,E31000006,Cheshire Fire and Rescue Authority,Fire and rescue authority,67.9
E14001347,Macclesfield,E31000006,Cheshire Fire and Rescue Authority,Fire and rescue authority,100
E14001361,Mid Cheshire,E31000006,Cheshire Fire and Rescue Authority,Fire and rescue authority,100
E14001455,Runcorn and Helsby,E31000006,Cheshire Fire and Rescue Authority,Fire and rescue authority,100
E14001539,Tatton,E31000006,Cheshire Fire and Rescue Authority,Fire and rescue authority,100
E14001564,Warrington North,E31000006,Cheshire Fire and Rescue Authority,Fire and rescue authority,100
E14001565,Warrington South,E31000006,Cheshire Fire and Rescue Authority,Fire and rescue authority,100
E14001584,Widnes and Halewood,E31000006,Cheshire Fire and Rescue Authority,Fire and rescue authority,69.5
E14001272,Hartlepool,E31000007,Cleveland Fire and Rescue Authority,Fire and rescue authority,100
E14001367,Middlesbrough and Thornaby East,E31000007,Cleveland Fire and Rescue Authority,Fire and rescue authority,100
E14001368,Middlesbrough South and East Cleveland,E31000007,Cleveland Fire and Rescue Authority,Fire and rescue authority,100
E14001440,Redcar,E31000007,Cleveland Fire and Rescue Authority,Fire and rescue authority,100
E14001518,Stockton North,E31000007,Cleveland Fire and Rescue Authority,Fire and rescue authority,100
E14001519,Stockton West,E31000007,Cleveland Fire and Rescue Authority,Fire and rescue authority,88.4
E14001148,Camborne and Redruth,E31000008,Cornwall Fire and Rescue Authority,Fire and rescue authority,100
E14001385,North Cornwall,E31000008,Cornwall Fire and Rescue Authority,Fire and rescue authority,100
E14001486,South East Cornwall,E31000008,Cornwall Fire and Rescue Authority,Fire and rescue authority,100
E14001508,St Austell and Newquay,E31000008,Cornwall Fire and Rescue Authority,Fire and rescue authority,100
E14001511,St Ives,E31000008,Cornwall Fire and Rescue Authority,Fire and rescue authority,97.4
E14001554,Truro and Falmouth,E31000008,Cornwall Fire and Rescue Authority,Fire and rescue authority,100
E14001101,Bishop Auckland,E31000013,County Durham and Darlington Fire and Rescue Authority,Fire and rescue authority,100
E14001106,Blaydon and Consett,E31000013,County Durham and Darlington Fire and Rescue Authority,Fire and rescue authority,50.8
E14001173,City of Durham,E31000013,County Durham and Darlington Fire and Rescue Authority,Fire and rescue authority,100
E14001190,Darlington,E31000013,County Durham and Darlington Fire and Rescue Authority,Fire and rescue authority,100
E14001211,Easington,E31000013,County Durham and Darlington Fire and Rescue Authority,Fire and rescue authority,100
E14001382,Newton Aycliffe and Spennymoor,E31000013,County Durham and Darlington Fire and Rescue Authority,Fire and rescue authority,100
E14001389,North Durham,E31000013,County Durham and Darlington Fire and Rescue Authority,Fire and rescue authority,100
E14001519,Stockton West,E31000013,County Durham and Darlington Fire and Rescue Authority,Fire and rescue authority,11.6
E14001076,Barrow and Furness,E31000009,Cumbria Fire and Rescue Authority,Fire and rescue authority,100
E14001152,Carlisle,E31000009,Cumbria Fire and Rescue Authority,Fire and rescue authority,100
E14001372,Morecambe and Lunesdale,E31000009,Cumbria Fire and Rescue Authority,Fire and rescue authority,18.9
E14001424,Penrith and Solway,E31000009,Cumbria Fire and Rescue Authority,Fire and rescue authority,100
E14001580,Westmorland and Lonsdale,E31000009,Cumbria Fire and Rescue Authority,Fire and rescue authority,100
E14001583,Whitehaven and Workington,E31000009,Cumbria Fire and Rescue Authority,Fire and rescue authority,100
E14001066,Amber Valley,E31000010,Derbyshire Fire and Rescue Authority,Fire and rescue authority,100
E14001109,Bolsover,E31000010,Derbyshire Fire and Rescue Authority,Fire and rescue authority,100
E14001165,Chesterfield,E31000010,Derbyshire Fire and Rescue Authority,Fire and rescue authority,100
E14001193,Derby North,E31000010,Derbyshire Fire and Rescue Authority,Fire and rescue authority,100
E14001194,Derby South,E31000010,Derbyshire Fire and Rescue Authority,Fire and rescue authority,100
E14001195,Derbyshire Dales,E31000010,Derbyshire Fire and Rescue Authority,Fire and rescue authority,100
E14001228,Erewash,E31000010,Derbyshire Fire and Rescue Authority,Fire and rescue authority,100
E14001287,High Peak,E31000010,Derbyshire Fire and Rescue Authority,Fire and rescue authority,100
E14001362,Mid Derbyshire,E31000010,Derbyshire Fire and Rescue Authority,Fire and rescue authority,100
E14001391,North East Derbyshire,E31000010,Derbyshire Fire and Rescue Authority,Fire and rescue authority,100
E14001483,South Derbyshire,E31000010,Derbyshire Fire and Rescue Authority,Fire and rescue authority,100
E14001126,Bridgwater,E31000011,Devon & Somerset Fire and Rescue Authority,Fire and rescue authority,100
E14001155,Central Devon,E31000011,Devon & Somerset Fire and Rescue Authority,Fire and rescue authority,100
E14001231,Exeter,E31000011,Devon & Somerset Fire and Rescue Authority,Fire and rescue authority,100
E14001232,Exmouth and Exeter East,E31000011,Devon & Somerset Fire and Rescue Authority,Fire and rescue authority,100
E14001241,Frome and East Somerset,E31000011,Devon & Somerset Fire and Rescue Authority,Fire and rescue authority,59.7
E14001247,Glastonbury and Somerton,E31000011,Devon & Somerset Fire and Rescue Authority,Fire and rescue authority,100
E14001291,Honiton and Sidmouth,E31000011,Devon & Somerset Fire and Rescue Authority,Fire and rescue authority,100
E14001381,Newton Abbot,E31000011,Devon & Somerset Fire and Rescue Authority,Fire and rescue authority,100
E14001387,North Devon,E31000011,Devon & Somerset Fire and Rescue Authority,Fire and rescue authority,100
E14001426,Plymouth Moor View,E31000011,Devon & Somerset Fire and Rescue Authority,Fire and rescue authority,100
E14001427,Plymouth Sutton and Devonport,E31000011,Devon & Somerset Fire and Rescue Authority,Fire and rescue authority,100
E14001484,South Devon,E31000011,Devon & Somerset Fire and Rescue Authority,Fire and rescue authority,100
E14001495,South West Devon,E31000011,Devon & Somerset Fire and Rescue Authority,Fire and rescue authority,100
E14001540,Taunton and Wellington,E31000011,Devon & Somerset Fire and Rescue Authority,Fire and rescue authority,100
E14001548,Tiverton and Minehead,E31000011,Devon & Somerset Fire and Rescue Authority,Fire and rescue authority,100
E14001551,Torbay,E31000011,Devon & Somerset Fire and Rescue Authority,Fire and rescue authority,100
E14001552,Torridge and Tavistock,E31000011,Devon & Somerset Fire and Rescue Authority,Fire and rescue authority,100
E14001572,Wells and Mendip Hills,E31000011,Devon & Somerset Fire and Rescue Authority,Fire and rescue authority,70.5
E14001603,Yeovil,E31000011,Devon & Somerset Fire and Rescue Authority,Fire and rescue authority,100
E14001115,Bournemouth East,E31000047,Dorset & Wiltshire Fire and Rescue Authority,Fire and rescue authority,100
E14001116,Bournemouth West,E31000047,Dorset & Wiltshire Fire and Rescue Authority,Fire and rescue authority,100
E14001168,Chippenham,E31000047,Dorset & Wiltshire Fire and Rescue Authority,Fire and rescue authority,100
E14001171,Christchurch,E31000047,Dorset & Wiltshire Fire and Rescue Authority,Fire and rescue authority,100
E14001217,East Wiltshire,E31000047,Dorset & Wiltshire Fire and Rescue Authority,Fire and rescue authority,100
E14001356,Melksham and Devizes,E31000047,Dorset & Wiltshire Fire and Rescue Authority,Fire and rescue authority,100
E14001363,Mid Dorset and North Poole,E31000047,Dorset & Wiltshire Fire and Rescue Authority,Fire and rescue authority,100
E14001388,North Dorset,E31000047,Dorset & Wiltshire Fire and Rescue Authority,Fire and rescue authority,100
E14001429,Poole,E31000047,Dorset & Wiltshire Fire and Rescue Authority,Fire and rescue authority,100
E14001460,Salisbury,E31000047,Dorset & Wiltshire Fire and Rescue Authority,Fire and rescue authority,100
E14001482,South Cotswolds,E31000047,Dorset & Wiltshire Fire and Rescue Authority,Fire and rescue authority,45.3
E14001485,South Dorset,E31000047,Dorset & Wiltshire Fire and Rescue Authority,Fire and rescue authority,100
E14001498,South West Wiltshire,E31000047,Dorset & Wiltshire Fire and Rescue Authority,Fire and rescue authority,100
E14001536,Swindon North,E31000047,Dorset & Wiltshire Fire and Rescue Authority,Fire and rescue authority,100
E14001537,Swindon South,E31000047,Dorset & Wiltshire Fire and Rescue Authority,Fire and rescue authority,100
E14001575,West Dorset,E31000047,Dorset & Wiltshire Fire and Rescue Authority,Fire and rescue authority,100
E14001088,Bexhill and Battle,E31000014,East Sussex Fire and Rescue Authority,Fire and rescue authority,100
E14001129,Brighton Kemptown and Peacehaven,E31000014,East Sussex Fire and Rescue Authority,Fire and rescue authority,100
E14001130,Brighton Pavilion,E31000014,East Sussex Fire and Rescue Authority,Fire and rescue authority,100
E14001212,East Grinstead and Uckfield,E31000014,East Sussex Fire and Rescue Authority,Fire and rescue authority,43.2
E14001219,Eastbourne,E31000014,East Sussex Fire and Rescue Authority,Fire and rescue authority,100
E14001274,Hastings and Rye,E31000014,East Sussex Fire and Rescue Authority,Fire and rescue authority,100
E14001296,Hove and Portslade,E31000014,East Sussex Fire and Rescue Authority,Fire and rescue authority,100
E14001330,Lewes,E31000014,East Sussex Fire and Rescue Authority,Fire and rescue authority,100
E14001533,Sussex Weald,E31000014,East Sussex Fire and Rescue Authority,Fire and rescue authority,100
E14001077,Basildon and Billericay,E31000015,Essex Fire and Rescue Authority,Fire and rescue authority,100
E14001121,Braintree,E31000015,Essex Fire and Rescue Authority,Fire and rescue authority,100
E14001125,Brentwood and Ongar,E31000015,Essex Fire and Rescue Authority,Fire and rescue authority,100
E14001154,Castle Point,E31000015,Essex Fire and Rescue Authority,Fire and rescue authority,100
E14001159,Chelmsford,E31000015,Essex Fire and Rescue Authority,Fire and rescue authority,100
E14001174,Clacton,E31000015,Essex Fire and Rescue Authority,Fire and rescue authority,100
E14001176,Colchester,E31000015,Essex Fire and Rescue Authority,Fire and rescue authority,100
E14001226,Epping Forest,E31000015,Essex Fire and Rescue Authority,Fire and rescue authority,100
E14001267,Harlow,E31000015,Essex Fire and Rescue Authority,Fire and rescue authority,100
E14001273,Harwich and North Essex,E31000015,Essex Fire and Rescue Authority,Fire and rescue authority,100
E14001351,Maldon,E31000015,Essex Fire and Rescue Authority,Fire and rescue authority,100
E14001402,North West Essex,E31000015,Essex Fire and Rescue Authority,Fire and rescue authority,100
E14001437,Rayleigh and Wickford,E31000015,Essex Fire and Rescue Authority,Fire and rescue authority,100
E14001480,South Basildon and East Thurrock,E31000015,Essex Fire and Rescue Authority,Fire and rescue authority,100
E14001501,Southend East and Rochford,E31000015,Essex Fire and Rescue Authority,Fire and rescue authority,100
E14001502,Southend West and Leigh,E31000015,Essex Fire and Rescue Authority,Fire and rescue authority,100
E14001546,Thurrock,E31000015,Essex Fire and Rescue Authority,Fire and rescue authority,100
E14001590,Witham,E31000015,Essex Fire and Rescue Authority,Fire and rescue authority,100
E14001161,Cheltenham,E31000016,Gloucestershire Fire and Rescue Authority,Fire and rescue authority,100
E14001240,Forest of Dean,E31000016,Gloucestershire Fire and Rescue Authority,Fire and rescue authority,100
E14001248,Gloucester,E31000016,Gloucestershire Fire and Rescue Authority,Fire and rescue authority,100
E14001386,North Cotswolds,E31000016,Gloucestershire Fire and Rescue Authority,Fire and rescue authority,100
E14001482,South Cotswolds,E31000016,Gloucestershire Fire and Rescue Authority,Fire and rescue authority,54.7
E14001529,Stroud,E31000016,Gloucestershire Fire and Rescue Authority,Fire and rescue authority,100
E14001542,Tewkesbury,E31000016,Gloucestershire Fire and Rescue Authority,Fire and rescue authority,100
E14001065,Altrincham and Sale West,E31000040,Greater Manchester Fire and Rescue Authority,Fire and rescue authority,100
E14001070,Ashton-under-Lyne,E31000040,Greater Manchester Fire and Rescue Authority,Fire and rescue authority,100
E14001103,Blackley and Middleton South,E31000040,Greater Manchester Fire and Rescue Authority,Fire and rescue authority,100
E14001110,Bolton North East,E31000040,Greater Manchester Fire and Rescue Authority,Fire and rescue authority,100
E14001111,Bolton South and Walkden,E31000040,Greater Manchester Fire and Rescue Authority,Fire and rescue authority,100
E14001112,Bolton West,E31000040,Greater Manchester Fire and Rescue Authority,Fire and rescue authority,100
E14001144,Bury North,E31000040,Greater Manchester Fire and Rescue Authority,Fire and rescue authority,100
E14001145,Bury South,E31000040,Greater Manchester Fire and Rescue Authority,Fire and rescue authority,100
E14001158,Cheadle,E31000040,Greater Manchester Fire and Rescue Authority,Fire and rescue authority,100
E14001251,Gorton and Denton,E31000040,Greater Manchester Fire and Rescue Authority,Fire and rescue authority,100
E14001277,Hazel Grove,E31000040,Greater Manchester Fire and Rescue Authority,Fire and rescue authority,100
E14001286,Heywood and Middleton North,E31000040,Greater Manchester Fire and Rescue Authority,Fire and rescue authority,100
E14001329,Leigh and Atherton,E31000040,Greater Manchester Fire and Rescue Authority,Fire and rescue authority,100
E14001350,Makerfield,E31000040,Greater Manchester Fire and Rescue Authority,Fire and rescue authority,100
E14001352,Manchester Central,E31000040,Greater Manchester Fire and Rescue Authority,Fire and rescue authority,100
E14001353,Manchester Rusholme,E31000040,Greater Manchester Fire and Rescue Authority,Fire and rescue authority,100
E14001354,Manchester Withington,E31000040,Greater Manchester Fire and Rescue Authority,Fire and rescue authority,100
E14001415,Oldham East and Saddleworth,E31000040,Greater Manchester Fire and Rescue Authority,Fire and rescue authority,100
E14001416,"Oldham West, Chadderton and Royton",E31000040,Greater Manchester Fire and Rescue Authority,Fire and rescue authority,100
E14001446,Rochdale,E31000040,Greater Manchester Fire and Rescue Authority,Fire and rescue authority,100
E14001459,Salford,E31000040,Greater Manchester Fire and Rescue Authority,Fire and rescue authority,100
E14001515,Stalybridge and Hyde,E31000040,Greater Manchester Fire and Rescue Authority,Fire and rescue authority,100
E14001517,Stockport,E31000040,Greater Manchester Fire and Rescue Authority,Fire and rescue authority,100
E14001528,Stretford and Urmston,E31000040,Greater Manchester Fire and Rescue Authority,Fire and rescue authority,100
E14001585,Wigan,E31000040,Greater Manchester Fire and Rescue Authority,Fire and rescue authority,100
E14001598,Worsley and Eccles,E31000040,Greater Manchester Fire and Rescue Authority,Fire and rescue authority,100
E14001602,Wythenshawe and Sale East,E31000040,Greater Manchester Fire and Rescue Authority,Fire and rescue authority,100
E14001063,Aldershot,E31000048,Hampshire and Isle of Wight Fire and Rescue Authority,Fire and rescue authority,100
E14001078,Basingstoke,E31000048,Hampshire and Isle of Wight Fire and Rescue Authority,Fire and rescue authority,100
E14001214,East Hampshire,E31000048,Hampshire and Isle of Wight Fire and Rescue Authority,Fire and rescue authority,100
E14001220,Eastleigh,E31000048,Hampshire and Isle of Wight Fire and Rescue Authority,Fire and rescue authority,100
E14001233,Fareham and Waterlooville,E31000048,Hampshire and Isle of Wight Fire and Rescue Authority,Fire and rescue authority,100
E14001234,Farnham and Bordon,E31000048,Hampshire and Isle of Wight Fire and Rescue Authority,Fire and rescue authority,36.6
E14001252,Gosport,E31000048,Hampshire and Isle of Wight Fire and Rescue Authority,Fire and rescue authority,100
E14001263,Hamble Valley,E31000048,Hampshire and Isle of Wight Fire and Rescue Authority,Fire and rescue authority,100
E14001275,Havant,E31000048,Hampshire and Isle of Wight Fire and Rescue Authority,Fire and rescue authority,100
E14001303,Isle of Wight East,E31000048,Hampshire and Isle of Wight Fire and Rescue Authority,Fire and rescue authority,100
E14001304,Isle of Wight West,E31000048,Hampshire and Isle of Wight Fire and Rescue Authority,Fire and rescue authority,100
E14001373,New Forest East,E31000048,Hampshire and Isle of Wight Fire and Rescue Authority,Fire and rescue authority,100
E14001374,New Forest West,E31000048,Hampshire and Isle of Wight Fire and Rescue Authority,Fire and rescue authority,100
E14001392,North East Hampshire,E31000048,Hampshire and Isle of Wight Fire and Rescue Authority,Fire and rescue authority,100
E14001403,North West Hampshire,E31000048,Hampshire and Isle of Wight Fire and Rescue Authority,Fire and rescue authority,100
E14001431,Portsmouth North,E31000048,Hampshire and Isle of Wight Fire and Rescue Authority,Fire and rescue authority,100
E14001432,Portsmouth South,E31000048,Hampshire and Isle of Wight Fire and Rescue Authority,Fire and rescue authority,100
E14001449,Romsey and Southampton North,E31000048,Hampshire and Isle of Wight Fire and Rescue Authority,Fire and rescue authority,100
E14001499,Southampton Itchen,E31000048,Hampshire and Isle of Wight Fire and Rescue Authority,Fire and rescue authority,100
E14001500,Southampton Test,E31000048,Hampshire and Isle of Wight Fire and Rescue Authority,Fire and rescue authority,100
E14001587,Winchester,E31000048,Hampshire and Isle of Wight Fire and Rescue Authority,Fire and rescue authority,100
E14001138,Bromsgrove,E31000018,Hereford & Worcester Fire and Rescue Authority,Fire and rescue authority,100
E14001203,Droitwich and Evesham,E31000018,Hereford & Worcester Fire and Rescue Authority,Fire and rescue authority,100
E14001281,Hereford and South Herefordshire,E31000018,Hereford & Worcester Fire and Rescue Authority,Fire and rescue authority,100
E14001395,North Herefordshire,E31000018,Hereford & Worcester Fire and Rescue Authority,Fire and rescue authority,100
E14001441,Redditch,E31000018,Hereford & Worcester Fire and Rescue Authority,Fire and rescue authority,100
E14001579,West Worcestershire,E31000018,Hereford & Worcester Fire and Rescue Authority,Fire and rescue authority,100
E14001597,Worcester,E31000018,Hereford & Worcester Fire and Rescue Authority,Fire and rescue authority,100
E14001601,Wyre Forest,E31000018,Hereford & Worcester Fire and Rescue Authority,Fire and rescue authority,100
E14001139,Broxbourne,E31000019,Hertfordshire Fire and Rescue Authority,Fire and rescue authority,100
E14001268,Harpenden and Berkhamsted,E31000019,Hertfordshire Fire and Rescue Authority,Fire and rescue authority,100
E14001278,Hemel Hempstead,E31000019,Hertfordshire Fire and Rescue Authority,Fire and rescue authority,100
E14001283,Hertford and Stortford,E31000019,Hertfordshire Fire and Rescue Authority,Fire and rescue authority,100
E14001284,Hertsmere,E31000019,Hertfordshire Fire and Rescue Authority,Fire and rescue authority,100
E14001289,Hitchin,E31000019,Hertfordshire Fire and Rescue Authority,Fire and rescue authority,54.9
E14001393,North East Hertfordshire,E31000019,Hertfordshire Fire and Rescue Authority,Fire and rescue authority,100
E14001496,South West Hertfordshire,E31000019,Hertfordshire Fire and Rescue Authority,Fire and rescue authority,100
E14001507,St Albans,E31000019,Hertfordshire Fire and Rescue Authority,Fire and rescue authority,100
E14001516,Stevenage,E31000019,Hertfordshire Fire and Rescue Authority,Fire and rescue authority,100
E14001568,Watford,E31000019,Hertfordshire Fire and Rescue Authority,Fire and rescue authority,100
E14001573,Welwyn Hatfield,E31000019,Hertfordshire Fire and Rescue Authority,Fire and rescue authority,100
E14001087,Beverley and Holderness,E31000020,Humberside Fire and Rescue Authority,Fire and rescue authority,100
E14001127,Bridlington and The Wolds,E31000020,Humberside Fire and Rescue Authority,Fire and rescue authority,100
E14001128,Brigg and Immingham,E31000020,Humberside Fire and Rescue Authority,Fire and rescue authority,100
E14001199,Doncaster East and the Isle of Axholme,E31000020,Humberside Fire and Rescue Authority,Fire and rescue authority,24.4
E14001250,Goole and Pocklington,E31000020,Humberside Fire and Rescue Authority,Fire and rescue authority,100
E14001255,Great Grimsby and Cleethorpes,E31000020,Humberside Fire and Rescue Authority,Fire and rescue authority,100
E14001313,Kingston upon Hull East,E31000020,Humberside Fire and Rescue Authority,Fire and rescue authority,100
E14001314,Kingston upon Hull North and Cottingham,E31000020,Humberside Fire and Rescue Authority,Fire and rescue authority,100
E14001315,Kingston upon Hull West and Haltemprice,E31000020,Humberside Fire and Rescue Authority,Fire and rescue authority,100
E14001462,Scunthorpe,E31000020,Humberside Fire and Rescue Authority,Fire and rescue authority,100
E14001511,St Ives,E31000039,Isles of Scilly Fire and Rescue Authority,Fire and rescue authority,2.6
E14001069,Ashford,E31000022,Kent Fire and Rescue Authority,Fire and rescue authority,100
E14001151,Canterbury,E31000022,Kent Fire and Rescue Authority,Fire and rescue authority,100
E14001157,Chatham and Aylesford,E31000022,Kent Fire and Rescue Authority,Fire and rescue authority,100
E14001191,Dartford,E31000022,Kent Fire and Rescue Authority,Fire and rescue authority,100
E14001202,Dover and Deal,E31000022,Kent Fire and Rescue Authority,Fire and rescue authority,100
E14001216,East Thanet,E31000022,Kent Fire and Rescue Authority,Fire and rescue authority,100
E14001235,Faversham and Mid Kent,E31000022,Kent Fire and Rescue Authority,Fire and rescue authority,100
E14001239,Folkestone and Hythe,E31000022,Kent Fire and Rescue Authority,Fire and rescue authority,100
E14001246,Gillingham and Rainham,E31000022,Kent Fire and Rescue Authority,Fire and rescue authority,100
E14001254,Gravesham,E31000022,Kent Fire and Rescue Authority,Fire and rescue authority,100
E14001282,Herne Bay and Sandwich,E31000022,Kent Fire and Rescue Authority,Fire and rescue authority,100
E14001349,Maidstone and Malling,E31000022,Kent Fire and Rescue Authority,Fire and rescue authority,100
E14001447,Rochester and Strood,E31000022,Kent Fire and Rescue Authority,Fire and rescue authority,100
E14001465,Sevenoaks,E31000022,Kent Fire and Rescue Authority,Fire and rescue authority,100
E14001474,Sittingbourne and Sheppey,E31000022,Kent Fire and Rescue Authority,Fire and rescue authority,100
E14001549,Tonbridge,E31000022,Kent Fire and Rescue Authority,Fire and rescue authority,100
E14001555,Tunbridge Wells,E31000022,Kent Fire and Rescue Authority,Fire and rescue authority,100
E14001570,Weald of Kent,E31000022,Kent Fire and Rescue Authority,Fire and rescue authority,100
E14001102,Blackburn,E31000023,Lancashire Fire and Rescue Authority,Fire and rescue authority,100
E14001104,Blackpool North and Fleetwood,E31000023,Lancashire Fire and Rescue Authority,Fire and rescue authority,100
E14001105,Blackpool South,E31000023,Lancashire Fire and Rescue Authority,Fire and rescue authority,100
E14001142,Burnley,E31000023,Lancashire Fire and Rescue Authority,Fire and rescue authority,100
E14001170,Chorley,E31000023,Lancashire Fire and Rescue Authority,Fire and rescue authority,100
E14001242,Fylde,E31000023,Lancashire Fire and Rescue Authority,Fire and rescue authority,100
E14001299,Hyndburn,E31000023,Lancashire Fire and Rescue Authority,Fire and rescue authority,100
E14001318,Lancaster and Wyre,E31000023,Lancashire Fire and Rescue Authority,Fire and rescue authority,100
E14001372,Morecambe and Lunesdale,E31000023,Lancashire Fire and Rescue Authority,Fire and rescue authority,81.1
E14001422,Pendle and Clitheroe,E31000023,Lancashire Fire and Rescue Authority,Fire and rescue authority,100
E14001433,Preston,E31000023,Lancashire Fire and Rescue Authority,Fire and rescue authority,100
E14001443,Ribble Valley,E31000023,Lancashire Fire and Rescue Authority,Fire and rescue authority,100
E14001450,Rossendale and Darwen,E31000023,Lancashire Fire and Rescue Authority,Fire and rescue authority,100
E14001491,South Ribble,E31000023,Lancashire Fire and Rescue Authority,Fire and rescue authority,100
E14001504,Southport,E31000023,Lancashire Fire and Rescue Authority,Fire and rescue authority,17.7
E14001577,West Lancashire,E31000023,Lancashire Fire and Rescue Authority,Fire and rescue authority,100
E14001266,"Harborough, Oadby and Wigston",E31000024,Leicestershire Fire and Rescue Authority,Fire and rescue authority,100
E14001288,Hinckley and Bosworth,E31000024,Leicestershire Fire and Rescue Authority,Fire and rescue authority,100
E14001326,Leicester East,E31000024,Leicestershire Fire and Rescue Authority,Fire and rescue authority,100
E14001327,Leicester South,E31000024,Leicestershire Fire and Rescue Authority,Fire and rescue authority,100
E14001328,Leicester West,E31000024,Leicestershire Fire and Rescue Authority,Fire and rescue authority,100
E14001342,Loughborough,E31000024,Leicestershire Fire and Rescue Authority,Fire and rescue authority,100
E14001357,Melton and Syston,E31000024,Leicestershire Fire and Rescue Authority,Fire and rescue authority,100
E14001364,Mid Leicestershire,E31000024,Leicestershire Fire and Rescue Authority,Fire and rescue authority,100
E14001404,North West Leicestershire,E31000024,Leicestershire Fire and Rescue Authority,Fire and rescue authority,100
E14001458,Rutland and Stamford,E31000024,Leicestershire Fire and Rescue Authority,Fire and rescue authority,59.6
E14001488,South Leicestershire,E31000024,Leicestershire Fire and Rescue Authority,Fire and rescue authority,100
E14001114,Boston and Skegness,E31000025,Lincolnshire Fire and Rescue Authority,Fire and rescue authority,100
E14001243,Gainsborough,E31000025,Lincolnshire Fire and Rescue Authority,Fire and rescue authority,100
E14001253,Grantham and Bourne,E31000025,Lincolnshire Fire and Rescue Authority,Fire and rescue authority,100
E14001336,Lincoln,E31000025,Lincolnshire Fire and Rescue Authority,Fire and rescue authority,100
E14001343,Louth and Horncastle,E31000025,Lincolnshire Fire and Rescue Authority,Fire and rescue authority,100
E14001458,Rutland and Stamford,E31000025,Lincolnshire Fire and Rescue Authority,Fire and rescue authority,40.4
E14001476,Sleaford and North Hykeham,E31000025,Lincolnshire Fire and Rescue Authority,Fire and rescue authority,100
E14001487,South Holland and The Deepings,E31000025,Lincolnshire Fire and Rescue Authority,Fire and rescue authority,100
E14001073,Barking,E31000046,London Fire Commissioner,Fire and rescue authority,100
E14001081,Battersea,E31000046,London Fire Commissioner,Fire and rescue authority,100
E14001083,Beckenham and Penge,E31000046,London Fire Commissioner,Fire and rescue authority,100
E14001085,Bermondsey and Old Southwark,E31000046,London Fire Commissioner,Fire and rescue authority,100
E14001086,Bethnal Green and Stepney,E31000046,London Fire Commissioner,Fire and rescue authority,100
E14001089,Bexleyheath and Crayford,E31000046,London Fire Commissioner,Fire and rescue authority,100
E14001122,Brent East,E31000046,London Fire Commissioner,Fire and rescue authority,100
E14001123,Brent West,E31000046,London Fire Commissioner,Fire and rescue authority,100
E14001124,Brentford and Isleworth,E31000046,London Fire Commissioner,Fire and rescue authority,100
E14001137,Bromley and Biggin Hill,E31000046,London Fire Commissioner,Fire and rescue authority,100
E14001153,Carshalton and Wallington,E31000046,London Fire Commissioner,Fire and rescue authority,100
E14001160,Chelsea and Fulham,E31000046,London Fire Commissioner,Fire and rescue authority,100
E14001167,Chingford and Woodford Green,E31000046,London Fire Commissioner,Fire and rescue authority,100
E14001169,Chipping Barnet,E31000046,London Fire Commissioner,Fire and rescue authority,100
E14001172,Cities of London and Westminster,E31000046,London Fire Commissioner,Fire and rescue authority,100
E14001175,Clapham and Brixton Hill,E31000046,London Fire Commissioner,Fire and rescue authority,100
E14001186,Croydon East,E31000046,London Fire Commissioner,Fire and rescue authority,100
E14001187,Croydon South,E31000046,London Fire Commissioner,Fire and rescue authority,100
E14001188,Croydon West,E31000046,London Fire Commissioner,Fire and rescue authority,100
E14001189,Dagenham and Rainham,E31000046,London Fire Commissioner,Fire and rescue authority,100
E14001205,Dulwich and West Norwood,E31000046,London Fire Commissioner,Fire and rescue authority,100
E14001207,Ealing Central and Acton,E31000046,London Fire Commissioner,Fire and rescue authority,100
E14001208,Ealing North,E31000046,London Fire Commissioner,Fire and rescue authority,100
E14001209,Ealing Southall,E31000046,London Fire Commissioner,Fire and rescue authority,100
E14001213,East Ham,E31000046,London Fire Commissioner,Fire and rescue authority,100
E14001221,Edmonton and Winchmore Hill,E31000046,London Fire Commissioner,Fire and rescue authority,100
E14001223,Eltham and Chislehurst,E31000046,London Fire Commissioner,Fire and rescue authority,100
E14001225,Enfield North,E31000046,London Fire Commissioner,Fire and rescue authority,100
E14001229,Erith and Thamesmead,E31000046,London Fire Commissioner,Fire and rescue authority,100
E14001236,Feltham and Heston,E31000046,London Fire Commissioner,Fire and rescue authority,100
E14001238,Finchley and Golders Green,E31000046,London Fire Commissioner,Fire and rescue authority,100
E14001257,Greenwich and Woolwich,E31000046,London Fire Commissioner,Fire and rescue authority,100
E14001259,Hackney North and Stoke Newington,E31000046,London Fire Commissioner,Fire and rescue authority,100
E14001260,Hackney South and Shoreditch,E31000046,London Fire Commissioner,Fire and rescue authority,100
E14001264,Hammersmith and Chiswick,E31000046,London Fire Commissioner,Fire and rescue authority,100
E14001265,Hampstead and Highgate,E31000046,London Fire Commissioner,Fire and rescue authority,100
E14001270,Harrow East,E31000046,London Fire Commissioner,Fire and rescue authority,100
E14001271,Harrow West,E31000046,London Fire Commissioner,Fire and rescue authority,100
E14001276,Hayes and Harlington,E31000046,London Fire Commissioner,Fire and rescue authority,100
E14001279,Hendon,E31000046,London Fire Commissioner,Fire and rescue authority,100
E14001290,Holborn and St Pancras,E31000046,London Fire Commissioner,Fire and rescue authority,100
E14001292,Hornchurch and Upminster,E31000046,London Fire Commissioner,Fire and rescue authority,100
E14001293,Hornsey and Friern Barnet,E31000046,London Fire Commissioner,Fire and rescue authority,100
E14001300,Ilford North,E31000046,London Fire Commissioner,Fire and rescue authority,100
E14001301,Ilford South,E31000046,London Fire Commissioner,Fire and rescue authority,100
E14001305,Islington North,E31000046,London Fire Commissioner,Fire and rescue authority,100
E14001306,Islington South and Finsbury,E31000046,London Fire Commissioner,Fire and rescue authority,100
E14001310,Kensington and Bayswater,E31000046,London Fire Commissioner,Fire and rescue authority,100
E14001312,Kingston and Surbiton,E31000046,London Fire Commissioner,Fire and rescue authority,100
E14001331,Lewisham East,E31000046,London Fire Commissioner,Fire and rescue authority,100
E14001332,Lewisham North,E31000046,London Fire Commissioner,Fire and rescue authority,100
E14001333,Lewisham West and East Dulwich,E31000046,London Fire Commissioner,Fire and rescue authority,100
E14001334,Leyton and Wanstead,E31000046,London Fire Commissioner,Fire and rescue authority,100
E14001371,Mitcham and Morden,E31000046,London Fire Commissioner,Fire and rescue authority,100
E14001414,Old Bexley and Sidcup,E31000046,London Fire Commissioner,Fire and rescue authority,100
E14001417,Orpington,E31000046,London Fire Commissioner,Fire and rescue authority,100
E14001421,Peckham,E31000046,London Fire Commissioner,Fire and rescue authority,100
E14001430,Poplar and Limehouse,E31000046,London Fire Commissioner,Fire and rescue authority,100
E14001434,Putney,E31000046,London Fire Commissioner,Fire and rescue authority,100
E14001435,Queen's Park and Maida Vale,E31000046,London Fire Commissioner,Fire and rescue authority,100
E14001445,Richmond Park,E31000046,London Fire Commissioner,Fire and rescue authority,100
E14001448,Romford,E31000046,London Fire Commissioner,Fire and rescue authority,100
E14001454,"Ruislip, Northwood and Pinner",E31000046,London Fire Commissioner,Fire and rescue authority,100
E14001503,Southgate and Wood Green,E31000046,London Fire Commissioner,Fire and rescue authority,100
E14001525,Stratford and Bow,E31000046,London Fire Commissioner,Fire and rescue authority,100
E14001527,Streatham and Croydon North,E31000046,London Fire Commissioner,Fire and rescue authority,100
E14001534,Sutton and Cheam,E31000046,London Fire Commissioner,Fire and rescue authority,100
E14001550,Tooting,E31000046,London Fire Commissioner,Fire and rescue authority,100
E14001553,Tottenham,E31000046,London Fire Commissioner,Fire and rescue authority,100
E14001556,Twickenham,E31000046,London Fire Commissioner,Fire and rescue authority,100
E14001558,Uxbridge and South Ruislip,E31000046,London Fire Commissioner,Fire and rescue authority,100
E14001559,Vauxhall and Camberwell Green,E31000046,London Fire Commissioner,Fire and rescue authority,100
E14001563,Walthamstow,E31000046,London Fire Commissioner,Fire and rescue authority,100
E14001576,West Ham and Beckton,E31000046,London Fire Commissioner,Fire and rescue authority,100
E14001586,Wimbledon,E31000046,London Fire Commissioner,Fire and rescue authority,100
E14001091,Birkenhead,E31000041,Merseyside Fire and Rescue Authority,Fire and rescue authority,100
E14001113,Bootle,E31000041,Merseyside Fire and Rescue Authority,Fire and rescue authority,100
E14001222,Ellesmere Port and Bromborough,E31000041,Merseyside Fire and Rescue Authority,Fire and rescue authority,32.1
E14001317,Knowsley,E31000041,Merseyside Fire and Rescue Authority,Fire and rescue authority,100
E14001337,Liverpool Garston,E31000041,Merseyside Fire and Rescue Authority,Fire and rescue authority,100
E14001338,Liverpool Riverside,E31000041,Merseyside Fire and Rescue Authority,Fire and rescue authority,100
E14001339,Liverpool Walton,E31000041,Merseyside Fire and Rescue Authority,Fire and rescue authority,100
E14001340,Liverpool Wavertree,E31000041,Merseyside Fire and Rescue Authority,Fire and rescue authority,100
E14001341,Liverpool West Derby,E31000041,Merseyside Fire and Rescue Authority,Fire and rescue authority,100
E14001463,Sefton Central,E31000041,Merseyside Fire and Rescue Authority,Fire and rescue authority,100
E14001504,Southport,E31000041,Merseyside Fire and Rescue Authority,Fire and rescue authority,82.3
E14001509,St Helens North,E31000041,Merseyside Fire and Rescue Authority,Fire and rescue authority,100
E14001510,St Helens South and Whiston,E31000041,Merseyside Fire and Rescue Authority,Fire and rescue authority,100
E14001561,Wallasey,E31000041,Merseyside Fire and Rescue Authority,Fire and rescue authority,100
E14001584,Widnes and Halewood,E31000041,Merseyside Fire and Rescue Authority,Fire and rescue authority,30.5
E14001589,Wirral West,E31000041,Merseyside Fire and Rescue Authority,Fire and rescue authority,100
W07000081,Aberafan Maesteg,W25000002,Mid and West Wales Fire and Rescue Authority,Fire and rescue authority,62.4
W07000085,"Brecon, Radnor and Cwm Tawe",W25000002,Mid and West Wales Fire and Rescue Authority,Fire and rescue authority,100
W07000087,Caerfyrddin,W25000002,Mid and West Wales Fire and Rescue Authority,Fire and rescue authority,100
W07000093,Ceredigion Preseli,W25000002,Mid and West Wales Fire and Rescue Authority,Fire and rescue authority,100
W07000097,Gower,W25000002,Mid and West Wales Fire and Rescue Authority,Fire and rescue authority,100
W07000098,Llanelli,W25000002,Mid and West Wales Fire and Rescue Authority,Fire and rescue authority,100
W07000100,Mid and South Pembrokeshire,W25000002,Mid and West Wales Fire and Rescue Authority,Fire and rescue authority,100
W07000102,Montgomeryshire and Glyndwr,W25000002,Mid and West Wales Fire and Rescue Authority,Fire and rescue authority,65.5
W07000103,Neath and Swansea East,W25000002,Mid and West Wales Fire and Rescue Authority,Fire and rescue authority,100
W07000108,Swansea West,W25000002,Mid and West Wales Fire and Rescue Authority,Fire and rescue authority,100
E14001136,Broadland and Fakenham,E31000026,Norfolk Fire and Rescue Authority,Fire and rescue authority,100
E14001256,Great Yarmouth,E31000026,Norfolk Fire and Rescue Authority,Fire and rescue authority,100
E14001365,Mid Norfolk,E31000026,Norfolk Fire and Rescue Authority,Fire and rescue authority,100
E14001396,North Norfolk,E31000026,Norfolk Fire and Rescue Authority,Fire and rescue authority,100
E14001405,North West Norfolk,E31000026,Norfolk Fire and Rescue Authority,Fire and rescue authority,100
E14001408,Norwich North,E31000026,Norfolk Fire and Rescue Authority,Fire and rescue authority,100
E14001409,Norwich South,E31000026,Norfolk Fire and Rescue Authority,Fire and rescue authority,100
E14001489,South Norfolk,E31000026,Norfolk Fire and Rescue Authority,Fire and rescue authority,100
E14001497,South West Norfolk,E31000026,Norfolk Fire and Rescue Authority,Fire and rescue authority,100
E14001569,Waveney Valley,E31000026,Norfolk Fire and Rescue Authority,Fire and rescue authority,41.1
W07000082,Alyn and Deeside,W25000001,North Wales Fire and Rescue Authority,Fire and rescue authority,100
W07000083,Bangor Aberconwy,W25000001,North Wales Fire and Rescue Authority,Fire and rescue authority,100
W07000094,Clwyd East,W25000001,North Wales Fire and Rescue Authority,Fire and rescue authority,100
W07000095,Clwyd North,W25000001,North Wales Fire and Rescue Authority,Fire and rescue authority,100
W07000096,Dwyfor Meirionnydd,W25000001,North Wales Fire and Rescue Authority,Fire and rescue authority,100
W07000102,Montgomeryshire and Glyndwr,W25000001,North Wales Fire and Rescue Authority,Fire and rescue authority,34.5
W07000111,Wrexham,W25000001,North Wales Fire and Rescue Authority,Fire and rescue authority,100
W07000112,Ynys Môn,W25000001,North Wales Fire and Rescue Authority,Fire and rescue authority,100
E14001269,Harrogate and Knaresborough,E31000027,North Yorkshire Fire and Rescue Authority,Fire and rescue authority,100
E14001444,Richmond and Northallerton,E31000027,North Yorkshire Fire and Rescue Authority,Fire and rescue authority,100
E14001461,Scarborough and Whitby,E31000027,North Yorkshire Fire and Rescue Authority,Fire and rescue authority,100
E14001464,Selby,E31000027,North Yorkshire Fire and Rescue Authority,Fire and rescue authority,77.6
E14001475,Skipton and Ripon,E31000027,North Yorkshire Fire and Rescue Authority,Fire and rescue authority,100
E14001544,Thirsk and Malton,E31000027,North Yorkshire Fire and Rescue Authority,Fire and rescue authority,100
E14001582,Wetherby and Easingwold,E31000027,North Yorkshire Fire and Rescue Authority,Fire and rescue authority,56.4
E14001604,York Central,E31000027,North Yorkshire Fire and Rescue Authority,Fire and rescue authority,100
E14001605,York Outer,E31000027,North Yorkshire Fire and Rescue Authority,Fire and rescue authority,100
E14001179,Corby and East Northamptonshire,E31000028,Northamptonshire Fire and Rescue Authority,Fire and rescue authority,100
E14001192,Daventry,E31000028,Northamptonshire Fire and Rescue Authority,Fire and rescue authority,100
E14001311,Kettering,E31000028,Northamptonshire Fire and Rescue Authority,Fire and rescue authority,100
E14001406,Northampton North,E31000028,Northamptonshire Fire and Rescue Authority,Fire and rescue authority,100
E14001407,Northampton South,E31000028,Northamptonshire Fire and Rescue Authority,Fire and rescue authority,100
E14001490,South Northamptonshire,E31000028,Northamptonshire Fire and Rescue Authority,Fire and rescue authority,100
E14001571,Wellingborough and Rushden,E31000028,Northamptonshire Fire and Rescue Authority,Fire and rescue authority,100
E14001107,Blyth and Ashington,E31000029,Northumberland Fire and Rescue Authority,Fire and rescue authority,100
E14001183,Cramlington and Killingworth,E31000029,Northumberland Fire and Rescue Authority,Fire and rescue authority,47.1
E14001285,Hexham,E31000029,Northumberland Fire and Rescue Authority,Fire and rescue authority,88.2
E14001397,North Northumberland,E31000029,Northumberland Fire and Rescue Authority,Fire and rescue authority,100
E14001068,Ashfield,E31000030,Nottinghamshire and City of Nottingham Fire and Rescue Authority,Fire and rescue authority,100
E14001079,Bassetlaw,E31000030,Nottinghamshire and City of Nottingham Fire and Rescue Authority,Fire and rescue authority,100
E14001140,Broxtowe,E31000030,Nottinghamshire and City of Nottingham Fire and Rescue Authority,Fire and rescue authority,100
E14001245,Gedling,E31000030,Nottinghamshire and City of Nottingham Fire and Rescue Authority,Fire and rescue authority,100
E14001355,Mansfield,E31000030,Nottinghamshire and City of Nottingham Fire and Rescue Authority,Fire and rescue authority,100
E14001375,Newark,E31000030,Nottinghamshire and City of Nottingham Fire and Rescue Authority,Fire and rescue authority,100
E14001410,Nottingham East,E31000030,Nottinghamshire and City of Nottingham Fire and Rescue Authority,Fire and rescue authority,100
E14001411,Nottingham North and Kimberley,E31000030,Nottinghamshire and City of Nottingham Fire and Rescue Authority,Fire and rescue authority,100
E14001412,Nottingham South,E31000030,Nottinghamshire and City of Nottingham Fire and Rescue Authority,Fire and rescue authority,100
E14001457,Rushcliffe,E31000030,Nottinghamshire and City of Nottingham Fire and Rescue Authority,Fire and rescue authority,100
E14001471,Sherwood Forest,E31000030,Nottinghamshire and City of Nottingham Fire and Rescue Authority,Fire and rescue authority,100
E14001072,Banbury,E31000031,Oxfordshire Fire and Rescue Authority,Fire and rescue authority,100
E14001090,Bicester and Woodstock,E31000031,Oxfordshire Fire and Rescue Authority,Fire and rescue authority,100
E14001197,Didcot and Wantage,E31000031,Oxfordshire Fire and Rescue Authority,Fire and rescue authority,100
E14001280,Henley and Thame,E31000031,Oxfordshire Fire and Rescue Authority,Fire and rescue authority,100
E14001419,Oxford East,E31000031,Oxfordshire Fire and Rescue Authority,Fire and rescue authority,100
E14001420,Oxford West and Abingdon,E31000031,Oxfordshire Fire and Rescue Authority,Fire and rescue authority,100
E14001591,Witney,E31000031,Oxfordshire Fire and Rescue Authority,Fire and rescue authority,100
E14001117,Bracknell,E31000003,Royal Berkshire Fire and Rescue Authority,Fire and rescue authority,100
E14001210,Earley and Woodley,E31000003,Royal Berkshire Fire and Rescue Authority,Fire and rescue authority,100
E14001348,Maidenhead,E31000003,Royal Berkshire Fire and Rescue Authority,Fire and rescue authority,100
E14001376,Newbury,E31000003,Royal Berkshire Fire and Rescue Authority,Fire and rescue authority,100
E14001438,Reading Central,E31000003,Royal Berkshire Fire and Rescue Authority,Fire and rescue authority,100
E14001439,Reading West and Mid Berkshire,E31000003,Royal Berkshire Fire and Rescue Authority,Fire and rescue authority,100
E14001477,Slough,E31000003,Royal Berkshire Fire and Rescue Authority,Fire and rescue authority,100
E14001588,Windsor,E31000003,Royal Berkshire Fire and Rescue Authority,Fire and rescue authority,83.9
E14001593,Wokingham,E31000003,Royal Berkshire Fire and Rescue Authority,Fire and rescue authority,100
E14001398,North Shropshire,E31000032,Shropshire Fire and Rescue Authority,Fire and rescue authority,100
E14001473,Shrewsbury,E31000032,Shropshire Fire and Rescue Authority,Fire and rescue authority,100
E14001493,South Shropshire,E31000032,Shropshire Fire and Rescue Authority,Fire and rescue authority,100
E14001541,Telford,E31000032,Shropshire Fire and Rescue Authority,Fire and rescue authority,100
E14001543,The Wrekin,E31000032,Shropshire Fire and Rescue Authority,Fire and rescue authority,100
W07000081,Aberafan Maesteg,W25000003,South Wales Fire and Rescue Authority,Fire and rescue authority,37.6
W07000084,Blaenau Gwent and Rhymney,W25000003,South Wales Fire and Rescue Authority,Fire and rescue authority,100
W07000086,Bridgend,W25000003,South Wales Fire and Rescue Authority,Fire and rescue authority,100
W07000088,Caerphilly,W25000003,South Wales Fire and Rescue Authority,Fire and rescue authority,100
W07000089,Cardiff East,W25000003,South Wales Fire and Rescue Authority,Fire and rescue authority,100
W07000090,Cardiff North,W25000003,South Wales Fire and Rescue Authority,Fire and rescue authority,100
W07000091,Cardiff South and Penarth,W25000003,South Wales Fire and Rescue Authority,Fire and rescue authority,100
W07000092,Cardiff West,W25000003,South Wales Fire and Rescue Authority,Fire and rescue authority,100
W07000099,Merthyr Tydfil and Aberdare,W25000003,South Wales Fire and Rescue Authority,Fire and rescue authority,100
W07000101,Monmouthshire,W25000003,South Wales Fire and Rescue Authority,Fire and rescue authority,100
W07000104,Newport East,W25000003,South Wales Fire and Rescue Authority,Fire and rescue authority,100
W07000105,Newport West and Islwyn,W25000003,South Wales Fire and Rescue Authority,Fire and rescue authority,100
W07000106,Pontypridd,W25000003,South Wales Fire and Rescue Authority,Fire and rescue authority,100
W07000107,Rhondda and Ogmore,W25000003,South Wales Fire and Rescue Authority,Fire and rescue authority,100
W07000109,Torfaen,W25000003,South Wales Fire and Rescue Authority,Fire and rescue authority,100
W07000110,Vale of Glamorgan,W25000003,South Wales Fire and Rescue Authority,Fire and rescue authority,100
E14001074,Barnsley North,E31000042,South Yorkshire Fire and Rescue Authority,Fire and rescue authority,100
E14001075,Barnsley South,E31000042,South Yorkshire Fire and Rescue Authority,Fire and rescue authority,100
E14001198,Doncaster Central,E31000042,South Yorkshire Fire and Rescue Authority,Fire and rescue authority,100
E14001199,Doncaster East and the Isle of Axholme,E31000042,South Yorkshire Fire and Rescue Authority,Fire and rescue authority,75.6
E14001200,Doncaster North,E31000042,South Yorkshire Fire and Rescue Authority,Fire and rescue authority,100
E14001423,Penistone and Stocksbridge,E31000042,South Yorkshire Fire and Rescue Authority,Fire and rescue authority,100
E14001436,Rawmarsh and Conisbrough,E31000042,South Yorkshire Fire and Rescue Authority,Fire and rescue authority,100
E14001451,Rother Valley,E31000042,South Yorkshire Fire and Rescue Authority,Fire and rescue authority,100
E14001452,Rotherham,E31000042,South Yorkshire Fire and Rescue Authority,Fire and rescue authority,100
E14001466,Sheffield Brightside and Hillsborough,E31000042,South Yorkshire Fire and Rescue Authority,Fire and rescue authority,100
E14001467,Sheffield Central,E31000042,South Yorkshire Fire and Rescue Authority,Fire and rescue authority,100
E14001468,Sheffield Hallam,E31000042,South Yorkshire Fire and Rescue Authority,Fire and rescue authority,100
E14001469,Sheffield Heeley,E31000042,South Yorkshire Fire and Rescue Authority,Fire and rescue authority,100
E14001470,Sheffield South East,E31000042,South Yorkshire Fire and Rescue Authority,Fire and rescue authority,100
E14001143,Burton and Uttoxeter,E31000033,Stoke-on-Trent and Staffordshire Fire and Rescue Authority,Fire and rescue authority,100
E14001150,Cannock Chase,E31000033,Stoke-on-Trent and Staffordshire Fire and Rescue Authority,Fire and rescue authority,100
E14001316,Kingswinford and South Staffordshire,E31000033,Stoke-on-Trent and Staffordshire Fire and Rescue Authority,Fire and rescue authority,58.6
E14001335,Lichfield,E31000033,Stoke-on-Trent and Staffordshire Fire and Rescue Authority,Fire and rescue authority,100
E14001380,Newcastle-under-Lyme,E31000033,Stoke-on-Trent and Staffordshire Fire and Rescue Authority,Fire and rescue authority,100
E14001513,Stafford,E31000033,Stoke-on-Trent and Staffordshire Fire and Rescue Authority,Fire and rescue authority,100
E14001514,Staffordshire Moorlands,E31000033,Stoke-on-Trent and Staffordshire Fire and Rescue Authority,Fire and rescue authority,100
E14001520,Stoke-on-Trent Central,E31000033,Stoke-on-Trent and Staffordshire Fire and Rescue Authority,Fire and rescue authority,100
E14001521,Stoke-on-Trent North,E31000033,Stoke-on-Trent and Staffordshire Fire and Rescue Authority,Fire and rescue authority,100
E14001522,Stoke-on-Trent South,E31000033,Stoke-on-Trent and Staffordshire Fire and Rescue Authority,Fire and rescue authority,100
E14001523,"Stone, Great Wyrley and Penkridge",E31000033,Stoke-on-Trent and Staffordshire Fire and Rescue Authority,Fire and rescue authority,100
E14001538,Tamworth,E31000033,Stoke-on-Trent and Staffordshire Fire and Rescue Authority,Fire and rescue authority,100
E14001146,Bury St Edmunds and Stowmarket,E31000034,Suffolk Fire and Rescue Authority,Fire and rescue authority,100
E14001156,Central Suffolk and North Ipswich,E31000034,Suffolk Fire and Rescue Authority,Fire and rescue authority,100
E14001302,Ipswich,E31000034,Suffolk Fire and Rescue Authority,Fire and rescue authority,100
E14001344,Lowestoft,E31000034,Suffolk Fire and Rescue Authority,Fire and rescue authority,100
E14001494,South Suffolk,E31000034,Suffolk Fire and Rescue Authority,Fire and rescue authority,100
E14001530,Suffolk Coastal,E31000034,Suffolk Fire and Rescue Authority,Fire and rescue authority,100
E14001569,Waveney Valley,E31000034,Suffolk Fire and Rescue Authority,Fire and rescue authority,58.9
E14001578,West Suffolk,E31000034,Suffolk Fire and Rescue Authority,Fire and rescue authority,100
E14001201,Dorking and Horley,E31000035,Surrey Fire and Rescue Authority,Fire and rescue authority,100
E14001215,East Surrey,E31000035,Surrey Fire and Rescue Authority,Fire and rescue authority,100
E14001227,Epsom and Ewell,E31000035,Surrey Fire and Rescue Authority,Fire and rescue authority,100
E14001230,Esher and Walton,E31000035,Surrey Fire and Rescue Authority,Fire and rescue authority,100
E14001234,Farnham and Bordon,E31000035,Surrey Fire and Rescue Authority,Fire and rescue authority,63.4
E14001249,Godalming and Ash,E31000035,Surrey Fire and Rescue Authority,Fire and rescue authority,100
E14001258,Guildford,E31000035,Surrey Fire and Rescue Authority,Fire and rescue authority,100
E14001442,Reigate,E31000035,Surrey Fire and Rescue Authority,Fire and rescue authority,100
E14001456,Runnymede and Weybridge,E31000035,Surrey Fire and Rescue Authority,Fire and rescue authority,100
E14001505,Spelthorne,E31000035,Surrey Fire and Rescue Authority,Fire and rescue authority,100
E14001532,Surrey Heath,E31000035,Surrey Fire and Rescue Authority,Fire and rescue authority,100
E14001588,Windsor,E31000035,Surrey Fire and Rescue Authority,Fire and rescue authority,16.1
E14001592,Woking,E31000035,Surrey Fire and Rescue Authority,Fire and rescue authority,100
E14001106,Blaydon and Consett,E31000043,Tyne and Wear Fire and Rescue Authority,Fire and rescue authority,49.2
E14001183,Cramlington and Killingworth,E31000043,Tyne and Wear Fire and Rescue Authority,Fire and rescue authority,52.9
E14001244,Gateshead Central and Whickham,E31000043,Tyne and Wear Fire and Rescue Authority,Fire and rescue authority,100
E14001285,Hexham,E31000043,Tyne and Wear Fire and Rescue Authority,Fire and rescue authority,11.8
E14001295,Houghton and Sunderland South,E31000043,Tyne and Wear Fire and Rescue Authority,Fire and rescue authority,100
E14001307,Jarrow and Gateshead East,E31000043,Tyne and Wear Fire and Rescue Authority,Fire and rescue authority,100
E14001377,Newcastle upon Tyne Central and West,E31000043,Tyne and Wear Fire and Rescue Authority,Fire and rescue authority,100
E14001378,Newcastle upon Tyne East and Wallsend,E31000043,Tyne and Wear Fire and Rescue Authority,Fire and rescue authority,100
E14001379,Newcastle upon Tyne North,E31000043,Tyne and Wear Fire and Rescue Authority,Fire and rescue authority,100
E14001492,South Shields,E31000043,Tyne and Wear Fire and Rescue Authority,Fire and rescue authority,100
E14001531,Sunderland Central,E31000043,Tyne and Wear Fire and Rescue Authority,Fire and rescue authority,100
E14001557,Tynemouth,E31000043,Tyne and Wear Fire and Rescue Authority,Fire and rescue authority,100
E14001567,Washington and Gateshead South,E31000043,Tyne and Wear Fire and Rescue Authority,Fire and rescue authority,100
E14001309,Kenilworth and Southam,E31000036,Warwickshire Fire and Rescue Authority,Fire and rescue authority,100
E14001400,North Warwickshire and Bedworth,E31000036,Warwickshire Fire and Rescue Authority,Fire and rescue authority,100
E14001413,Nuneaton,E31000036,Warwickshire Fire and Rescue Authority,Fire and rescue authority,100
E14001453,Rugby,E31000036,Warwickshire Fire and Rescue Authority,Fire and rescue authority,100
E14001526,Stratford-on-Avon,E31000036,Warwickshire Fire and Rescue Authority,Fire and rescue authority,100
E14001566,Warwick and Leamington,E31000036,Warwickshire Fire and Rescue Authority,Fire and rescue authority,100
E14001064,Aldridge-Brownhills,E31000044,West Midlands Fire and Rescue Authority,Fire and rescue authority,100
E14001092,Birmingham Edgbaston,E31000044,West Midlands Fire and Rescue Authority,Fire and rescue authority,100
E14001093,Birmingham Erdington,E31000044,West Midlands Fire and Rescue Authority,Fire and rescue authority,100
E14001094,Birmingham Hall Green and Moseley,E31000044,West Midlands Fire and Rescue Authority,Fire and rescue authority,100
E14001095,Birmingham Hodge Hill and Solihull North,E31000044,West Midlands Fire and Rescue Authority,Fire and rescue authority,100
E14001096,Birmingham Ladywood,E31000044,West Midlands Fire and Rescue Authority,Fire and rescue authority,100
E14001097,Birmingham Northfield,E31000044,West Midlands Fire and Rescue Authority,Fire and rescue authority,100
E14001098,Birmingham Perry Barr,E31000044,West Midlands Fire and Rescue Authority,Fire and rescue authority,100
E14001099,Birmingham Selly Oak,E31000044,West Midlands Fire and Rescue Authority,Fire and rescue authority,100
E14001100,Birmingham Yardley,E31000044,West Midlands Fire and Rescue Authority,Fire and rescue authority,100
E14001180,Coventry East,E31000044,West Midlands Fire and Rescue Authority,Fire and rescue authority,100
E14001181,Coventry North West,E31000044,West Midlands Fire and Rescue Authority,Fire and rescue authority,100
E14001182,Coventry South,E31000044,West Midlands Fire and Rescue Authority,Fire and rescue authority,100
E14001204,Dudley,E31000044,West Midlands Fire and Rescue Authority,Fire and rescue authority,100
E14001261,Halesowen,E31000044,West Midlands Fire and Rescue Authority,Fire and rescue authority,100
E14001316,Kingswinford and South Staffordshire,E31000044,West Midlands Fire and Rescue Authority,Fire and rescue authority,41.4
E14001358,Meriden and Solihull East,E31000044,West Midlands Fire and Rescue Authority,Fire and rescue authority,100
E14001478,Smethwick,E31000044,West Midlands Fire and Rescue Authority,Fire and rescue authority,100
E14001479,Solihull West and Shirley,E31000044,West Midlands Fire and Rescue Authority,Fire and rescue authority,100
E14001524,Stourbridge,E31000044,West Midlands Fire and Rescue Authority,Fire and rescue authority,100
E14001535,Sutton Coldfield,E31000044,West Midlands Fire and Rescue Authority,Fire and rescue authority,100
E14001547,Tipton and Wednesbury,E31000044,West Midlands Fire and Rescue Authority,Fire and rescue authority,100
E14001562,Walsall and Bloxwich,E31000044,West Midlands Fire and Rescue Authority,Fire and rescue authority,100
E14001574,West Bromwich,E31000044,West Midlands Fire and Rescue Authority,Fire and rescue authority,100
E14001594,Wolverhampton North East,E31000044,West Midlands Fire and Rescue Authority,Fire and rescue authority,100
E14001595,Wolverhampton South East,E31000044,West Midlands Fire and Rescue Authority,Fire and rescue authority,100
E14001596,Wolverhampton West,E31000044,West Midlands Fire and Rescue Authority,Fire and rescue authority,100
E14001067,Arundel and South Downs,E31000037,West Sussex Fire and Rescue Authority,Fire and rescue authority,100
E14001108,Bognor Regis and Littlehampton,E31000037,West Sussex Fire and Rescue Authority,Fire and rescue authority,100
E14001166,Chichester,E31000037,West Sussex Fire and Rescue Authority,Fire and rescue authority,100
E14001184,Crawley,E31000037,West Sussex Fire and Rescue Authority,Fire and rescue authority,100
E14001212,East Grinstead and Uckfield,E31000037,West Sussex Fire and Rescue Authority,Fire and rescue authority,56.8
E14001218,East Worthing and Shoreham,E31000037,West Sussex Fire and Rescue Authority,Fire and rescue authority,100
E14001294,Horsham,E31000037,West Sussex Fire and Rescue Authority,Fire and rescue authority,100
E14001366,Mid Sussex,E31000037,West Sussex Fire and Rescue Authority,Fire and rescue authority,100
E14001599,Worthing West,E31000037,West Sussex Fire and Rescue Authority,Fire and rescue authority,100
E14001118,Bradford East,E31000045,West Yorkshire Fire and Rescue Authority,Fire and rescue authority,100
E14001119,Bradford South,E31000045,West Yorkshire Fire and Rescue Authority,Fire and rescue authority,100
E14001120,Bradford West,E31000045,West Yorkshire Fire and Rescue Authority,Fire and rescue authority,100
E14001147,Calder Valley,E31000045,West Yorkshire Fire and Rescue Authority,Fire and rescue authority,100
E14001177,Colne Valley,E31000045,West Yorkshire Fire and Rescue Authority,Fire and rescue authority,100
E14001196,Dewsbury and Batley,E31000045,West Yorkshire Fire and Rescue Authority,Fire and rescue authority,100
E14001262,Halifax,E31000045,West Yorkshire Fire and Rescue Authority,Fire and rescue authority,100
E14001297,Huddersfield,E31000045,West Yorkshire Fire and Rescue Authority,Fire and rescue authority,100
E14001308,Keighley and Ilkley,E31000045,West Yorkshire Fire and Rescue Authority,Fire and rescue authority,100
E14001319,Leeds Central and Headingley,E31000045,West Yorkshire Fire and Rescue Authority,Fire and rescue authority,100
E14001320,Leeds East,E31000045,West Yorkshire Fire and Rescue Authority,Fire and rescue authority,100
E14001321,Leeds North East,E31000045,West Yorkshire Fire and Rescue Authority,Fire and rescue authority,100
E14001322,Leeds North West,E31000045,West Yorkshire Fire and Rescue Authority,Fire and rescue authority,100
E14001323,Leeds South,E31000045,West Yorkshire Fire and Rescue Authority,Fire and rescue authority,100
E14001324,Leeds South West and Morley,E31000045,West Yorkshire Fire and Rescue Authority,Fire and rescue authority,100
E14001325,Leeds West and Pudsey,E31000045,West Yorkshire Fire and Rescue Authority,Fire and rescue authority,100
E14001383,Normanton and Hemsworth,E31000045,West Yorkshire Fire and Rescue Authority,Fire and rescue authority,100
E14001418,Ossett and Denby Dale,E31000045,West Yorkshire Fire and Rescue Authority,Fire and rescue authority,100
E14001428,"Pontefract, Castleford and Knottingley",E31000045,West Yorkshire Fire and Rescue Authority,Fire and rescue authority,100
E14001464,Selby,E31000045,West Yorkshire Fire and Rescue Authority,Fire and rescue authority,22.4
E14001472,Shipley,E31000045,West Yorkshire Fire and Rescue Authority,Fire and rescue authority,100
E14001506,Spen Valley,E31000045,West Yorkshire Fire and Rescue Authority,Fire and rescue authority,100
E14001560,Wakefield and Rothwell,E31000045,West Yorkshire Fire and Rescue Authority,Fire and rescue authority,100
E14001582,Wetherby and Easingwold,E31000045,West Yorkshire Fire and Rescue Authority,Fire and rescue authority,43.6
E14001073,Barking,E61000001,Greater London Authority,Greater London Authority,100
E14001081,Battersea,E61000001,Greater London Authority,Greater London Authority,100
E14001083,Beckenham and Penge,E61000001,Greater London Authority,Greater London Authority,100
E14001085,Bermondsey and Old Southwark,E61000001,Greater London Authority,Greater London Authority,100
E14001086,Bethnal Green and Stepney,E61000001,Greater London Authority,Greater London Authority,100
E14001089,Bexleyheath and Crayford,E61000001,Greater London Authority,Greater London Authority,100
E14001122,Brent East,E61000001,Greater London Authority,Greater London Authority,100
E14001123,Brent West,E61000001,Greater London Authority,Greater London Authority,100
E14001124,Brentford and Isleworth,E61000001,Greater London Authority,Greater London Authority,100
E14001137,Bromley and Biggin Hill,E61000001,Greater London Authority,Greater London Authority,100
E14001153,Carshalton and Wallington,E61000001,Greater London Authority,Greater London Authority,100
E14001160,Chelsea and Fulham,E61000001,Greater London Authority,Greater London Authority,100
E14001167,Chingford and Woodford Green,E61000001,Greater London Authority,Greater London Authority,100
E14001169,Chipping Barnet,E61000001,Greater London Authority,Greater London Authority,100
E14001172,Cities of London and Westminster,E61000001,Greater London Authority,Greater London Authority,100
E14001175,Clapham and Brixton Hill,E61000001,Greater London Authority,Greater London Authority,100
E14001186,Croydon East,E61000001,Greater London Authority,Greater London Authority,100
E14001187,Croydon South,E61000001,Greater London Authority,Greater London Authority,100
E14001188,Croydon West,E61000001,Greater London Authority,Greater London Authority,100
E14001189,Dagenham and Rainham,E61000001,Greater London Authority,Greater London Authority,100
E14001205,Dulwich and West Norwood,E61000001,Greater London Authority,Greater London Authority,100
E14001207,Ealing Central and Acton,E61000001,Greater London Authority,Greater London Authority,100
E14001208,Ealing North,E61000001,Greater London Authority,Greater London Authority,100
E14001209,Ealing Southall,E61000001,Greater London Authority,Greater London Authority,100
E14001213,East Ham,E61000001,Greater London Authority,Greater London Authority,100
E14001221,Edmonton and Winchmore Hill,E61000001,Greater London Authority,Greater London Authority,100
E14001223,Eltham and Chislehurst,E61000001,Greater London Authority,Greater London Authority,100
E14001225,Enfield North,E61000001,Greater London Authority,Greater London Authority,100
E14001229,Erith and Thamesmead,E61000001,Greater London Authority,Greater London Authority,100
E14001236,Feltham and Heston,E61000001,Greater London Authority,Greater London Authority,100
E14001238,Finchley and Golders Green,E61000001,Greater London Authority,Greater London Authority,100
E14001257,Greenwich and Woolwich,E61000001,Greater London Authority,Greater London Authority,100
E14001259,Hackney North and Stoke Newington,E61000001,Greater London Authority,Greater London Authority,100
E14001260,Hackney South and Shoreditch,E61000001,Greater London Authority,Greater London Authority,100
E14001264,Hammersmith and Chiswick,E61000001,Greater London Authority,Greater London Authority,100
E14001265,Hampstead and Highgate,E61000001,Greater London Authority,Greater London Authority,100
E14001270,Harrow East,E61000001,Greater London Authority,Greater London Authority,100
E14001271,Harrow West,E61000001,Greater London Authority,Greater London Authority,100
E14001276,Hayes and Harlington,E61000001,Greater London Authority,Greater London Authority,100
E14001279,Hendon,E61000001,Greater London Authority,Greater London Authority,100
E14001290,Holborn and St Pancras,E61000001,Greater London Authority,Greater London Authority,100
E14001292,Hornchurch and Upminster,E61000001,Greater London Authority,Greater London Authority,100
E14001293,Hornsey and Friern Barnet,E61000001,Greater London Authority,Greater London Authority,100
E14001300,Ilford North,E61000001,Greater London Authority,Greater London Authority,100
E14001301,Ilford South,E61000001,Greater London Authority,Greater London Authority,100
E14001305,Islington North,E61000001,Greater London Authority,Greater London Authority,100
E14001306,Islington South and Finsbury,E61000001,Greater London Authority,Greater London Authority,100
E14001310,Kensington and Bayswater,E61000001,Greater London Authority,Greater London Authority,100
E14001312,Kingston and Surbiton,E61000001,Greater London Authority,Greater London Authority,100
E14001331,Lewisham East,E61000001,Greater London Authority,Greater London Authority,100
E14001332,Lewisham North,E61000001,Greater London Authority,Greater London Authority,100
E14001333,Lewisham West and East Dulwich,E61000001,Greater London Authority,Greater London Authority,100
E14001334,Leyton and Wanstead,E61000001,Greater London Authority,Greater London Authority,100
E14001371,Mitcham and Morden,E61000001,Greater London Authority,Greater London Authority,100
E14001414,Old Bexley and Sidcup,E61000001,Greater London Authority,Greater London Authority,100
E14001417,Orpington,E61000001,Greater London Authority,Greater London Authority,100
E14001421,Peckham,E61000001,Greater London Authority,Greater London Authority,100
E14001430,Poplar and Limehouse,E61000001,Greater London Authority,Greater London Authority,100
E14001434,Putney,E61000001,Greater London Authority,Greater London Authority,100
E14001435,Queen's Park and Maida Vale,E61000001,Greater London Authority,Greater London Authority,100
E14001445,Richmond Park,E61000001,Greater London Authority,Greater London Authority,100
E14001448,Romford,E61000001,Greater London Authority,Greater London Authority,100
E14001454,"Ruislip, Northwood and Pinner",E61000001,Greater London Authority,Greater London Authority,100
E14001503,Southgate and Wood Green,E61000001,Greater London Authority,Greater London Authority,100
E14001525,Stratford and Bow,E61000001,Greater London Authority,Greater London Authority,100
E14001527,Streatham and Croydon North,E61000001,Greater London Authority,Greater London Authority,100
E14001534,Sutton and Cheam,E61000001,Greater London Authority,Greater London Authority,100
E14001550,Tooting,E61000001,Greater London Authority,Greater London Authority,100
E14001553,Tottenham,E61000001,Greater London Authority,Greater London Authority,100
E14001556,Twickenham,E61000001,Greater London Authority,Greater London Authority,100
E14001558,Uxbridge and South Ruislip,E61000001,Greater London Authority,Greater London Authority,100
E14001559,Vauxhall and Camberwell Green,E61000001,Greater London Authority,Greater London Authority,100
E14001563,Walthamstow,E61000001,Greater London Authority,Greater London Authority,100
E14001576,West Ham and Beckton,E61000001,Greater London Authority,Greater London Authority,100
E14001586,Wimbledon,E61000001,Greater London Authority,Greater London Authority,100
E14001063,Aldershot,E54000067,NHS Hampshire and Isle of Wight Integrated Care Board,NHS ICS,100
E14001064,Aldridge-Brownhills,E54000062,NHS Black Country Integrated Care Board,NHS ICS,100
E14001065,Altrincham and Sale West,E54000057,NHS Greater Manchester Integrated Care Board,NHS ICS,100
E14001066,Amber Valley,E54000058,NHS Derby and Derbyshire Integrated Care Board,NHS ICS,100
E14001067,Arundel and South Downs,E54000069,NHS Surrey and Sussex Integrated Care Board,NHS ICS,100
E14001068,Ashfield,E54000060,NHS Nottingham and Nottinghamshire Integrated Care Board,NHS ICS,100
E14001069,Ashford,E54000032,NHS Kent and Medway Integrated Care Board,NHS ICS,100
E14001070,Ashton-under-Lyne,E54000057,NHS Greater Manchester Integrated Care Board,NHS ICS,100
E14001071,Aylesbury,E54000070,NHS Thames Valley Integrated Care Board,NHS ICS,100
E14001072,Banbury,E54000070,NHS Thames Valley Integrated Care Board,NHS ICS,100
E14001073,Barking,E54000029,NHS North East London Integrated Care Board,NHS ICS,100
E14001074,Barnsley North,E54000061,NHS South Yorkshire Integrated Care Board,NHS ICS,100
E14001075,Barnsley South,E54000061,NHS South Yorkshire Integrated Care Board,NHS ICS,100
E14001076,Barrow and Furness,E54000048,NHS Lancashire and South Cumbria Integrated Care Board,NHS ICS,98.8
E14001076,Barrow and Furness,E54000050,NHS North East and North Cumbria Integrated Care Board,NHS ICS,1.2
E14001077,Basildon and Billericay,E54000066,NHS Essex Integrated Care Board,NHS ICS,100
E14001078,Basingstoke,E54000067,NHS Hampshire and Isle of Wight Integrated Care Board,NHS ICS,100
E14001079,Bassetlaw,E54000060,NHS Nottingham and Nottinghamshire Integrated Care Board,NHS ICS,100
E14001080,Bath,E54000040,"NHS Bath and North East Somerset, Swindon and Wiltshire Integrated Care Board",NHS ICS,100
E14001081,Battersea,E54000031,NHS South West London Integrated Care Board,NHS ICS,100
E14001082,Beaconsfield,E54000070,NHS Thames Valley Integrated Care Board,NHS ICS,100
E14001083,Beckenham and Penge,E54000030,NHS South East London Integrated Care Board,NHS ICS,100
E14001084,Bedford,E54000065,NHS Central East Integrated Care Board,NHS ICS,100
E14001085,Bermondsey and Old Southwark,E54000030,NHS South East London Integrated Care Board,NHS ICS,100
E14001086,Bethnal Green and Stepney,E54000029,NHS North East London Integrated Care Board,NHS ICS,100
E14001087,Beverley and Holderness,E54000051,NHS Humber and North Yorkshire Integrated Care Board,NHS ICS,100
E14001088,Bexhill and Battle,E54000069,NHS Surrey and Sussex Integrated Care Board,NHS ICS,100
E14001089,Bexleyheath and Crayford,E54000030,NHS South East London Integrated Care Board,NHS ICS,100
E14001090,Bicester and Woodstock,E54000070,NHS Thames Valley Integrated Care Board,NHS ICS,100
E14001091,Birkenhead,E54000008,NHS Cheshire and Merseyside Integrated Care Board,NHS ICS,100
E14001092,Birmingham Edgbaston,E54000055,NHS Birmingham and Solihull Integrated Care Board,NHS ICS,100
E14001093,Birmingham Erdington,E54000055,NHS Birmingham and Solihull Integrated Care Board,NHS ICS,100
E14001094,Birmingham Hall Green and Moseley,E54000055,NHS Birmingham and Solihull Integrated Care Board,NHS ICS,100
E14001095,Birmingham Hodge Hill and Solihull North,E54000055,NHS Birmingham and Solihull Integrated Care Board,NHS ICS,100
E14001096,Birmingham Ladywood,E54000055,NHS Birmingham and Solihull Integrated Care Board,NHS ICS,100
E14001097,Birmingham Northfield,E54000055,NHS Birmingham and Solihull Integrated Care Board,NHS ICS,100
E14001098,Birmingham Perry Barr,E54000055,NHS Birmingham and Solihull Integrated Care Board,NHS ICS,100
E14001099,Birmingham Selly Oak,E54000055,NHS Birmingham and Solihull Integrated Care Board,NHS ICS,100
E14001100,Birmingham Yardley,E54000055,NHS Birmingham and Solihull Integrated Care Board,NHS ICS,100
E14001101,Bishop Auckland,E54000050,NHS North East and North Cumbria Integrated Care Board,NHS ICS,100
E14001102,Blackburn,E54000048,NHS Lancashire and South Cumbria Integrated Care Board,NHS ICS,100
E14001103,Blackley and Middleton South,E54000057,NHS Greater Manchester Integrated Care Board,NHS ICS,100
E14001104,Blackpool North and Fleetwood,E54000048,NHS Lancashire and South Cumbria Integrated Care Board,NHS ICS,100
E14001105,Blackpool South,E54000048,NHS Lancashire and South Cumbria Integrated Care Board,NHS ICS,100
E14001106,Blaydon and Consett,E54000050,NHS North East and North Cumbria Integrated Care Board,NHS ICS,100
E14001107,Blyth and Ashington,E54000050,NHS North East and North Cumbria Integrated Care Board,NHS ICS,100
E14001108,Bognor Regis and Littlehampton,E54000069,NHS Surrey and Sussex Integrated Care Board,NHS ICS,100
E14001109,Bolsover,E54000058,NHS Derby and Derbyshire Integrated Care Board,NHS ICS,100
E14001110,Bolton North East,E54000057,NHS Greater Manchester Integrated Care Board,NHS ICS,100
E14001111,Bolton South and Walkden,E54000057,NHS Greater Manchester Integrated Care Board,NHS ICS,100
E14001112,Bolton West,E54000057,NHS Greater Manchester Integrated Care Board,NHS ICS,100
E14001113,Bootle,E54000008,NHS Cheshire and Merseyside Integrated Care Board,NHS ICS,100
E14001114,Boston and Skegness,E54000013,NHS Lincolnshire Integrated Care Board,NHS ICS,100
E14001115,Bournemouth East,E54000041,NHS Dorset Integrated Care Board,NHS ICS,100
E14001116,Bournemouth West,E54000041,NHS Dorset Integrated Care Board,NHS ICS,100
E14001117,Bracknell,E54000070,NHS Thames Valley Integrated Care Board,NHS ICS,100
E14001118,Bradford East,E54000054,NHS West Yorkshire Integrated Care Board,NHS ICS,100
E14001119,Bradford South,E54000054,NHS West Yorkshire Integrated Care Board,NHS ICS,100
E14001120,Bradford West,E54000054,NHS West Yorkshire Integrated Care Board,NHS ICS,100
E14001121,Braintree,E54000066,NHS Essex Integrated Care Board,NHS ICS,100
E14001122,Brent East,E54000071,NHS West and North London Integrated Care Board,NHS ICS,100
E14001123,Brent West,E54000071,NHS West and North London Integrated Care Board,NHS ICS,100
E14001124,Brentford and Isleworth,E54000031,NHS South West London Integrated Care Board,NHS ICS,7.4
E14001124,Brentford and Isleworth,E54000071,NHS West and North London Integrated Care Board,NHS ICS,92.6
E14001125,Brentwood and Ongar,E54000066,NHS Essex Integrated Care Board,NHS ICS,100
E14001126,Bridgwater,E54000038,NHS Somerset Integrated Care Board,NHS ICS,100
E14001127,Bridlington and The Wolds,E54000051,NHS Humber and North Yorkshire Integrated Care Board,NHS ICS,100
E14001128,Brigg and Immingham,E54000051,NHS Humber and North Yorkshire Integrated Care Board,NHS ICS,100
E14001129,Brighton Kemptown and Peacehaven,E54000069,NHS Surrey and Sussex Integrated Care Board,NHS ICS,100
E14001130,Brighton Pavilion,E54000069,NHS Surrey and Sussex Integrated Care Board,NHS ICS,100
E14001131,Bristol Central,E54000039,"NHS Bristol, North Somerset and South Gloucestershire Integrated Care Board",NHS ICS,100
E14001132,Bristol East,E54000039,"NHS Bristol, North Somerset and South Gloucestershire Integrated Care Board",NHS ICS,100
E14001133,Bristol North East,E54000039,"NHS Bristol, North Somerset and South Gloucestershire Integrated Care Board",NHS ICS,100
E14001134,Bristol North West,E54000039,"NHS Bristol, North Somerset and South Gloucestershire Integrated Care Board",NHS ICS,100
E14001135,Bristol South,E54000039,"NHS Bristol, North Somerset and South Gloucestershire Integrated Care Board",NHS ICS,100
E14001136,Broadland and Fakenham,E54000068,NHS Norfolk and Suffolk Integrated Care Board,NHS ICS,100
E14001137,Bromley and Biggin Hill,E54000030,NHS South East London Integrated Care Board,NHS ICS,100
E14001138,Bromsgrove,E54000019,NHS Herefordshire and Worcestershire Integrated Care Board,NHS ICS,100
E14001139,Broxbourne,E54000065,NHS Central East Integrated Care Board,NHS ICS,100
E14001140,Broxtowe,E54000060,NHS Nottingham and Nottinghamshire Integrated Care Board,NHS ICS,100
E14001141,Buckingham and Bletchley,E54000065,NHS Central East Integrated Care Board,NHS ICS,65.4
E14001141,Buckingham and Bletchley,E54000070,NHS Thames Valley Integrated Care Board,NHS ICS,34.6
E14001142,Burnley,E54000048,NHS Lancashire and South Cumbria Integrated Care Board,NHS ICS,100
E14001143,Burton and Uttoxeter,E54000010,NHS Staffordshire and Stoke-on-Trent Integrated Care Board,NHS ICS,100
E14001144,Bury North,E54000057,NHS Greater Manchester Integrated Care Board,NHS ICS,100
E14001145,Bury South,E54000057,NHS Greater Manchester Integrated Care Board,NHS ICS,100
E14001146,Bury St Edmunds and Stowmarket,E54000068,NHS Norfolk and Suffolk Integrated Care Board,NHS ICS,100
E14001147,Calder Valley,E54000054,NHS West Yorkshire Integrated Care Board,NHS ICS,100
E14001148,Camborne and Redruth,E54000036,NHS Cornwall and the Isles of Scilly Integrated Care Board,NHS ICS,100
E14001149,Cambridge,E54000065,NHS Central East Integrated Care Board,NHS ICS,100
E14001150,Cannock Chase,E54000010,NHS Staffordshire and Stoke-on-Trent Integrated Care Board,NHS ICS,100
E14001151,Canterbury,E54000032,NHS Kent and Medway Integrated Care Board,NHS ICS,100
E14001152,Carlisle,E54000050,NHS North East and North Cumbria Integrated Care Board,NHS ICS,100
E14001153,Carshalton and Wallington,E54000031,NHS South West London Integrated Care Board,NHS ICS,100
E14001154,Castle Point,E54000066,NHS Essex Integrated Care Board,NHS ICS,100
E14001155,Central Devon,E54000037,NHS Devon Integrated Care Board,NHS ICS,100
E14001156,Central Suffolk and North Ipswich,E54000068,NHS Norfolk and Suffolk Integrated Care Board,NHS ICS,100
E14001157,Chatham and Aylesford,E54000032,NHS Kent and Medway Integrated Care Board,NHS ICS,100
E14001158,Cheadle,E54000057,NHS Greater Manchester Integrated Care Board,NHS ICS,100
E14001159,Chelmsford,E54000066,NHS Essex Integrated Care Board,NHS ICS,100
E14001160,Chelsea and Fulham,E54000071,NHS West and North London Integrated Care Board,NHS ICS,100
E14001161,Cheltenham,E54000043,NHS Gloucestershire Integrated Care Board,NHS ICS,100
E14001162,Chesham and Amersham,E54000070,NHS Thames Valley Integrated Care Board,NHS ICS,100
E14001163,Chester North and Neston,E54000008,NHS Cheshire and Merseyside Integrated Care Board,NHS ICS,100
E14001164,Chester South and Eddisbury,E54000008,NHS Cheshire and Merseyside Integrated Care Board,NHS ICS,100
E14001165,Chesterfield,E54000058,NHS Derby and Derbyshire Integrated Care Board,NHS ICS,100
E14001166,Chichester,E54000069,NHS Surrey and Sussex Integrated Care Board,NHS ICS,100
E14001167,Chingford and Woodford Green,E54000029,NHS North East London Integrated Care Board,NHS ICS,100
E14001168,Chippenham,E54000040,"NHS Bath and North East Somerset, Swindon and Wiltshire Integrated Care Board",NHS ICS,100
E14001169,Chipping Barnet,E54000071,NHS West and North London Integrated Care Board,NHS ICS,100
E14001170,Chorley,E54000048,NHS Lancashire and South Cumbria Integrated Care Board,NHS ICS,100
E14001171,Christchurch,E54000041,NHS Dorset Integrated Care Board,NHS ICS,100
E14001172,Cities of London and Westminster,E54000029,NHS North East London Integrated Care Board,NHS ICS,11.6
E14001172,Cities of London and Westminster,E54000071,NHS West and North London Integrated Care Board,NHS ICS,88.4
E14001173,City of Durham,E54000050,NHS North East and North Cumbria Integrated Care Board,NHS ICS,100
E14001174,Clacton,E54000066,NHS Essex Integrated Care Board,NHS ICS,100
E14001175,Clapham and Brixton Hill,E54000030,NHS South East London Integrated Care Board,NHS ICS,100
E14001176,Colchester,E54000066,NHS Essex Integrated Care Board,NHS ICS,100
E14001177,Colne Valley,E54000054,NHS West Yorkshire Integrated Care Board,NHS ICS,100
E14001178,Congleton,E54000008,NHS Cheshire and Merseyside Integrated Care Board,NHS ICS,100
E14001179,Corby and East Northamptonshire,E54000059,NHS Northamptonshire Integrated Care Board,NHS ICS,100
E14001180,Coventry East,E54000018,NHS Coventry and Warwickshire Integrated Care Board,NHS ICS,100
E14001181,Coventry North West,E54000018,NHS Coventry and Warwickshire Integrated Care Board,NHS ICS,100
E14001182,Coventry South,E54000018,NHS Coventry and Warwickshire Integrated Care Board,NHS ICS,100
E14001183,Cramlington and Killingworth,E54000050,NHS North East and North Cumbria Integrated Care Board,NHS ICS,100
E14001184,Crawley,E54000069,NHS Surrey and Sussex Integrated Care Board,NHS ICS,100
E14001185,Crewe and Nantwich,E54000008,NHS Cheshire and Merseyside Integrated Care Board,NHS ICS,100
E14001186,Croydon East,E54000031,NHS South West London Integrated Care Board,NHS ICS,100
E14001187,Croydon South,E54000031,NHS South West London Integrated Care Board,NHS ICS,100
E14001188,Croydon West,E54000031,NHS South West London Integrated Care Board,NHS ICS,100
E14001189,Dagenham and Rainham,E54000029,NHS North East London Integrated Care Board,NHS ICS,100
E14001190,Darlington,E54000050,NHS North East and North Cumbria Integrated Care Board,NHS ICS,100
E14001191,Dartford,E54000032,NHS Kent and Medway Integrated Care Board,NHS ICS,100
E14001192,Daventry,E54000059,NHS Northamptonshire Integrated Care Board,NHS ICS,100
E14001193,Derby North,E54000058,NHS Derby and Derbyshire Integrated Care Board,NHS ICS,100
E14001194,Derby South,E54000058,NHS Derby and Derbyshire Integrated Care Board,NHS ICS,100
E14001195,Derbyshire Dales,E54000058,NHS Derby and Derbyshire Integrated Care Board,NHS ICS,100
E14001196,Dewsbury and Batley,E54000054,NHS West Yorkshire Integrated Care Board,NHS ICS,100
E14001197,Didcot and Wantage,E54000070,NHS Thames Valley Integrated Care Board,NHS ICS,100
E14001198,Doncaster Central,E54000061,NHS South Yorkshire Integrated Care Board,NHS ICS,100
E14001199,Doncaster East and the Isle of Axholme,E54000051,NHS Humber and North Yorkshire Integrated Care Board,NHS ICS,23.9
E14001199,Doncaster East and the Isle of Axholme,E54000061,NHS South Yorkshire Integrated Care Board,NHS ICS,76.1
E14001200,Doncaster North,E54000061,NHS South Yorkshire Integrated Care Board,NHS ICS,100
E14001201,Dorking and Horley,E54000069,NHS Surrey and Sussex Integrated Care Board,NHS ICS,100
E14001202,Dover and Deal,E54000032,NHS Kent and Medway Integrated Care Board,NHS ICS,100
E14001203,Droitwich and Evesham,E54000019,NHS Herefordshire and Worcestershire Integrated Care Board,NHS ICS,100
E14001204,Dudley,E54000062,NHS Black Country Integrated Care Board,NHS ICS,100
E14001205,Dulwich and West Norwood,E54000030,NHS South East London Integrated Care Board,NHS ICS,100
E14001206,Dunstable and Leighton Buzzard,E54000065,NHS Central East Integrated Care Board,NHS ICS,100
E14001207,Ealing Central and Acton,E54000071,NHS West and North London Integrated Care Board,NHS ICS,100
E14001208,Ealing North,E54000071,NHS West and North London Integrated Care Board,NHS ICS,100
E14001209,Ealing Southall,E54000071,NHS West and North London Integrated Care Board,NHS ICS,100
E14001210,Earley and Woodley,E54000070,NHS Thames Valley Integrated Care Board,NHS ICS,100
E14001211,Easington,E54000050,NHS North East and North Cumbria Integrated Care Board,NHS ICS,100
E14001212,East Grinstead and Uckfield,E54000069,NHS Surrey and Sussex Integrated Care Board,NHS ICS,100
E14001213,East Ham,E54000029,NHS North East London Integrated Care Board,NHS ICS,100
E14001214,East Hampshire,E54000067,NHS Hampshire and Isle of Wight Integrated Care Board,NHS ICS,100
E14001215,East Surrey,E54000069,NHS Surrey and Sussex Integrated Care Board,NHS ICS,100
E14001216,East Thanet,E54000032,NHS Kent and Medway Integrated Care Board,NHS ICS,100
E14001217,East Wiltshire,E54000040,"NHS Bath and North East Somerset, Swindon and Wiltshire Integrated Care Board",NHS ICS,100
E14001218,East Worthing and Shoreham,E54000069,NHS Surrey and Sussex Integrated Care Board,NHS ICS,100
E14001219,Eastbourne,E54000069,NHS Surrey and Sussex Integrated Care Board,NHS ICS,100
E14001220,Eastleigh,E54000067,NHS Hampshire and Isle of Wight Integrated Care Board,NHS ICS,100
E14001221,Edmonton and Winchmore Hill,E54000071,NHS West and North London Integrated Care Board,NHS ICS,100
E14001222,Ellesmere Port and Bromborough,E54000008,NHS Cheshire and Merseyside Integrated Care Board,NHS ICS,100
E14001223,Eltham and Chislehurst,E54000030,NHS South East London Integrated Care Board,NHS ICS,100
E14001224,Ely and East Cambridgeshire,E54000065,NHS Central East Integrated Care Board,NHS ICS,100
E14001225,Enfield North,E54000071,NHS West and North London Integrated Care Board,NHS ICS,100
E14001226,Epping Forest,E54000066,NHS Essex Integrated Care Board,NHS ICS,100
E14001227,Epsom and Ewell,E54000069,NHS Surrey and Sussex Integrated Care Board,NHS ICS,100
E14001228,Erewash,E54000058,NHS Derby and Derbyshire Integrated Care Board,NHS ICS,100
E14001229,Erith and Thamesmead,E54000030,NHS South East London Integrated Care Board,NHS ICS,100
E14001230,Esher and Walton,E54000069,NHS Surrey and Sussex Integrated Care Board,NHS ICS,100
E14001231,Exeter,E54000037,NHS Devon Integrated Care Board,NHS ICS,100
E14001232,Exmouth and Exeter East,E54000037,NHS Devon Integrated Care Board,NHS ICS,100
E14001233,Fareham and Waterlooville,E54000067,NHS Hampshire and Isle of Wight Integrated Care Board,NHS ICS,100
E14001234,Farnham and Bordon,E54000067,NHS Hampshire and Isle of Wight Integrated Care Board,NHS ICS,37.1
E14001234,Farnham and Bordon,E54000069,NHS Surrey and Sussex Integrated Care Board,NHS ICS,62.9
E14001235,Faversham and Mid Kent,E54000032,NHS Kent and Medway Integrated Care Board,NHS ICS,100
E14001236,Feltham and Heston,E54000071,NHS West and North London Integrated Care Board,NHS ICS,100
E14001237,Filton and Bradley Stoke,E54000039,"NHS Bristol, North Somerset and South Gloucestershire Integrated Care Board",NHS ICS,100
E14001238,Finchley and Golders Green,E54000071,NHS West and North London Integrated Care Board,NHS ICS,100
E14001239,Folkestone and Hythe,E54000032,NHS Kent and Medway Integrated Care Board,NHS ICS,100
E14001240,Forest of Dean,E54000043,NHS Gloucestershire Integrated Care Board,NHS ICS,100
E14001241,Frome and East Somerset,E54000038,NHS Somerset Integrated Care Board,NHS ICS,60.9
E14001241,Frome and East Somerset,E54000040,"NHS Bath and North East Somerset, Swindon and Wiltshire Integrated Care Board",NHS ICS,39.1
E14001242,Fylde,E54000048,NHS Lancashire and South Cumbria Integrated Care Board,NHS ICS,100
E14001243,Gainsborough,E54000013,NHS Lincolnshire Integrated Care Board,NHS ICS,100
E14001244,Gateshead Central and Whickham,E54000050,NHS North East and North Cumbria Integrated Care Board,NHS ICS,100
E14001245,Gedling,E54000060,NHS Nottingham and Nottinghamshire Integrated Care Board,NHS ICS,100
E14001246,Gillingham and Rainham,E54000032,NHS Kent and Medway Integrated Care Board,NHS ICS,100
E14001247,Glastonbury and Somerton,E54000038,NHS Somerset Integrated Care Board,NHS ICS,100
E14001248,Gloucester,E54000043,NHS Gloucestershire Integrated Care Board,NHS ICS,100
E14001249,Godalming and Ash,E54000069,NHS Surrey and Sussex Integrated Care Board,NHS ICS,100
E14001250,Goole and Pocklington,E54000051,NHS Humber and North Yorkshire Integrated Care Board,NHS ICS,100
E14001251,Gorton and Denton,E54000057,NHS Greater Manchester Integrated Care Board,NHS ICS,100
E14001252,Gosport,E54000067,NHS Hampshire and Isle of Wight Integrated Care Board,NHS ICS,100
E14001253,Grantham and Bourne,E54000013,NHS Lincolnshire Integrated Care Board,NHS ICS,100
E14001254,Gravesham,E54000032,NHS Kent and Medway Integrated Care Board,NHS ICS,100
E14001255,Great Grimsby and Cleethorpes,E54000051,NHS Humber and North Yorkshire Integrated Care Board,NHS ICS,100
E14001256,Great Yarmouth,E54000068,NHS Norfolk and Suffolk Integrated Care Board,NHS ICS,100
E14001257,Greenwich and Woolwich,E54000030,NHS South East London Integrated Care Board,NHS ICS,100
E14001258,Guildford,E54000069,NHS Surrey and Sussex Integrated Care Board,NHS ICS,100
E14001259,Hackney North and Stoke Newington,E54000029,NHS North East London Integrated Care Board,NHS ICS,100
E14001260,Hackney South and Shoreditch,E54000029,NHS North East London Integrated Care Board,NHS ICS,100
E14001261,Halesowen,E54000062,NHS Black Country Integrated Care Board,NHS ICS,100
E14001262,Halifax,E54000054,NHS West Yorkshire Integrated Care Board,NHS ICS,100
E14001263,Hamble Valley,E54000067,NHS Hampshire and Isle of Wight Integrated Care Board,NHS ICS,100
E14001264,Hammersmith and Chiswick,E54000071,NHS West and North London Integrated Care Board,NHS ICS,100
E14001265,Hampstead and Highgate,E54000071,NHS West and North London Integrated Care Board,NHS ICS,100
E14001266,"Harborough, Oadby and Wigston",E54000015,"NHS Leicester, Leicestershire and Rutland Integrated Care Board",NHS ICS,100
E14001267,Harlow,E54000066,NHS Essex Integrated Care Board,NHS ICS,100
E14001268,Harpenden and Berkhamsted,E54000065,NHS Central East Integrated Care Board,NHS ICS,100
E14001269,Harrogate and Knaresborough,E54000051,NHS Humber and North Yorkshire Integrated Care Board,NHS ICS,100
E14001270,Harrow East,E54000071,NHS West and North London Integrated Care Board,NHS ICS,100
E14001271,Harrow West,E54000071,NHS West and North London Integrated Care Board,NHS ICS,100
E14001272,Hartlepool,E54000050,NHS North East and North Cumbria Integrated Care Board,NHS ICS,100
E14001273,Harwich and North Essex,E54000066,NHS Essex Integrated Care Board,NHS ICS,100
E14001274,Hastings and Rye,E54000069,NHS Surrey and Sussex Integrated Care Board,NHS ICS,100
E14001275,Havant,E54000067,NHS Hampshire and Isle of Wight Integrated Care Board,NHS ICS,100
E14001276,Hayes and Harlington,E54000071,NHS West and North London Integrated Care Board,NHS ICS,100
E14001277,Hazel Grove,E54000057,NHS Greater Manchester Integrated Care Board,NHS ICS,100
E14001278,Hemel Hempstead,E54000065,NHS Central East Integrated Care Board,NHS ICS,100
E14001279,Hendon,E54000071,NHS West and North London Integrated Care Board,NHS ICS,100
E14001280,Henley and Thame,E54000070,NHS Thames Valley Integrated Care Board,NHS ICS,100
E14001281,Hereford and South Herefordshire,E54000019,NHS Herefordshire and Worcestershire Integrated Care Board,NHS ICS,100
E14001282,Herne Bay and Sandwich,E54000032,NHS Kent and Medway Integrated Care Board,NHS ICS,100
E14001283,Hertford and Stortford,E54000065,NHS Central East Integrated Care Board,NHS ICS,100
E14001284,Hertsmere,E54000065,NHS Central East Integrated Care Board,NHS ICS,100
E14001285,Hexham,E54000050,NHS North East and North Cumbria Integrated Care Board,NHS ICS,100
E14001286,Heywood and Middleton North,E54000057,NHS Greater Manchester Integrated Care Board,NHS ICS,100
E14001287,High Peak,E54000058,NHS Derby and Derbyshire Integrated Care Board,NHS ICS,100
E14001288,Hinckley and Bosworth,E54000015,"NHS Leicester, Leicestershire and Rutland Integrated Care Board",NHS ICS,100
E14001289,Hitchin,E54000065,NHS Central East Integrated Care Board,NHS ICS,100
E14001290,Holborn and St Pancras,E54000071,NHS West and North London Integrated Care Board,NHS ICS,100
E14001291,Honiton and Sidmouth,E54000037,NHS Devon Integrated Care Board,NHS ICS,100
E14001292,Hornchurch and Upminster,E54000029,NHS North East London Integrated Care Board,NHS ICS,100
E14001293,Hornsey and Friern Barnet,E54000071,NHS West and North London Integrated Care Board,NHS ICS,100
E14001294,Horsham,E54000069,NHS Surrey and Sussex Integrated Care Board,NHS ICS,100
E14001295,Houghton and Sunderland South,E54000050,NHS North East and North Cumbria Integrated Care Board,NHS ICS,100
E14001296,Hove and Portslade,E54000069,NHS Surrey and Sussex Integrated Care Board,NHS ICS,100
E14001297,Huddersfield,E54000054,NHS West Yorkshire Integrated Care Board,NHS ICS,100
E14001298,Huntingdon,E54000065,NHS Central East Integrated Care Board,NHS ICS,100
E14001299,Hyndburn,E54000048,NHS Lancashire and South Cumbria Integrated Care Board,NHS ICS,100
E14001300,Ilford North,E54000029,NHS North East London Integrated Care Board,NHS ICS,100
E14001301,Ilford South,E54000029,NHS North East London Integrated Care Board,NHS ICS,100
E14001302,Ipswich,E54000068,NHS Norfolk and Suffolk Integrated Care Board,NHS ICS,100
E14001303,Isle of Wight East,E54000067,NHS Hampshire and Isle of Wight Integrated Care Board,NHS ICS,100
E14001304,Isle of Wight West,E54000067,NHS Hampshire and Isle of Wight Integrated Care Board,NHS ICS,100
E14001305,Islington North,E54000071,NHS West and North London Integrated Care Board,NHS ICS,100
E14001306,Islington South and Finsbury,E54000029,NHS North East London Integrated Care Board,NHS ICS,8.9
E14001306,Islington South and Finsbury,E54000071,NHS West and North London Integrated Care Board,NHS ICS,91.1
E14001307,Jarrow and Gateshead East,E54000050,NHS North East and North Cumbria Integrated Care Board,NHS ICS,100
E14001308,Keighley and Ilkley,E54000054,NHS West Yorkshire Integrated Care Board,NHS ICS,100
E14001309,Kenilworth and Southam,E54000018,NHS Coventry and Warwickshire Integrated Care Board,NHS ICS,100
E14001310,Kensington and Bayswater,E54000071,NHS West and North London Integrated Care Board,NHS ICS,100
E14001311,Kettering,E54000059,NHS Northamptonshire Integrated Care Board,NHS ICS,100
E14001312,Kingston and Surbiton,E54000031,NHS South West London Integrated Care Board,NHS ICS,100
E14001313,Kingston upon Hull East,E54000051,NHS Humber and North Yorkshire Integrated Care Board,NHS ICS,100
E14001314,Kingston upon Hull North and Cottingham,E54000051,NHS Humber and North Yorkshire Integrated Care Board,NHS ICS,100
E14001315,Kingston upon Hull West and Haltemprice,E54000051,NHS Humber and North Yorkshire Integrated Care Board,NHS ICS,100
E14001316,Kingswinford and South Staffordshire,E54000010,NHS Staffordshire and Stoke-on-Trent Integrated Care Board,NHS ICS,58.2
E14001316,Kingswinford and South Staffordshire,E54000062,NHS Black Country Integrated Care Board,NHS ICS,41.8
E14001317,Knowsley,E54000008,NHS Cheshire and Merseyside Integrated Care Board,NHS ICS,100
E14001318,Lancaster and Wyre,E54000048,NHS Lancashire and South Cumbria Integrated Care Board,NHS ICS,100
E14001319,Leeds Central and Headingley,E54000054,NHS West Yorkshire Integrated Care Board,NHS ICS,100
E14001320,Leeds East,E54000054,NHS West Yorkshire Integrated Care Board,NHS ICS,100
E14001321,Leeds North East,E54000054,NHS West Yorkshire Integrated Care Board,NHS ICS,100
E14001322,Leeds North West,E54000054,NHS West Yorkshire Integrated Care Board,NHS ICS,100
E14001323,Leeds South,E54000054,NHS West Yorkshire Integrated Care Board,NHS ICS,100
E14001324,Leeds South West and Morley,E54000054,NHS West Yorkshire Integrated Care Board,NHS ICS,100
E14001325,Leeds West and Pudsey,E54000054,NHS West Yorkshire Integrated Care Board,NHS ICS,100
E14001326,Leicester East,E54000015,"NHS Leicester, Leicestershire and Rutland Integrated Care Board",NHS ICS,100
E14001327,Leicester South,E54000015,"NHS Leicester, Leicestershire and Rutland Integrated Care Board",NHS ICS,100
E14001328,Leicester West,E54000015,"NHS Leicester, Leicestershire and Rutland Integrated Care Board",NHS ICS,100
E14001329,Leigh and Atherton,E54000057,NHS Greater Manchester Integrated Care Board,NHS ICS,100
E14001330,Lewes,E54000069,NHS Surrey and Sussex Integrated Care Board,NHS ICS,100
E14001331,Lewisham East,E54000030,NHS South East London Integrated Care Board,NHS ICS,100
E14001332,Lewisham North,E54000030,NHS South East London Integrated Care Board,NHS ICS,100
E14001333,Lewisham West and East Dulwich,E54000030,NHS South East London Integrated Care Board,NHS ICS,100
E14001334,Leyton and Wanstead,E54000029,NHS North East London Integrated Care Board,NHS ICS,100
E14001335,Lichfield,E54000010,NHS Staffordshire and Stoke-on-Trent Integrated Care Board,NHS ICS,100
E14001336,Lincoln,E54000013,NHS Lincolnshire Integrated Care Board,NHS ICS,100
E14001337,Liverpool Garston,E54000008,NHS Cheshire and Merseyside Integrated Care Board,NHS ICS,100
E14001338,Liverpool Riverside,E54000008,NHS Cheshire and Merseyside Integrated Care Board,NHS ICS,100
E14001339,Liverpool Walton,E54000008,NHS Cheshire and Merseyside Integrated Care Board,NHS ICS,100
E14001340,Liverpool Wavertree,E54000008,NHS Cheshire and Merseyside Integrated Care Board,NHS ICS,100
E14001341,Liverpool West Derby,E54000008,NHS Cheshire and Merseyside Integrated Care Board,NHS ICS,100
E14001342,Loughborough,E54000015,"NHS Leicester, Leicestershire and Rutland Integrated Care Board",NHS ICS,100
E14001343,Louth and Horncastle,E54000013,NHS Lincolnshire Integrated Care Board,NHS ICS,100
E14001344,Lowestoft,E54000068,NHS Norfolk and Suffolk Integrated Care Board,NHS ICS,100
E14001345,Luton North,E54000065,NHS Central East Integrated Care Board,NHS ICS,100
E14001346,Luton South and South Bedfordshire,E54000065,NHS Central East Integrated Care Board,NHS ICS,100
E14001347,Macclesfield,E54000008,NHS Cheshire and Merseyside Integrated Care Board,NHS ICS,100
E14001348,Maidenhead,E54000070,NHS Thames Valley Integrated Care Board,NHS ICS,100
E14001349,Maidstone and Malling,E54000032,NHS Kent and Medway Integrated Care Board,NHS ICS,100
E14001350,Makerfield,E54000057,NHS Greater Manchester Integrated Care Board,NHS ICS,100
E14001351,Maldon,E54000066,NHS Essex Integrated Care Board,NHS ICS,100
E14001352,Manchester Central,E54000057,NHS Greater Manchester Integrated Care Board,NHS ICS,100
E14001353,Manchester Rusholme,E54000057,NHS Greater Manchester Integrated Care Board,NHS ICS,100
E14001354,Manchester Withington,E54000057,NHS Greater Manchester Integrated Care Board,NHS ICS,100
E14001355,Mansfield,E54000060,NHS Nottingham and Nottinghamshire Integrated Care Board,NHS ICS,100
E14001356,Melksham and Devizes,E54000040,"NHS Bath and North East Somerset, Swindon and Wiltshire Integrated Care Board",NHS ICS,100
E14001357,Melton and Syston,E54000015,"NHS Leicester, Leicestershire and Rutland Integrated Care Board",NHS ICS,100
E14001358,Meriden and Solihull East,E54000055,NHS Birmingham and Solihull Integrated Care Board,NHS ICS,100
E14001359,Mid Bedfordshire,E54000065,NHS Central East Integrated Care Board,NHS ICS,100
E14001360,Mid Buckinghamshire,E54000070,NHS Thames Valley Integrated Care Board,NHS ICS,100
E14001361,Mid Cheshire,E54000008,NHS Cheshire and Merseyside Integrated Care Board,NHS ICS,100
E14001362,Mid Derbyshire,E54000058,NHS Derby and Derbyshire Integrated Care Board,NHS ICS,100
E14001363,Mid Dorset and North Poole,E54000041,NHS Dorset Integrated Care Board,NHS ICS,100
E14001364,Mid Leicestershire,E54000015,"NHS Leicester, Leicestershire and Rutland Integrated Care Board",NHS ICS,100
E14001365,Mid Norfolk,E54000068,NHS Norfolk and Suffolk Integrated Care Board,NHS ICS,100
E14001366,Mid Sussex,E54000069,NHS Surrey and Sussex Integrated Care Board,NHS ICS,100
E14001367,Middlesbrough and Thornaby East,E54000050,NHS North East and North Cumbria Integrated Care Board,NHS ICS,100
E14001368,Middlesbrough South and East Cleveland,E54000050,NHS North East and North Cumbria Integrated Care Board,NHS ICS,100
E14001369,Milton Keynes Central,E54000065,NHS Central East Integrated Care Board,NHS ICS,100
E14001370,Milton Keynes North,E54000065,NHS Central East Integrated Care Board,NHS ICS,100
E14001371,Mitcham and Morden,E54000031,NHS South West London Integrated Care Board,NHS ICS,100
E14001372,Morecambe and Lunesdale,E54000048,NHS Lancashire and South Cumbria Integrated Care Board,NHS ICS,100
E14001373,New Forest East,E54000067,NHS Hampshire and Isle of Wight Integrated Care Board,NHS ICS,100
E14001374,New Forest West,E54000067,NHS Hampshire and Isle of Wight Integrated Care Board,NHS ICS,100
E14001375,Newark,E54000060,NHS Nottingham and Nottinghamshire Integrated Care Board,NHS ICS,100
E14001376,Newbury,E54000070,NHS Thames Valley Integrated Care Board,NHS ICS,100
E14001377,Newcastle upon Tyne Central and West,E54000050,NHS North East and North Cumbria Integrated Care Board,NHS ICS,100
E14001378,Newcastle upon Tyne East and Wallsend,E54000050,NHS North East and North Cumbria Integrated Care Board,NHS ICS,100
E14001379,Newcastle upon Tyne North,E54000050,NHS North East and North Cumbria Integrated Care Board,NHS ICS,100
E14001380,Newcastle-under-Lyme,E54000010,NHS Staffordshire and Stoke-on-Trent Integrated Care Board,NHS ICS,100
E14001381,Newton Abbot,E54000037,NHS Devon Integrated Care Board,NHS ICS,100
E14001382,Newton Aycliffe and Spennymoor,E54000050,NHS North East and North Cumbria Integrated Care Board,NHS ICS,100
E14001383,Normanton and Hemsworth,E54000054,NHS West Yorkshire Integrated Care Board,NHS ICS,100
E14001384,North Bedfordshire,E54000065,NHS Central East Integrated Care Board,NHS ICS,100
E14001385,North Cornwall,E54000036,NHS Cornwall and the Isles of Scilly Integrated Care Board,NHS ICS,100
E14001386,North Cotswolds,E54000043,NHS Gloucestershire Integrated Care Board,NHS ICS,100
E14001387,North Devon,E54000037,NHS Devon Integrated Care Board,NHS ICS,100
E14001388,North Dorset,E54000041,NHS Dorset Integrated Care Board,NHS ICS,100
E14001389,North Durham,E54000050,NHS North East and North Cumbria Integrated Care Board,NHS ICS,100
E14001390,North East Cambridgeshire,E54000065,NHS Central East Integrated Care Board,NHS ICS,100
E14001391,North East Derbyshire,E54000058,NHS Derby and Derbyshire Integrated Care Board,NHS ICS,100
E14001392,North East Hampshire,E54000067,NHS Hampshire and Isle of Wight Integrated Care Board,NHS ICS,100
E14001393,North East Hertfordshire,E54000065,NHS Central East Integrated Care Board,NHS ICS,100
E14001394,North East Somerset and Hanham,E54000039,"NHS Bristol, North Somerset and South Gloucestershire Integrated Care Board",NHS ICS,41.5
E14001394,North East Somerset and Hanham,E54000040,"NHS Bath and North East Somerset, Swindon and Wiltshire Integrated Care Board",NHS ICS,58.5
E14001395,North Herefordshire,E54000019,NHS Herefordshire and Worcestershire Integrated Care Board,NHS ICS,100
E14001396,North Norfolk,E54000068,NHS Norfolk and Suffolk Integrated Care Board,NHS ICS,100
E14001397,North Northumberland,E54000050,NHS North East and North Cumbria Integrated Care Board,NHS ICS,100
E14001398,North Shropshire,E54000011,"NHS Shropshire, Telford and Wrekin Integrated Care Board",NHS ICS,100
E14001399,North Somerset,E54000039,"NHS Bristol, North Somerset and South Gloucestershire Integrated Care Board",NHS ICS,100
E14001400,North Warwickshire and Bedworth,E54000018,NHS Coventry and Warwickshire Integrated Care Board,NHS ICS,100
E14001401,North West Cambridgeshire,E54000065,NHS Central East Integrated Care Board,NHS ICS,100
E14001402,North West Essex,E54000066,NHS Essex Integrated Care Board,NHS ICS,100
E14001403,North West Hampshire,E54000067,NHS Hampshire and Isle of Wight Integrated Care Board,NHS ICS,100
E14001404,North West Leicestershire,E54000015,"NHS Leicester, Leicestershire and Rutland Integrated Care Board",NHS ICS,100
E14001405,North West Norfolk,E54000068,NHS Norfolk and Suffolk Integrated Care Board,NHS ICS,100
E14001406,Northampton North,E54000059,NHS Northamptonshire Integrated Care Board,NHS ICS,100
E14001407,Northampton South,E54000059,NHS Northamptonshire Integrated Care Board,NHS ICS,100
E14001408,Norwich North,E54000068,NHS Norfolk and Suffolk Integrated Care Board,NHS ICS,100
E14001409,Norwich South,E54000068,NHS Norfolk and Suffolk Integrated Care Board,NHS ICS,100
E14001410,Nottingham East,E54000060,NHS Nottingham and Nottinghamshire Integrated Care Board,NHS ICS,100
E14001411,Nottingham North and Kimberley,E54000060,NHS Nottingham and Nottinghamshire Integrated Care Board,NHS ICS,100
E14001412,Nottingham South,E54000060,NHS Nottingham and Nottinghamshire Integrated Care Board,NHS ICS,100
E14001413,Nuneaton,E54000018,NHS Coventry and Warwickshire Integrated Care Board,NHS ICS,100
E14001414,Old Bexley and Sidcup,E54000030,NHS South East London Integrated Care Board,NHS ICS,100
E14001415,Oldham East and Saddleworth,E54000057,NHS Greater Manchester Integrated Care Board,NHS ICS,100
E14001416,"Oldham West, Chadderton and Royton",E54000057,NHS Greater Manchester Integrated Care Board,NHS ICS,100
E14001417,Orpington,E54000030,NHS South East London Integrated Care Board,NHS ICS,100
E14001418,Ossett and Denby Dale,E54000054,NHS West Yorkshire Integrated Care Board,NHS ICS,100
E14001419,Oxford East,E54000070,NHS Thames Valley Integrated Care Board,NHS ICS,100
E14001420,Oxford West and Abingdon,E54000070,NHS Thames Valley Integrated Care Board,NHS ICS,100
E14001421,Peckham,E54000030,NHS South East London Integrated Care Board,NHS ICS,100
E14001422,Pendle and Clitheroe,E54000048,NHS Lancashire and South Cumbria Integrated Care Board,NHS ICS,100
E14001423,Penistone and Stocksbridge,E54000061,NHS South Yorkshire Integrated Care Board,NHS ICS,100
E14001424,Penrith and Solway,E54000050,NHS North East and North Cumbria Integrated Care Board,NHS ICS,100
E14001425,Peterborough,E54000065,NHS Central East Integrated Care Board,NHS ICS,100
E14001426,Plymouth Moor View,E54000037,NHS Devon Integrated Care Board,NHS ICS,100
E14001427,Plymouth Sutton and Devonport,E54000037,NHS Devon Integrated Care Board,NHS ICS,100
E14001428,"Pontefract, Castleford and Knottingley",E54000054,NHS West Yorkshire Integrated Care Board,NHS ICS,100
E14001429,Poole,E54000041,NHS Dorset Integrated Care Board,NHS ICS,100
E14001430,Poplar and Limehouse,E54000029,NHS North East London Integrated Care Board,NHS ICS,100
E14001431,Portsmouth North,E54000067,NHS Hampshire and Isle of Wight Integrated Care Board,NHS ICS,100
E14001432,Portsmouth South,E54000067,NHS Hampshire and Isle of Wight Integrated Care Board,NHS ICS,100
E14001433,Preston,E54000048,NHS Lancashire and South Cumbria Integrated Care Board,NHS ICS,100
E14001434,Putney,E54000031,NHS South West London Integrated Care Board,NHS ICS,100
E14001435,Queen's Park and Maida Vale,E54000071,NHS West and North London Integrated Care Board,NHS ICS,100
E14001436,Rawmarsh and Conisbrough,E54000061,NHS South Yorkshire Integrated Care Board,NHS ICS,100
E14001437,Rayleigh and Wickford,E54000066,NHS Essex Integrated Care Board,NHS ICS,100
E14001438,Reading Central,E54000070,NHS Thames Valley Integrated Care Board,NHS ICS,100
E14001439,Reading West and Mid Berkshire,E54000070,NHS Thames Valley Integrated Care Board,NHS ICS,100
E14001440,Redcar,E54000050,NHS North East and North Cumbria Integrated Care Board,NHS ICS,100
E14001441,Redditch,E54000019,NHS Herefordshire and Worcestershire Integrated Care Board,NHS ICS,100
E14001442,Reigate,E54000069,NHS Surrey and Sussex Integrated Care Board,NHS ICS,100
E14001443,Ribble Valley,E54000048,NHS Lancashire and South Cumbria Integrated Care Board,NHS ICS,100
E14001444,Richmond and Northallerton,E54000051,NHS Humber and North Yorkshire Integrated Care Board,NHS ICS,100
E14001445,Richmond Park,E54000031,NHS South West London Integrated Care Board,NHS ICS,100
E14001446,Rochdale,E54000057,NHS Greater Manchester Integrated Care Board,NHS ICS,100
E14001447,Rochester and Strood,E54000032,NHS Kent and Medway Integrated Care Board,NHS ICS,100
E14001448,Romford,E54000029,NHS North East London Integrated Care Board,NHS ICS,100
E14001449,Romsey and Southampton North,E54000067,NHS Hampshire and Isle of Wight Integrated Care Board,NHS ICS,100
E14001450,Rossendale and Darwen,E54000048,NHS Lancashire and South Cumbria Integrated Care Board,NHS ICS,100
E14001451,Rother Valley,E54000061,NHS South Yorkshire Integrated Care Board,NHS ICS,100
E14001452,Rotherham,E54000061,NHS South Yorkshire Integrated Care Board,NHS ICS,100
E14001453,Rugby,E54000018,NHS Coventry and Warwickshire Integrated Care Board,NHS ICS,100
E14001454,"Ruislip, Northwood and Pinner",E54000071,NHS West and North London Integrated Care Board,NHS ICS,100
E14001455,Runcorn and Helsby,E54000008,NHS Cheshire and Merseyside Integrated Care Board,NHS ICS,100
E14001456,Runnymede and Weybridge,E54000069,NHS Surrey and Sussex Integrated Care Board,NHS ICS,100
E14001457,Rushcliffe,E54000060,NHS Nottingham and Nottinghamshire Integrated Care Board,NHS ICS,100
E14001458,Rutland and Stamford,E54000013,NHS Lincolnshire Integrated Care Board,NHS ICS,39.8
E14001458,Rutland and Stamford,E54000015,"NHS Leicester, Leicestershire and Rutland Integrated Care Board",NHS ICS,60.2
E14001459,Salford,E54000057,NHS Greater Manchester Integrated Care Board,NHS ICS,100
E14001460,Salisbury,E54000040,"NHS Bath and North East Somerset, Swindon and Wiltshire Integrated Care Board",NHS ICS,100
E14001461,Scarborough and Whitby,E54000051,NHS Humber and North Yorkshire Integrated Care Board,NHS ICS,100
E14001462,Scunthorpe,E54000051,NHS Humber and North Yorkshire Integrated Care Board,NHS ICS,100
E14001463,Sefton Central,E54000008,NHS Cheshire and Merseyside Integrated Care Board,NHS ICS,100
E14001464,Selby,E54000051,NHS Humber and North Yorkshire Integrated Care Board,NHS ICS,77.9
E14001464,Selby,E54000054,NHS West Yorkshire Integrated Care Board,NHS ICS,22.1
E14001465,Sevenoaks,E54000032,NHS Kent and Medway Integrated Care Board,NHS ICS,100
E14001466,Sheffield Brightside and Hillsborough,E54000061,NHS South Yorkshire Integrated Care Board,NHS ICS,100
E14001467,Sheffield Central,E54000061,NHS South Yorkshire Integrated Care Board,NHS ICS,100
E14001468,Sheffield Hallam,E54000061,NHS South Yorkshire Integrated Care Board,NHS ICS,100
E14001469,Sheffield Heeley,E54000061,NHS South Yorkshire Integrated Care Board,NHS ICS,100
E14001470,Sheffield South East,E54000061,NHS South Yorkshire Integrated Care Board,NHS ICS,100
E14001471,Sherwood Forest,E54000060,NHS Nottingham and Nottinghamshire Integrated Care Board,NHS ICS,100
E14001472,Shipley,E54000054,NHS West Yorkshire Integrated Care Board,NHS ICS,100
E14001473,Shrewsbury,E54000011,"NHS Shropshire, Telford and Wrekin Integrated Care Board",NHS ICS,100
E14001474,Sittingbourne and Sheppey,E54000032,NHS Kent and Medway Integrated Care Board,NHS ICS,100
E14001475,Skipton and Ripon,E54000048,NHS Lancashire and South Cumbria Integrated Care Board,NHS ICS,6.2
E14001475,Skipton and Ripon,E54000051,NHS Humber and North Yorkshire Integrated Care Board,NHS ICS,42.9
E14001475,Skipton and Ripon,E54000054,NHS West Yorkshire Integrated Care Board,NHS ICS,50.9
E14001476,Sleaford and North Hykeham,E54000013,NHS Lincolnshire Integrated Care Board,NHS ICS,100
E14001477,Slough,E54000070,NHS Thames Valley Integrated Care Board,NHS ICS,100
E14001478,Smethwick,E54000062,NHS Black Country Integrated Care Board,NHS ICS,100
E14001479,Solihull West and Shirley,E54000055,NHS Birmingham and Solihull Integrated Care Board,NHS ICS,100
E14001480,South Basildon and East Thurrock,E54000066,NHS Essex Integrated Care Board,NHS ICS,100
E14001481,South Cambridgeshire,E54000065,NHS Central East Integrated Care Board,NHS ICS,100
E14001482,South Cotswolds,E54000040,"NHS Bath and North East Somerset, Swindon and Wiltshire Integrated Care Board",NHS ICS,44.6
E14001482,South Cotswolds,E54000043,NHS Gloucestershire Integrated Care Board,NHS ICS,55.4
E14001483,South Derbyshire,E54000058,NHS Derby and Derbyshire Integrated Care Board,NHS ICS,100
E14001484,South Devon,E54000037,NHS Devon Integrated Care Board,NHS ICS,100
E14001485,South Dorset,E54000041,NHS Dorset Integrated Care Board,NHS ICS,100
E14001486,South East Cornwall,E54000036,NHS Cornwall and the Isles of Scilly Integrated Care Board,NHS ICS,100
E14001487,South Holland and The Deepings,E54000013,NHS Lincolnshire Integrated Care Board,NHS ICS,100
E14001488,South Leicestershire,E54000015,"NHS Leicester, Leicestershire and Rutland Integrated Care Board",NHS ICS,100
E14001489,South Norfolk,E54000068,NHS Norfolk and Suffolk Integrated Care Board,NHS ICS,100
E14001490,South Northamptonshire,E54000059,NHS Northamptonshire Integrated Care Board,NHS ICS,100
E14001491,South Ribble,E54000048,NHS Lancashire and South Cumbria Integrated Care Board,NHS ICS,100
E14001492,South Shields,E54000050,NHS North East and North Cumbria Integrated Care Board,NHS ICS,100
E14001493,South Shropshire,E54000011,"NHS Shropshire, Telford and Wrekin Integrated Care Board",NHS ICS,100
E14001494,South Suffolk,E54000068,NHS Norfolk and Suffolk Integrated Care Board,NHS ICS,100
E14001495,South West Devon,E54000037,NHS Devon Integrated Care Board,NHS ICS,100
E14001496,South West Hertfordshire,E54000065,NHS Central East Integrated Care Board,NHS ICS,100
E14001497,South West Norfolk,E54000068,NHS Norfolk and Suffolk Integrated Care Board,NHS ICS,100
E14001498,South West Wiltshire,E54000040,"NHS Bath and North East Somerset, Swindon and Wiltshire Integrated Care Board",NHS ICS,100
E14001499,Southampton Itchen,E54000067,NHS Hampshire and Isle of Wight Integrated Care Board,NHS ICS,100
E14001500,Southampton Test,E54000067,NHS Hampshire and Isle of Wight Integrated Care Board,NHS ICS,100
E14001501,Southend East and Rochford,E54000066,NHS Essex Integrated Care Board,NHS ICS,100
E14001502,Southend West and Leigh,E54000066,NHS Essex Integrated Care Board,NHS ICS,100
E14001503,Southgate and Wood Green,E54000071,NHS West and North London Integrated Care Board,NHS ICS,100
E14001504,Southport,E54000008,NHS Cheshire and Merseyside Integrated Care Board,NHS ICS,82.1
E14001504,Southport,E54000048,NHS Lancashire and South Cumbria Integrated Care Board,NHS ICS,17.9
E14001505,Spelthorne,E54000069,NHS Surrey and Sussex Integrated Care Board,NHS ICS,100
E14001506,Spen Valley,E54000054,NHS West Yorkshire Integrated Care Board,NHS ICS,100
E14001507,St Albans,E54000065,NHS Central East Integrated Care Board,NHS ICS,100
E14001508,St Austell and Newquay,E54000036,NHS Cornwall and the Isles of Scilly Integrated Care Board,NHS ICS,100
E14001509,St Helens North,E54000008,NHS Cheshire and Merseyside Integrated Care Board,NHS ICS,100
E14001510,St Helens South and Whiston,E54000008,NHS Cheshire and Merseyside Integrated Care Board,NHS ICS,100
E14001511,St Ives,E54000036,NHS Cornwall and the Isles of Scilly Integrated Care Board,NHS ICS,100
E14001512,St Neots and Mid Cambridgeshire,E54000065,NHS Central East Integrated Care Board,NHS ICS,100
E14001513,Stafford,E54000010,NHS Staffordshire and Stoke-on-Trent Integrated Care Board,NHS ICS,100
E14001514,Staffordshire Moorlands,E54000010,NHS Staffordshire and Stoke-on-Trent Integrated Care Board,NHS ICS,100
E14001515,Stalybridge and Hyde,E54000057,NHS Greater Manchester Integrated Care Board,NHS ICS,100
E14001516,Stevenage,E54000065,NHS Central East Integrated Care Board,NHS ICS,100
E14001517,Stockport,E54000057,NHS Greater Manchester Integrated Care Board,NHS ICS,100
E14001518,Stockton North,E54000050,NHS North East and North Cumbria Integrated Care Board,NHS ICS,100
E14001519,Stockton West,E54000050,NHS North East and North Cumbria Integrated Care Board,NHS ICS,100
E14001520,Stoke-on-Trent Central,E54000010,NHS Staffordshire and Stoke-on-Trent Integrated Care Board,NHS ICS,100
E14001521,Stoke-on-Trent North,E54000010,NHS Staffordshire and Stoke-on-Trent Integrated Care Board,NHS ICS,100
E14001522,Stoke-on-Trent South,E54000010,NHS Staffordshire and Stoke-on-Trent Integrated Care Board,NHS ICS,100
E14001523,"Stone, Great Wyrley and Penkridge",E54000010,NHS Staffordshire and Stoke-on-Trent Integrated Care Board,NHS ICS,100
E14001524,Stourbridge,E54000062,NHS Black Country Integrated Care Board,NHS ICS,100
E14001525,Stratford and Bow,E54000029,NHS North East London Integrated Care Board,NHS ICS,100
E14001526,Stratford-on-Avon,E54000018,NHS Coventry and Warwickshire Integrated Care Board,NHS ICS,100
E14001527,Streatham and Croydon North,E54000030,NHS South East London Integrated Care Board,NHS ICS,51.1
E14001527,Streatham and Croydon North,E54000031,NHS South West London Integrated Care Board,NHS ICS,48.9
E14001528,Stretford and Urmston,E54000057,NHS Greater Manchester Integrated Care Board,NHS ICS,100
E14001529,Stroud,E54000043,NHS Gloucestershire Integrated Care Board,NHS ICS,100
E14001530,Suffolk Coastal,E54000068,NHS Norfolk and Suffolk Integrated Care Board,NHS ICS,100
E14001531,Sunderland Central,E54000050,NHS North East and North Cumbria Integrated Care Board,NHS ICS,100
E14001532,Surrey Heath,E54000069,NHS Surrey and Sussex Integrated Care Board,NHS ICS,100
E14001533,Sussex Weald,E54000069,NHS Surrey and Sussex Integrated Care Board,NHS ICS,100
E14001534,Sutton and Cheam,E54000031,NHS South West London Integrated Care Board,NHS ICS,100
E14001535,Sutton Coldfield,E54000055,NHS Birmingham and Solihull Integrated Care Board,NHS ICS,100
E14001536,Swindon North,E54000040,"NHS Bath and North East Somerset, Swindon and Wiltshire Integrated Care Board",NHS ICS,100
E14001537,Swindon South,E54000040,"NHS Bath and North East Somerset, Swindon and Wiltshire Integrated Care Board",NHS ICS,100
E14001538,Tamworth,E54000010,NHS Staffordshire and Stoke-on-Trent Integrated Care Board,NHS ICS,100
E14001539,Tatton,E54000008,NHS Cheshire and Merseyside Integrated Care Board,NHS ICS,100
E14001540,Taunton and Wellington,E54000038,NHS Somerset Integrated Care Board,NHS ICS,100
E14001541,Telford,E54000011,"NHS Shropshire, Telford and Wrekin Integrated Care Board",NHS ICS,100
E14001542,Tewkesbury,E54000043,NHS Gloucestershire Integrated Care Board,NHS ICS,100
E14001543,The Wrekin,E54000011,"NHS Shropshire, Telford and Wrekin Integrated Care Board",NHS ICS,100
E14001544,Thirsk and Malton,E54000051,NHS Humber and North Yorkshire Integrated Care Board,NHS ICS,100
E14001545,Thornbury and Yate,E54000039,"NHS Bristol, North Somerset and South Gloucestershire Integrated Care Board",NHS ICS,100
E14001546,Thurrock,E54000066,NHS Essex Integrated Care Board,NHS ICS,100
E14001547,Tipton and Wednesbury,E54000062,NHS Black Country Integrated Care Board,NHS ICS,100
E14001548,Tiverton and Minehead,E54000037,NHS Devon Integrated Care Board,NHS ICS,45.6
E14001548,Tiverton and Minehead,E54000038,NHS Somerset Integrated Care Board,NHS ICS,54.4
E14001549,Tonbridge,E54000032,NHS Kent and Medway Integrated Care Board,NHS ICS,100
E14001550,Tooting,E54000031,NHS South West London Integrated Care Board,NHS ICS,100
E14001551,Torbay,E54000037,NHS Devon Integrated Care Board,NHS ICS,100
E14001552,Torridge and Tavistock,E54000037,NHS Devon Integrated Care Board,NHS ICS,100
E14001553,Tottenham,E54000029,NHS North East London Integrated Care Board,NHS ICS,16.6
E14001553,Tottenham,E54000071,NHS West and North London Integrated Care Board,NHS ICS,83.4
E14001554,Truro and Falmouth,E54000036,NHS Cornwall and the Isles of Scilly Integrated Care Board,NHS ICS,100
E14001555,Tunbridge Wells,E54000032,NHS Kent and Medway Integrated Care Board,NHS ICS,100
E14001556,Twickenham,E54000031,NHS South West London Integrated Care Board,NHS ICS,100
E14001557,Tynemouth,E54000050,NHS North East and North Cumbria Integrated Care Board,NHS ICS,100
E14001558,Uxbridge and South Ruislip,E54000071,NHS West and North London Integrated Care Board,NHS ICS,100
E14001559,Vauxhall and Camberwell Green,E54000030,NHS South East London Integrated Care Board,NHS ICS,100
E14001560,Wakefield and Rothwell,E54000054,NHS West Yorkshire Integrated Care Board,NHS ICS,100
E14001561,Wallasey,E54000008,NHS Cheshire and Merseyside Integrated Care Board,NHS ICS,100
E14001562,Walsall and Bloxwich,E54000062,NHS Black Country Integrated Care Board,NHS ICS,100
E14001563,Walthamstow,E54000029,NHS North East London Integrated Care Board,NHS ICS,100
E14001564,Warrington North,E54000008,NHS Cheshire and Merseyside Integrated Care Board,NHS ICS,100
E14001565,Warrington South,E54000008,NHS Cheshire and Merseyside Integrated Care Board,NHS ICS,100
E14001566,Warwick and Leamington,E54000018,NHS Coventry and Warwickshire Integrated Care Board,NHS ICS,100
E14001567,Washington and Gateshead South,E54000050,NHS North East and North Cumbria Integrated Care Board,NHS ICS,100
E14001568,Watford,E54000065,NHS Central East Integrated Care Board,NHS ICS,100
E14001569,Waveney Valley,E54000068,NHS Norfolk and Suffolk Integrated Care Board,NHS ICS,100
E14001570,Weald of Kent,E54000032,NHS Kent and Medway Integrated Care Board,NHS ICS,100
E14001571,Wellingborough and Rushden,E54000059,NHS Northamptonshire Integrated Care Board,NHS ICS,100
E14001572,Wells and Mendip Hills,E54000038,NHS Somerset Integrated Care Board,NHS ICS,69.8
E14001572,Wells and Mendip Hills,E54000039,"NHS Bristol, North Somerset and South Gloucestershire Integrated Care Board",NHS ICS,30.2
E14001573,Welwyn Hatfield,E54000065,NHS Central East Integrated Care Board,NHS ICS,100
E14001574,West Bromwich,E54000062,NHS Black Country Integrated Care Board,NHS ICS,100
E14001575,West Dorset,E54000041,NHS Dorset Integrated Care Board,NHS ICS,100
E14001576,West Ham and Beckton,E54000029,NHS North East London Integrated Care Board,NHS ICS,100
E14001577,West Lancashire,E54000048,NHS Lancashire and South Cumbria Integrated Care Board,NHS ICS,100
E14001578,West Suffolk,E54000068,NHS Norfolk and Suffolk Integrated Care Board,NHS ICS,100
E14001579,West Worcestershire,E54000019,NHS Herefordshire and Worcestershire Integrated Care Board,NHS ICS,100
E14001580,Westmorland and Lonsdale,E54000048,NHS Lancashire and South Cumbria Integrated Care Board,NHS ICS,72.7
E14001580,Westmorland and Lonsdale,E54000050,NHS North East and North Cumbria Integrated Care Board,NHS ICS,27.3
E14001581,Weston-super-Mare,E54000039,"NHS Bristol, North Somerset and South Gloucestershire Integrated Care Board",NHS ICS,100
E14001582,Wetherby and Easingwold,E54000051,NHS Humber and North Yorkshire Integrated Care Board,NHS ICS,56.9
E14001582,Wetherby and Easingwold,E54000054,NHS West Yorkshire Integrated Care Board,NHS ICS,43.1
E14001583,Whitehaven and Workington,E54000050,NHS North East and North Cumbria Integrated Care Board,NHS ICS,100
E14001584,Widnes and Halewood,E54000008,NHS Cheshire and Merseyside Integrated Care Board,NHS ICS,100
E14001585,Wigan,E54000057,NHS Greater Manchester Integrated Care Board,NHS ICS,100
E14001586,Wimbledon,E54000031,NHS South West London Integrated Care Board,NHS ICS,100
E14001587,Winchester,E54000067,NHS Hampshire and Isle of Wight Integrated Care Board,NHS ICS,100
E14001588,Windsor,E54000069,NHS Surrey and Sussex Integrated Care Board,NHS ICS,16.7
E14001588,Windsor,E54000070,NHS Thames Valley Integrated Care Board,NHS ICS,83.3
E14001589,Wirral West,E54000008,NHS Cheshire and Merseyside Integrated Care Board,NHS ICS,100
E14001590,Witham,E54000066,NHS Essex Integrated Care Board,NHS ICS,100
E14001591,Witney,E54000040,"NHS Bath and North East Somerset, Swindon and Wiltshire Integrated Care Board",NHS ICS,7
E14001591,Witney,E54000070,NHS Thames Valley Integrated Care Board,NHS ICS,93
E14001592,Woking,E54000069,NHS Surrey and Sussex Integrated Care Board,NHS ICS,100
E14001593,Wokingham,E54000070,NHS Thames Valley Integrated Care Board,NHS ICS,100
E14001594,Wolverhampton North East,E54000062,NHS Black Country Integrated Care Board,NHS ICS,100
E14001595,Wolverhampton South East,E54000062,NHS Black Country Integrated Care Board,NHS ICS,100
E14001596,Wolverhampton West,E54000062,NHS Black Country Integrated Care Board,NHS ICS,100
E14001597,Worcester,E54000019,NHS Herefordshire and Worcestershire Integrated Care Board,NHS ICS,100
E14001598,Worsley and Eccles,E54000057,NHS Greater Manchester Integrated Care Board,NHS ICS,100
E14001599,Worthing West,E54000069,NHS Surrey and Sussex Integrated Care Board,NHS ICS,100
E14001600,Wycombe,E54000070,NHS Thames Valley Integrated Care Board,NHS ICS,100
E14001601,Wyre Forest,E54000019,NHS Herefordshire and Worcestershire Integrated Care Board,NHS ICS,100
E14001602,Wythenshawe and Sale East,E54000057,NHS Greater Manchester Integrated Care Board,NHS ICS,100
E14001603,Yeovil,E54000038,NHS Somerset Integrated Care Board,NHS ICS,100
E14001604,York Central,E54000051,NHS Humber and North Yorkshire Integrated Care Board,NHS ICS,100
E14001605,York Outer,E54000051,NHS Humber and North Yorkshire Integrated Care Board,NHS ICS,100
E14001063,Aldershot,E10000014,Hampshire County Council,County council,100
E14001063,Aldershot,E07000089,Hart District Council,District council,15.3
E14001063,Aldershot,E07000092,Rushmoor Borough Council,District council,84.7
E14001064,Aldridge-Brownhills,E08000030,Walsall Metropolitan Borough Council,Metropolitan borough,100
E14001065,Altrincham and Sale West,E08000009,Trafford Metropolitan Borough Council,Metropolitan borough,100
E14001066,Amber Valley,E07000032,Amber Valley Borough Council,District council,100
E14001066,Amber Valley,E10000007,Derbyshire County Council,County council,100
E14001067,Arundel and South Downs,E07000224,Arun District Council,District council,18.4
E14001067,Arundel and South Downs,E07000225,Chichester District Council,District council,37.5
E14001067,Arundel and South Downs,E07000227,Horsham District Council,District council,44.1
E14001067,Arundel and South Downs,E10000032,West Sussex County Council,County council,100
E14001068,Ashfield,E07000170,Ashfield District Council,District council,94.2
E14001068,Ashfield,E07000174,Mansfield District Council,District council,5.8
E14001068,Ashfield,E10000024,Nottinghamshire County Council,County council,100
E14001069,Ashford,E07000105,Ashford Borough Council,District council,83.3
E14001069,Ashford,E07000112,Folkestone and Hythe District Council,District council,16.7
E14001069,Ashford,E10000016,Kent County Council,County council,100
E14001070,Ashton-under-Lyne,E08000008,Tameside Metropolitan Borough Council,Metropolitan borough,100
E14001071,Aylesbury,E06000060,Buckinghamshire Council,Unitary authority,100
E14001072,Banbury,E07000177,Cherwell District Council,District council,81.5
E14001072,Banbury,E10000025,Oxfordshire County Council,County council,100
E14001072,Banbury,E07000181,West Oxfordshire District Council,District council,18.5
E14001073,Barking,E09000002,Barking and Dagenham London Borough Council,London borough,100
E14001074,Barnsley North,E08000016,Barnsley Metropolitan Borough Council,Metropolitan borough,100
E14001075,Barnsley South,E08000016,Barnsley Metropolitan Borough Council,Metropolitan borough,100
E14001076,Barrow and Furness,E06000063,Cumberland Council,Unitary authority,10.1
E14001076,Barrow and Furness,E06000064,Westmorland and Furness Council,Unitary authority,89.9
E14001077,Basildon and Billericay,E07000066,Basildon District Council,District council,100
E14001077,Basildon and Billericay,E10000012,Essex County Council,County council,100
E14001078,Basingstoke,E07000084,Basingstoke and Deane Borough Council,District council,100
E14001078,Basingstoke,E10000014,Hampshire County Council,County council,100
E14001079,Bassetlaw,E07000171,Bassetlaw District Council,District council,100
E14001079,Bassetlaw,E10000024,Nottinghamshire County Council,County council,100
E14001080,Bath,E06000022,Bath and North East Somerset Council,Unitary authority,100
E14001081,Battersea,E09000032,Wandsworth London Borough Council,London borough,100
E14001082,Beaconsfield,E06000060,Buckinghamshire Council,Unitary authority,100
E14001083,Beckenham and Penge,E09000006,Bromley London Borough Council,London borough,100
E14001084,Bedford,E06000055,Bedford Borough Council,Unitary authority,100
E14001085,Bermondsey and Old Southwark,E09000028,Southwark London Borough Council,London borough,100
E14001086,Bethnal Green and Stepney,E09000030,Tower Hamlets London Borough Council,London borough,100
E14001087,Beverley and Holderness,E06000011,East Riding of Yorkshire Council,Unitary authority,100
E14001088,Bexhill and Battle,E10000011,East Sussex County Council,County council,100
E14001088,Bexhill and Battle,E07000064,Rother District Council,District council,88.9
E14001088,Bexhill and Battle,E07000065,Wealden District Council,District council,11.1
E14001089,Bexleyheath and Crayford,E09000004,Bexley London Borough Council,London borough,100
E14001090,Bicester and Woodstock,E07000177,Cherwell District Council,District council,77.5
E14001090,Bicester and Woodstock,E10000025,Oxfordshire County Council,County council,100
E14001090,Bicester and Woodstock,E07000181,West Oxfordshire District Council,District council,22.5
E14001091,Birkenhead,E08000015,Wirral Metropolitan Borough Council,Metropolitan borough,100
E14001092,Birmingham Edgbaston,E08000025,Birmingham City Council,Metropolitan borough,100
E14001093,Birmingham Erdington,E08000025,Birmingham City Council,Metropolitan borough,100
E14001094,Birmingham Hall Green and Moseley,E08000025,Birmingham City Council,Metropolitan borough,100
E14001095,Birmingham Hodge Hill and Solihull North,E08000025,Birmingham City Council,Metropolitan borough,80.2
E14001095,Birmingham Hodge Hill and Solihull North,E08000029,Solihull Metropolitan Borough Council,Metropolitan borough,19.8
E14001096,Birmingham Ladywood,E08000025,Birmingham City Council,Metropolitan borough,100
E14001097,Birmingham Northfield,E08000025,Birmingham City Council,Metropolitan borough,100
E14001098,Birmingham Perry Barr,E08000025,Birmingham City Council,Metropolitan borough,100
E14001099,Birmingham Selly Oak,E08000025,Birmingham City Council,Metropolitan borough,100
E14001100,Birmingham Yardley,E08000025,Birmingham City Council,Metropolitan borough,100
E14001101,Bishop Auckland,E06000047,Durham County Council,Unitary authority,100
E14001102,Blackburn,E06000008,Blackburn with Darwen Borough Council,Unitary authority,100
E14001103,Blackley and Middleton South,E08000003,Manchester City Council,Metropolitan borough,81.2
E14001103,Blackley and Middleton South,E08000005,Rochdale Metropolitan Borough Council,Metropolitan borough,18.8
E14001104,Blackpool North and Fleetwood,E06000009,Blackpool Borough Council,Unitary authority,32.8
E14001104,Blackpool North and Fleetwood,E10000017,Lancashire County Council,County council,67.2
E14001104,Blackpool North and Fleetwood,E07000128,Wyre Borough Council,District council,67.2
E14001105,Blackpool South,E06000009,Blackpool Borough Council,Unitary authority,100
E14001106,Blaydon and Consett,E06000047,Durham County Council,Unitary authority,50.8
E14001106,Blaydon and Consett,E08000037,Gateshead Metropolitan Borough Council,Metropolitan borough,49.2
E14001107,Blyth and Ashington,E06000057,Northumberland County Council,Unitary authority,100
E14001108,Bognor Regis and Littlehampton,E07000224,Arun District Council,District council,100
E14001108,Bognor Regis and Littlehampton,E10000032,West Sussex County Council,County council,100
E14001109,Bolsover,E07000033,Bolsover District Council,District council,80
E14001109,Bolsover,E10000007,Derbyshire County Council,County council,100
E14001109,Bolsover,E07000038,North East Derbyshire District Council,District council,20
E14001110,Bolton North East,E08000001,Bolton Metropolitan Borough Council,Metropolitan borough,100
E14001111,Bolton South and Walkden,E08000001,Bolton Metropolitan Borough Council,Metropolitan borough,67.6
E14001111,Bolton South and Walkden,E08000006,Salford City Council,Metropolitan borough,32.4
E14001112,Bolton West,E08000001,Bolton Metropolitan Borough Council,Metropolitan borough,100
E14001113,Bootle,E08000014,Sefton Metropolitan Borough Council,Metropolitan borough,100
E14001114,Boston and Skegness,E07000136,Boston Borough Council,District council,60.5
E14001114,Boston and Skegness,E07000137,East Lindsey District Council,District council,39.5
E14001114,Boston and Skegness,E10000019,Lincolnshire County Council,County council,100
E14001115,Bournemouth East,E06000058,"Bournemouth, Christchurch and Poole Council",Unitary authority,100
E14001116,Bournemouth West,E06000058,"Bournemouth, Christchurch and Poole Council",Unitary authority,100
E14001117,Bracknell,E06000036,Bracknell Forest Borough Council,Unitary authority,100
E14001118,Bradford East,E08000032,City of Bradford Metropolitan District Council,Metropolitan borough,100
E14001119,Bradford South,E08000032,City of Bradford Metropolitan District Council,Metropolitan borough,100
E14001120,Bradford West,E08000032,City of Bradford Metropolitan District Council,Metropolitan borough,100
E14001121,Braintree,E07000067,Braintree District Council,District council,93.5
E14001121,Braintree,E10000012,Essex County Council,County council,100
E14001121,Braintree,E07000077,Uttlesford District Council,District council,6.5
E14001122,Brent East,E09000005,Brent London Borough Council,London borough,100
E14001123,Brent West,E09000005,Brent London Borough Council,London borough,100
E14001124,Brentford and Isleworth,E09000018,Hounslow London Borough Council,London borough,91.9
E14001124,Brentford and Isleworth,E09000027,Richmond upon Thames London Borough Council,London borough,8.1
E14001125,Brentwood and Ongar,E07000068,Brentwood Borough Council,District council,78.6
E14001125,Brentwood and Ongar,E07000072,Epping Forest Borough Council,District council,21.4
E14001125,Brentwood and Ongar,E10000012,Essex County Council,County council,100
E14001126,Bridgwater,E06000066,Somerset Council,Unitary authority,100
E14001127,Bridlington and The Wolds,E06000011,East Riding of Yorkshire Council,Unitary authority,100
E14001128,Brigg and Immingham,E06000012,North East Lincolnshire Council,Unitary authority,54.9
E14001128,Brigg and Immingham,E06000013,North Lincolnshire Council,Unitary authority,45.1
E14001129,Brighton Kemptown and Peacehaven,E06000043,Brighton and Hove City Council,Unitary authority,75.9
E14001129,Brighton Kemptown and Peacehaven,E10000011,East Sussex County Council,County council,24.1
E14001129,Brighton Kemptown and Peacehaven,E07000063,Lewes District Council,District council,24.1
E14001130,Brighton Pavilion,E06000043,Brighton and Hove City Council,Unitary authority,100
E14001131,Bristol Central,E06000023,Bristol City Council,Unitary authority,100
E14001132,Bristol East,E06000023,Bristol City Council,Unitary authority,100
E14001133,Bristol North East,E06000023,Bristol City Council,Unitary authority,56.3
E14001133,Bristol North East,E06000025,South Gloucestershire Council,Unitary authority,43.7
E14001134,Bristol North West,E06000023,Bristol City Council,Unitary authority,100
E14001135,Bristol South,E06000023,Bristol City Council,Unitary authority,100
E14001136,Broadland and Fakenham,E07000144,Broadland District Council,District council,82.9
E14001136,Broadland and Fakenham,E10000020,Norfolk County Council,County council,100
E14001136,Broadland and Fakenham,E07000147,North Norfolk District Council,District council,17.1
E14001137,Bromley and Biggin Hill,E09000006,Bromley London Borough Council,London borough,100
E14001138,Bromsgrove,E07000234,Bromsgrove District Council,District council,100
E14001138,Bromsgrove,E10000034,Worcestershire County Council,County council,100
E14001139,Broxbourne,E07000095,Broxbourne Borough Council,District council,91.4
E14001139,Broxbourne,E07000242,East Hertfordshire District Council,District council,8.6
E14001139,Broxbourne,E10000015,Hertfordshire County Council,County council,100
E14001140,Broxtowe,E07000172,Broxtowe Borough Council,District council,100
E14001140,Broxtowe,E10000024,Nottinghamshire County Council,County council,100
E14001141,Buckingham and Bletchley,E06000060,Buckinghamshire Council,Unitary authority,41.7
E14001141,Buckingham and Bletchley,E06000042,Milton Keynes Council,Unitary authority,58.3
E14001142,Burnley,E07000117,Burnley Borough Council,District council,86.5
E14001142,Burnley,E10000017,Lancashire County Council,County council,100
E14001142,Burnley,E07000122,Pendle Borough Council,District council,13.5
E14001143,Burton and Uttoxeter,E07000193,East Staffordshire Borough Council,District council,100
E14001143,Burton and Uttoxeter,E10000028,Staffordshire County Council,County council,100
E14001144,Bury North,E08000002,Bury Metropolitan Borough Council,Metropolitan borough,100
E14001145,Bury South,E08000002,Bury Metropolitan Borough Council,Metropolitan borough,84.8
E14001145,Bury South,E08000006,Salford City Council,Metropolitan borough,15.2
E14001146,Bury St Edmunds and Stowmarket,E07000203,Mid Suffolk District Council,District council,39.8
E14001146,Bury St Edmunds and Stowmarket,E10000029,Suffolk County Council,County council,100
E14001146,Bury St Edmunds and Stowmarket,E07000245,West Suffolk Council,District council,60.2
E14001147,Calder Valley,E08000033,Calderdale Metropolitan Borough Council,Metropolitan borough,100
E14001148,Camborne and Redruth,E06000052,Cornwall Council,Unitary authority,100
E14001149,Cambridge,E07000008,Cambridge City Council,District council,100
E14001149,Cambridge,E10000003,Cambridgeshire County Council,County council,100
E14001150,Cannock Chase,E07000192,Cannock Chase Council,District council,100
E14001150,Cannock Chase,E10000028,Staffordshire County Council,County council,100
E14001151,Canterbury,E07000106,Canterbury City Council,District council,100
E14001151,Canterbury,E10000016,Kent County Council,County council,100
E14001152,Carlisle,E06000063,Cumberland Council,Unitary authority,100
E14001153,Carshalton and Wallington,E09000029,Sutton London Borough Council,London borough,100
E14001154,Castle Point,E07000066,Basildon District Council,District council,2.1
E14001154,Castle Point,E07000069,Castle Point Borough Council,District council,97.9
E14001154,Castle Point,E10000012,Essex County Council,County council,100
E14001155,Central Devon,E10000008,Devon County Council,County council,100
E14001155,Central Devon,E07000042,Mid Devon District Council,District council,31.4
E14001155,Central Devon,E07000045,Teignbridge District Council,District council,44.5
E14001155,Central Devon,E07000047,West Devon Borough Council,District council,24.1
E14001156,Central Suffolk and North Ipswich,E07000244,East Suffolk Council,District council,43.9
E14001156,Central Suffolk and North Ipswich,E07000202,Ipswich Borough Council,District council,26.2
E14001156,Central Suffolk and North Ipswich,E07000203,Mid Suffolk District Council,District council,29.9
E14001156,Central Suffolk and North Ipswich,E10000029,Suffolk County Council,County council,100
E14001157,Chatham and Aylesford,E10000016,Kent County Council,County council,29.9
E14001157,Chatham and Aylesford,E06000035,Medway Borough Council,Unitary authority,70.1
E14001157,Chatham and Aylesford,E07000115,Tonbridge and Malling Borough Council,District council,29.9
E14001158,Cheadle,E08000007,Stockport Metropolitan Borough Council,Metropolitan borough,100
E14001159,Chelmsford,E07000070,Chelmsford Borough Council,District council,100
E14001159,Chelmsford,E10000012,Essex County Council,County council,100
E14001160,Chelsea and Fulham,E09000013,Hammersmith and Fulham London Borough Council,London borough,71.5
E14001160,Chelsea and Fulham,E09000020,Royal Borough of Kensington and Chelsea,London borough,28.5
E14001161,Cheltenham,E07000078,Cheltenham Borough Council,District council,100
E14001161,Cheltenham,E10000013,Gloucestershire County Council,County council,100
E14001162,Chesham and Amersham,E06000060,Buckinghamshire Council,Unitary authority,100
E14001163,Chester North and Neston,E06000050,Cheshire West and Chester Council,Unitary authority,100
E14001164,Chester South and Eddisbury,E06000049,Cheshire East Council,Unitary authority,24.2
E14001164,Chester South and Eddisbury,E06000050,Cheshire West and Chester Council,Unitary authority,75.8
E14001165,Chesterfield,E07000034,Chesterfield Borough Council,District council,100
E14001165,Chesterfield,E10000007,Derbyshire County Council,County council,100
E14001166,Chichester,E07000224,Arun District Council,District council,16.1
E14001166,Chichester,E07000225,Chichester District Council,District council,83.9
E14001166,Chichester,E10000032,West Sussex County Council,County council,100
E14001167,Chingford and Woodford Green,E09000026,Redbridge London Borough Council,London borough,34.7
E14001167,Chingford and Woodford Green,E09000031,Waltham Forest London Borough Council,London borough,65.3
E14001168,Chippenham,E06000054,Wiltshire Council,Unitary authority,100
E14001169,Chipping Barnet,E09000003,Barnet London Borough Council,London borough,100
E14001170,Chorley,E07000118,Chorley Borough Council,District council,100
E14001170,Chorley,E10000017,Lancashire County Council,County council,100
E14001171,Christchurch,E06000058,"Bournemouth, Christchurch and Poole Council",Unitary authority,56.7
E14001171,Christchurch,E06000059,Dorset Council,Unitary authority,43.3
E14001172,Cities of London and Westminster,E09000001,City of London Corporation,London borough,8.5
E14001172,Cities of London and Westminster,E09000033,Westminster City Council,London borough,91.5
E14001173,City of Durham,E06000047,Durham County Council,Unitary authority,100
E14001174,Clacton,E10000012,Essex County Council,County council,100
E14001174,Clacton,E07000076,Tendring District Council,District council,100
E14001175,Clapham and Brixton Hill,E09000022,Lambeth London Borough Council,London borough,100
E14001176,Colchester,E07000071,Colchester Borough Council,District council,100
E14001176,Colchester,E10000012,Essex County Council,County council,100
E14001177,Colne Valley,E08000034,Kirklees Metropolitan Borough Council,Metropolitan borough,100
E14001178,Congleton,E06000049,Cheshire East Council,Unitary authority,100
E14001179,Corby and East Northamptonshire,E06000061,North Northamptonshire Council,Unitary authority,100
E14001180,Coventry East,E08000026,Coventry City Council,Metropolitan borough,100
E14001181,Coventry North West,E08000026,Coventry City Council,Metropolitan borough,100
E14001182,Coventry South,E08000026,Coventry City Council,Metropolitan borough,100
E14001183,Cramlington and Killingworth,E08000021,Newcastle-upon-Tyne City Council,Metropolitan borough,5.3
E14001183,Cramlington and Killingworth,E08000022,North Tyneside Council,Metropolitan borough,47.6
E14001183,Cramlington and Killingworth,E06000057,Northumberland County Council,Unitary authority,47.1
E14001184,Crawley,E07000226,Crawley Borough Council,District council,100
E14001184,Crawley,E10000032,West Sussex County Council,County council,100
E14001185,Crewe and Nantwich,E06000049,Cheshire East Council,Unitary authority,100
E14001186,Croydon East,E09000008,Croydon London Borough Council,London borough,100
E14001187,Croydon South,E09000008,Croydon London Borough Council,London borough,100
E14001188,Croydon West,E09000008,Croydon London Borough Council,London borough,100
E14001189,Dagenham and Rainham,E09000002,Barking and Dagenham London Borough Council,London borough,60.8
E14001189,Dagenham and Rainham,E09000016,Havering London Borough Council,London borough,39.2
E14001190,Darlington,E06000005,Darlington Borough Council,Unitary authority,100
E14001191,Dartford,E07000107,Dartford Borough Council,District council,100
E14001191,Dartford,E10000016,Kent County Council,County council,100
E14001192,Daventry,E06000061,North Northamptonshire Council,Unitary authority,13
E14001192,Daventry,E06000062,West Northamptonshire Council,Unitary authority,87
E14001193,Derby North,E06000015,Derby City Council,Unitary authority,100
E14001194,Derby South,E06000015,Derby City Council,Unitary authority,100
E14001195,Derbyshire Dales,E07000032,Amber Valley Borough Council,District council,6
E14001195,Derbyshire Dales,E10000007,Derbyshire County Council,County council,100
E14001195,Derbyshire Dales,E07000035,Derbyshire Dales District Council,District council,79.3
E14001195,Derbyshire Dales,E07000039,South Derbyshire District Council,District council,14.7
E14001196,Dewsbury and Batley,E08000034,Kirklees Metropolitan Borough Council,Metropolitan borough,100
E14001197,Didcot and Wantage,E10000025,Oxfordshire County Council,County council,100
E14001197,Didcot and Wantage,E07000179,South Oxfordshire District Council,District council,50.4
E14001197,Didcot and Wantage,E07000180,Vale of White Horse District Council,District council,49.6
E14001198,Doncaster Central,E08000017,Doncaster Metropolitan Borough Council,Metropolitan borough,100
E14001199,Doncaster East and the Isle of Axholme,E08000017,Doncaster Metropolitan Borough Council,Metropolitan borough,75.6
E14001199,Doncaster East and the Isle of Axholme,E06000013,North Lincolnshire Council,Unitary authority,24.4
E14001200,Doncaster North,E08000017,Doncaster Metropolitan Borough Council,Metropolitan borough,100
E14001201,Dorking and Horley,E07000210,Mole Valley District Council,District council,64
E14001201,Dorking and Horley,E07000211,Reigate and Banstead Borough Council,District council,33.6
E14001201,Dorking and Horley,E10000030,Surrey County Council,County council,100
E14001201,Dorking and Horley,E07000216,Waverley Borough Council,District council,2.4
E14001202,Dover and Deal,E07000108,Dover District Council,District council,100
E14001202,Dover and Deal,E10000016,Kent County Council,County council,100
E14001203,Droitwich and Evesham,E10000034,Worcestershire County Council,County council,100
E14001203,Droitwich and Evesham,E07000238,Wychavon District Council,District council,100
E14001204,Dudley,E08000027,Dudley Metropolitan Borough Council,Metropolitan borough,100
E14001205,Dulwich and West Norwood,E09000022,Lambeth London Borough Council,London borough,71.7
E14001205,Dulwich and West Norwood,E09000028,Southwark London Borough Council,London borough,28.3
E14001206,Dunstable and Leighton Buzzard,E06000056,Central Bedfordshire Council,Unitary authority,100
E14001207,Ealing Central and Acton,E09000009,Ealing London Borough Council,London borough,86.1
E14001207,Ealing Central and Acton,E09000013,Hammersmith and Fulham London Borough Council,London borough,13.9
E14001208,Ealing North,E09000009,Ealing London Borough Council,London borough,100
E14001209,Ealing Southall,E09000009,Ealing London Borough Council,London borough,100
E14001210,Earley and Woodley,E06000038,Reading Borough Council,Unitary authority,24.7
E14001210,Earley and Woodley,E06000041,Wokingham Council,Unitary authority,75.3
E14001211,Easington,E06000047,Durham County Council,Unitary authority,100
E14001212,East Grinstead and Uckfield,E10000011,East Sussex County Council,County council,43.2
E14001212,East Grinstead and Uckfield,E07000063,Lewes District Council,District council,11.2
E14001212,East Grinstead and Uckfield,E07000228,Mid Sussex District Council,District council,56.8
E14001212,East Grinstead and Uckfield,E07000065,Wealden District Council,District council,32
E14001212,East Grinstead and Uckfield,E10000032,West Sussex County Council,County council,56.8
E14001213,East Ham,E09000025,Newham London Borough Council,London borough,100
E14001214,East Hampshire,E07000084,Basingstoke and Deane Borough Council,District council,1.8
E14001214,East Hampshire,E07000085,East Hampshire District Council,District council,98.2
E14001214,East Hampshire,E10000014,Hampshire County Council,County council,100
E14001215,East Surrey,E07000211,Reigate and Banstead Borough Council,District council,11.5
E14001215,East Surrey,E10000030,Surrey County Council,County council,100
E14001215,East Surrey,E07000215,Tandridge District Council,District council,88.5
E14001216,East Thanet,E10000016,Kent County Council,County council,100
E14001216,East Thanet,E07000114,Thanet District Council,District council,100
E14001217,East Wiltshire,E06000030,Swindon Borough Council,Unitary authority,13.7
E14001217,East Wiltshire,E06000054,Wiltshire Council,Unitary authority,86.3
E14001218,East Worthing and Shoreham,E07000223,Adur District Council,District council,64.7
E14001218,East Worthing and Shoreham,E10000032,West Sussex County Council,County council,100
E14001218,East Worthing and Shoreham,E07000229,Worthing Borough Council,District council,35.3
E14001219,Eastbourne,E10000011,East Sussex County Council,County council,100
E14001219,Eastbourne,E07000061,Eastbourne Borough Council,District council,100
E14001220,Eastleigh,E07000086,Eastleigh Borough Council,District council,93.5
E14001220,Eastleigh,E10000014,Hampshire County Council,County council,100
E14001220,Eastleigh,E07000093,Test Valley Borough Council,District council,6.5
E14001221,Edmonton and Winchmore Hill,E09000010,Enfield London Borough Council,London borough,100
E14001222,Ellesmere Port and Bromborough,E06000050,Cheshire West and Chester Council,Unitary authority,67.9
E14001222,Ellesmere Port and Bromborough,E08000015,Wirral Metropolitan Borough Council,Metropolitan borough,32.1
E14001223,Eltham and Chislehurst,E09000006,Bromley London Borough Council,London borough,24.1
E14001223,Eltham and Chislehurst,E09000011,Greenwich London Borough Council,London borough,75.9
E14001224,Ely and East Cambridgeshire,E10000003,Cambridgeshire County Council,County council,100
E14001224,Ely and East Cambridgeshire,E07000009,East Cambridgeshire District Council,District council,83.1
E14001224,Ely and East Cambridgeshire,E07000012,South Cambridgeshire District Council,District council,16.9
E14001225,Enfield North,E09000010,Enfield London Borough Council,London borough,100
E14001226,Epping Forest,E07000072,Epping Forest Borough Council,District council,100
E14001226,Epping Forest,E10000012,Essex County Council,County council,100
E14001227,Epsom and Ewell,E07000208,Epsom and Ewell Borough Council,District council,75
E14001227,Epsom and Ewell,E07000210,Mole Valley District Council,District council,25
E14001227,Epsom and Ewell,E10000030,Surrey County Council,County council,100
E14001228,Erewash,E10000007,Derbyshire County Council,County council,100
E14001228,Erewash,E07000036,Erewash Borough Council,District council,100
E14001229,Erith and Thamesmead,E09000004,Bexley London Borough Council,London borough,34.9
E14001229,Erith and Thamesmead,E09000011,Greenwich London Borough Council,London borough,65.1
E14001230,Esher and Walton,E07000207,Elmbridge Borough Council,District council,100
E14001230,Esher and Walton,E10000030,Surrey County Council,County council,100
E14001231,Exeter,E10000008,Devon County Council,County council,100
E14001231,Exeter,E07000041,Exeter City Council,District council,100
E14001232,Exmouth and Exeter East,E10000008,Devon County Council,County council,100
E14001232,Exmouth and Exeter East,E07000040,East Devon District Council,District council,71
E14001232,Exmouth and Exeter East,E07000041,Exeter City Council,District council,29
E14001233,Fareham and Waterlooville,E07000087,Fareham Borough Council,District council,53.8
E14001233,Fareham and Waterlooville,E10000014,Hampshire County Council,County council,100
E14001233,Fareham and Waterlooville,E07000090,Havant Borough Council,District council,29.6
E14001233,Fareham and Waterlooville,E07000094,Winchester City Council,District council,16.5
E14001234,Farnham and Bordon,E07000085,East Hampshire District Council,District council,36.6
E14001234,Farnham and Bordon,E10000014,Hampshire County Council,County council,36.6
E14001234,Farnham and Bordon,E10000030,Surrey County Council,County council,63.4
E14001234,Farnham and Bordon,E07000216,Waverley Borough Council,District council,63.4
E14001235,Faversham and Mid Kent,E10000016,Kent County Council,County council,100
E14001235,Faversham and Mid Kent,E07000110,Maidstone Borough Council,District council,60.6
E14001235,Faversham and Mid Kent,E07000113,Swale Borough Council,District council,39.4
E14001236,Feltham and Heston,E09000018,Hounslow London Borough Council,London borough,100
E14001237,Filton and Bradley Stoke,E06000025,South Gloucestershire Council,Unitary authority,100
E14001238,Finchley and Golders Green,E09000003,Barnet London Borough Council,London borough,100
E14001239,Folkestone and Hythe,E07000112,Folkestone and Hythe District Council,District council,100
E14001239,Folkestone and Hythe,E10000016,Kent County Council,County council,100
E14001240,Forest of Dean,E07000080,Forest of Dean District Council,District council,94.9
E14001240,Forest of Dean,E10000013,Gloucestershire County Council,County council,100
E14001240,Forest of Dean,E07000083,Tewkesbury Borough Council,District council,5.1
E14001241,Frome and East Somerset,E06000022,Bath and North East Somerset Council,Unitary authority,40.3
E14001241,Frome and East Somerset,E06000066,Somerset Council,Unitary authority,59.7
E14001242,Fylde,E07000119,Fylde Borough Council,District council,84.4
E14001242,Fylde,E10000017,Lancashire County Council,County council,100
E14001242,Fylde,E07000128,Wyre Borough Council,District council,15.6
E14001243,Gainsborough,E10000019,Lincolnshire County Council,County council,100
E14001243,Gainsborough,E07000142,West Lindsey District Council,District council,100
E14001244,Gateshead Central and Whickham,E08000037,Gateshead Metropolitan Borough Council,Metropolitan borough,100
E14001245,Gedling,E07000173,Gedling Borough Council,District council,100
E14001245,Gedling,E10000024,Nottinghamshire County Council,County council,100
E14001246,Gillingham and Rainham,E06000035,Medway Borough Council,Unitary authority,100
E14001247,Glastonbury and Somerton,E06000066,Somerset Council,Unitary authority,100
E14001248,Gloucester,E07000081,Gloucester City Council,District council,100
E14001248,Gloucester,E10000013,Gloucestershire County Council,County council,100
E14001249,Godalming and Ash,E07000209,Guildford Borough Council,District council,35.5
E14001249,Godalming and Ash,E10000030,Surrey County Council,County council,100
E14001249,Godalming and Ash,E07000216,Waverley Borough Council,District council,64.5
E14001250,Goole and Pocklington,E06000011,East Riding of Yorkshire Council,Unitary authority,100
E14001251,Gorton and Denton,E08000003,Manchester City Council,Metropolitan borough,70.5
E14001251,Gorton and Denton,E08000008,Tameside Metropolitan Borough Council,Metropolitan borough,29.5
E14001252,Gosport,E07000087,Fareham Borough Council,District council,15
E14001252,Gosport,E07000088,Gosport Borough Council,District council,85
E14001252,Gosport,E10000014,Hampshire County Council,County council,100
E14001253,Grantham and Bourne,E10000019,Lincolnshire County Council,County council,100
E14001253,Grantham and Bourne,E07000139,North Kesteven District Council,District council,8.3
E14001253,Grantham and Bourne,E07000141,South Kesteven District Council,District council,91.7
E14001254,Gravesham,E07000109,Gravesham Borough Council,District council,100
E14001254,Gravesham,E10000016,Kent County Council,County council,100
E14001255,Great Grimsby and Cleethorpes,E06000012,North East Lincolnshire Council,Unitary authority,100
E14001256,Great Yarmouth,E07000145,Great Yarmouth Borough Council,District council,100
E14001256,Great Yarmouth,E10000020,Norfolk County Council,County council,100
E14001257,Greenwich and Woolwich,E09000011,Greenwich London Borough Council,London borough,100
E14001258,Guildford,E07000209,Guildford Borough Council,District council,100
E14001258,Guildford,E10000030,Surrey County Council,County council,100
E14001259,Hackney North and Stoke Newington,E09000012,Hackney London Borough Council,London borough,100
E14001260,Hackney South and Shoreditch,E09000012,Hackney London Borough Council,London borough,100
E14001261,Halesowen,E08000027,Dudley Metropolitan Borough Council,Metropolitan borough,83.5
E14001261,Halesowen,E08000028,Sandwell Metropolitan Borough Council,Metropolitan borough,16.5
E14001262,Halifax,E08000033,Calderdale Metropolitan Borough Council,Metropolitan borough,100
E14001263,Hamble Valley,E07000086,Eastleigh Borough Council,District council,48.2
E14001263,Hamble Valley,E07000087,Fareham Borough Council,District council,44.7
E14001263,Hamble Valley,E10000014,Hampshire County Council,County council,100
E14001263,Hamble Valley,E07000094,Winchester City Council,District council,7
E14001264,Hammersmith and Chiswick,E09000013,Hammersmith and Fulham London Borough Council,London borough,68.6
E14001264,Hammersmith and Chiswick,E09000018,Hounslow London Borough Council,London borough,31.4
E14001265,Hampstead and Highgate,E09000007,Camden London Borough Council,London borough,89.3
E14001265,Hampstead and Highgate,E09000014,Haringey London Borough Council,London borough,10.7
E14001266,"Harborough, Oadby and Wigston",E07000131,Harborough District Council,District council,43.4
E14001266,"Harborough, Oadby and Wigston",E10000018,Leicestershire County Council,County council,100
E14001266,"Harborough, Oadby and Wigston",E07000135,Oadby and Wigston Borough Council,District council,56.6
E14001267,Harlow,E07000072,Epping Forest Borough Council,District council,10
E14001267,Harlow,E10000012,Essex County Council,County council,100
E14001267,Harlow,E07000073,Harlow District Council,District council,84.2
E14001267,Harlow,E07000077,Uttlesford District Council,District council,5.8
E14001268,Harpenden and Berkhamsted,E07000096,Dacorum Borough Council,District council,49
E14001268,Harpenden and Berkhamsted,E10000015,Hertfordshire County Council,County council,100
E14001268,Harpenden and Berkhamsted,E07000240,St Albans City and District Council,District council,51
E14001269,Harrogate and Knaresborough,E06000065,North Yorkshire Council,Unitary authority,100
E14001270,Harrow East,E09000005,Brent London Borough Council,London borough,14.7
E14001270,Harrow East,E09000015,Harrow London Borough Council,London borough,85.3
E14001271,Harrow West,E09000015,Harrow London Borough Council,London borough,100
E14001272,Hartlepool,E06000001,Hartlepool Borough Council,Unitary authority,100
E14001273,Harwich and North Essex,E07000071,Colchester Borough Council,District council,48.3
E14001273,Harwich and North Essex,E10000012,Essex County Council,County council,100
E14001273,Harwich and North Essex,E07000076,Tendring District Council,District council,51.7
E14001274,Hastings and Rye,E10000011,East Sussex County Council,County council,100
E14001274,Hastings and Rye,E07000062,Hastings Borough Council,District council,86.7
E14001274,Hastings and Rye,E07000064,Rother District Council,District council,13.3
E14001275,Havant,E10000014,Hampshire County Council,County council,100
E14001275,Havant,E07000090,Havant Borough Council,District council,100
E14001276,Hayes and Harlington,E09000017,Hillingdon London Borough Council,London borough,100
E14001277,Hazel Grove,E08000007,Stockport Metropolitan Borough Council,Metropolitan borough,100
E14001278,Hemel Hempstead,E07000096,Dacorum Borough Council,District council,100
E14001278,Hemel Hempstead,E10000015,Hertfordshire County Council,County council,100
E14001279,Hendon,E09000003,Barnet London Borough Council,London borough,100
E14001280,Henley and Thame,E10000025,Oxfordshire County Council,County council,100
E14001280,Henley and Thame,E07000179,South Oxfordshire District Council,District council,100
E14001281,Hereford and South Herefordshire,E06000019,Herefordshire Council,Unitary authority,100
E14001282,Herne Bay and Sandwich,E07000106,Canterbury City Council,District council,50.7
E14001282,Herne Bay and Sandwich,E07000108,Dover District Council,District council,13.7
E14001282,Herne Bay and Sandwich,E10000016,Kent County Council,County council,100
E14001282,Herne Bay and Sandwich,E07000114,Thanet District Council,District council,35.6
E14001283,Hertford and Stortford,E07000242,East Hertfordshire District Council,District council,100
E14001283,Hertford and Stortford,E10000015,Hertfordshire County Council,County council,100
E14001284,Hertsmere,E10000015,Hertfordshire County Council,County council,100
E14001284,Hertsmere,E07000098,Hertsmere Borough Council,District council,94.3
E14001284,Hertsmere,E07000241,Welwyn Hatfield Council,District council,5.7
E14001285,Hexham,E08000021,Newcastle-upon-Tyne City Council,Metropolitan borough,11.8
E14001285,Hexham,E06000057,Northumberland County Council,Unitary authority,88.2
E14001286,Heywood and Middleton North,E08000005,Rochdale Metropolitan Borough Council,Metropolitan borough,100
E14001287,High Peak,E10000007,Derbyshire County Council,County council,100
E14001287,High Peak,E07000037,High Peak Borough Council,District council,100
E14001288,Hinckley and Bosworth,E07000132,Hinckley and Bosworth Borough Council,District council,94.3
E14001288,Hinckley and Bosworth,E10000018,Leicestershire County Council,County council,100
E14001288,Hinckley and Bosworth,E07000134,North West Leicestershire District Council,District council,5.7
E14001289,Hitchin,E06000056,Central Bedfordshire Council,Unitary authority,45.1
E14001289,Hitchin,E10000015,Hertfordshire County Council,County council,54.9
E14001289,Hitchin,E07000099,North Hertfordshire District Council,District council,54.9
E14001290,Holborn and St Pancras,E09000007,Camden London Borough Council,London borough,100
E14001291,Honiton and Sidmouth,E10000008,Devon County Council,County council,100
E14001291,Honiton and Sidmouth,E07000040,East Devon District Council,District council,87.1
E14001291,Honiton and Sidmouth,E07000042,Mid Devon District Council,District council,12.9
E14001292,Hornchurch and Upminster,E09000016,Havering London Borough Council,London borough,100
E14001293,Hornsey and Friern Barnet,E09000003,Barnet London Borough Council,London borough,18.9
E14001293,Hornsey and Friern Barnet,E09000014,Haringey London Borough Council,London borough,81.1
E14001294,Horsham,E07000227,Horsham District Council,District council,100
E14001294,Horsham,E10000032,West Sussex County Council,County council,100
E14001295,Houghton and Sunderland South,E08000024,Sunderland City Council,Metropolitan borough,100
E14001296,Hove and Portslade,E06000043,Brighton and Hove City Council,Unitary authority,100
E14001297,Huddersfield,E08000034,Kirklees Metropolitan Borough Council,Metropolitan borough,100
E14001298,Huntingdon,E10000003,Cambridgeshire County Council,County council,100
E14001298,Huntingdon,E07000011,Huntingdonshire District Council,District council,100
E14001299,Hyndburn,E07000120,Hyndburn Borough Council,District council,87.5
E14001299,Hyndburn,E10000017,Lancashire County Council,County council,100
E14001299,Hyndburn,E07000125,Rossendale Borough Council,District council,12.5
E14001300,Ilford North,E09000026,Redbridge London Borough Council,London borough,100
E14001301,Ilford South,E09000002,Barking and Dagenham London Borough Council,London borough,9.3
E14001301,Ilford South,E09000026,Redbridge London Borough Council,London borough,90.7
E14001302,Ipswich,E07000202,Ipswich Borough Council,District council,100
E14001302,Ipswich,E10000029,Suffolk County Council,County council,100
E14001303,Isle of Wight East,E06000046,Isle of Wight Council,Unitary authority,100
E14001304,Isle of Wight West,E06000046,Isle of Wight Council,Unitary authority,100
E14001305,Islington North,E09000019,Islington London Borough Council,London borough,100
E14001306,Islington South and Finsbury,E09000012,Hackney London Borough Council,London borough,7.7
E14001306,Islington South and Finsbury,E09000019,Islington London Borough Council,London borough,92.3
E14001307,Jarrow and Gateshead East,E08000037,Gateshead Metropolitan Borough Council,Metropolitan borough,37
E14001307,Jarrow and Gateshead East,E08000023,South Tyneside Metropolitan Borough Council,Metropolitan borough,63
E14001308,Keighley and Ilkley,E08000032,City of Bradford Metropolitan District Council,Metropolitan borough,100
E14001309,Kenilworth and Southam,E07000220,Rugby Borough Council,District council,11.9
E14001309,Kenilworth and Southam,E07000221,Stratford-on-Avon District Council,District council,42.7
E14001309,Kenilworth and Southam,E07000222,Warwick District Council,District council,45.5
E14001309,Kenilworth and Southam,E10000031,Warwickshire County Council,County council,100
E14001310,Kensington and Bayswater,E09000020,Royal Borough of Kensington and Chelsea,London borough,82.5
E14001310,Kensington and Bayswater,E09000033,Westminster City Council,London borough,17.5
E14001311,Kettering,E06000061,North Northamptonshire Council,Unitary authority,100
E14001312,Kingston and Surbiton,E09000021,Royal Borough of Kingston upon Thames,London borough,100
E14001313,Kingston upon Hull East,E06000010,Kingston-upon-Hull City Council,Unitary authority,100
E14001314,Kingston upon Hull North and Cottingham,E06000011,East Riding of Yorkshire Council,Unitary authority,15.4
E14001314,Kingston upon Hull North and Cottingham,E06000010,Kingston-upon-Hull City Council,Unitary authority,84.6
E14001315,Kingston upon Hull West and Haltemprice,E06000011,East Riding of Yorkshire Council,Unitary authority,37.4
E14001315,Kingston upon Hull West and Haltemprice,E06000010,Kingston-upon-Hull City Council,Unitary authority,62.6
E14001316,Kingswinford and South Staffordshire,E08000027,Dudley Metropolitan Borough Council,Metropolitan borough,41.4
E14001316,Kingswinford and South Staffordshire,E07000196,South Staffordshire Council,District council,58.6
E14001316,Kingswinford and South Staffordshire,E10000028,Staffordshire County Council,County council,58.6
E14001317,Knowsley,E08000011,Knowsley Metropolitan Borough Council,Metropolitan borough,100
E14001318,Lancaster and Wyre,E10000017,Lancashire County Council,County council,100
E14001318,Lancaster and Wyre,E07000121,Lancaster City Council,District council,64.7
E14001318,Lancaster and Wyre,E07000128,Wyre Borough Council,District council,35.3
E14001319,Leeds Central and Headingley,E08000035,Leeds City Council,Metropolitan borough,100
E14001320,Leeds East,E08000035,Leeds City Council,Metropolitan borough,100
E14001321,Leeds North East,E08000035,Leeds City Council,Metropolitan borough,100
E14001322,Leeds North West,E08000035,Leeds City Council,Metropolitan borough,100
E14001323,Leeds South,E08000035,Leeds City Council,Metropolitan borough,100
E14001324,Leeds South West and Morley,E08000035,Leeds City Council,Metropolitan borough,100
E14001325,Leeds West and Pudsey,E08000035,Leeds City Council,Metropolitan borough,100
E14001326,Leicester East,E06000016,Leicester City Council,Unitary authority,100
E14001327,Leicester South,E06000016,Leicester City Council,Unitary authority,100
E14001328,Leicester West,E06000016,Leicester City Council,Unitary authority,100
E14001329,Leigh and Atherton,E08000010,Wigan Metropolitan Borough Council,Metropolitan borough,100
E14001330,Lewes,E10000011,East Sussex County Council,County council,100
E14001330,Lewes,E07000063,Lewes District Council,District council,69.6
E14001330,Lewes,E07000065,Wealden District Council,District council,30.4
E14001331,Lewisham East,E09000023,Lewisham London Borough Council,London borough,100
E14001332,Lewisham North,E09000023,Lewisham London Borough Council,London borough,100
E14001333,Lewisham West and East Dulwich,E09000023,Lewisham London Borough Council,London borough,66.3
E14001333,Lewisham West and East Dulwich,E09000028,Southwark London Borough Council,London borough,33.7
E14001334,Leyton and Wanstead,E09000026,Redbridge London Borough Council,London borough,28.9
E14001334,Leyton and Wanstead,E09000031,Waltham Forest London Borough Council,London borough,71.1
E14001335,Lichfield,E07000193,East Staffordshire Borough Council,District council,11.9
E14001335,Lichfield,E07000194,Lichfield District Council,District council,88.1
E14001335,Lichfield,E10000028,Staffordshire County Council,County council,100
E14001336,Lincoln,E07000138,Lincoln City Council,District council,88
E14001336,Lincoln,E10000019,Lincolnshire County Council,County council,100
E14001336,Lincoln,E07000139,North Kesteven District Council,District council,12
E14001337,Liverpool Garston,E08000012,Liverpool City Council,Metropolitan borough,100
E14001338,Liverpool Riverside,E08000012,Liverpool City Council,Metropolitan borough,100
E14001339,Liverpool Walton,E08000012,Liverpool City Council,Metropolitan borough,93.4
E14001339,Liverpool Walton,E08000014,Sefton Metropolitan Borough Council,Metropolitan borough,6.6
E14001340,Liverpool Wavertree,E08000012,Liverpool City Council,Metropolitan borough,100
E14001341,Liverpool West Derby,E08000011,Knowsley Metropolitan Borough Council,Metropolitan borough,21.8
E14001341,Liverpool West Derby,E08000012,Liverpool City Council,Metropolitan borough,78.2
E14001342,Loughborough,E07000130,Charnwood Borough Council,District council,100
E14001342,Loughborough,E10000018,Leicestershire County Council,County council,100
E14001343,Louth and Horncastle,E07000137,East Lindsey District Council,District council,100
E14001343,Louth and Horncastle,E10000019,Lincolnshire County Council,County council,100
E14001344,Lowestoft,E07000244,East Suffolk Council,District council,100
E14001344,Lowestoft,E10000029,Suffolk County Council,County council,100
E14001345,Luton North,E06000032,Luton Borough Council,Unitary authority,100
E14001346,Luton South and South Bedfordshire,E06000056,Central Bedfordshire Council,Unitary authority,11.4
E14001346,Luton South and South Bedfordshire,E06000032,Luton Borough Council,Unitary authority,88.6
E14001347,Macclesfield,E06000049,Cheshire East Council,Unitary authority,100
E14001348,Maidenhead,E06000036,Bracknell Forest Borough Council,Unitary authority,22.5
E14001348,Maidenhead,E06000040,Windsor and Maidenhead Borough Council,Unitary authority,77.5
E14001349,Maidstone and Malling,E10000016,Kent County Council,County council,100
E14001349,Maidstone and Malling,E07000110,Maidstone Borough Council,District council,70.1
E14001349,Maidstone and Malling,E07000115,Tonbridge and Malling Borough Council,District council,29.9
E14001350,Makerfield,E08000010,Wigan Metropolitan Borough Council,Metropolitan borough,100
E14001351,Maldon,E07000070,Chelmsford Borough Council,District council,47.2
E14001351,Maldon,E10000012,Essex County Council,County council,100
E14001351,Maldon,E07000074,Maldon District Council,District council,52.8
E14001352,Manchester Central,E08000003,Manchester City Council,Metropolitan borough,83.4
E14001352,Manchester Central,E08000004,Oldham Metropolitan Borough Council,Metropolitan borough,16.6
E14001353,Manchester Rusholme,E08000003,Manchester City Council,Metropolitan borough,100
E14001354,Manchester Withington,E08000003,Manchester City Council,Metropolitan borough,100
E14001355,Mansfield,E07000174,Mansfield District Council,District council,100
E14001355,Mansfield,E10000024,Nottinghamshire County Council,County council,100
E14001356,Melksham and Devizes,E06000054,Wiltshire Council,Unitary authority,100
E14001357,Melton and Syston,E07000130,Charnwood Borough Council,District council,44.9
E14001357,Melton and Syston,E10000018,Leicestershire County Council,County council,100
E14001357,Melton and Syston,E07000133,Melton Borough Council,District council,55.1
E14001358,Meriden and Solihull East,E08000029,Solihull Metropolitan Borough Council,Metropolitan borough,100
E14001359,Mid Bedfordshire,E06000055,Bedford Borough Council,Unitary authority,21.1
E14001359,Mid Bedfordshire,E06000056,Central Bedfordshire Council,Unitary authority,78.9
E14001360,Mid Buckinghamshire,E06000060,Buckinghamshire Council,Unitary authority,100
E14001361,Mid Cheshire,E06000049,Cheshire East Council,Unitary authority,15.1
E14001361,Mid Cheshire,E06000050,Cheshire West and Chester Council,Unitary authority,84.9
E14001362,Mid Derbyshire,E07000032,Amber Valley Borough Council,District council,34.9
E14001362,Mid Derbyshire,E06000015,Derby City Council,Unitary authority,44.9
E14001362,Mid Derbyshire,E10000007,Derbyshire County Council,County council,55.1
E14001362,Mid Derbyshire,E07000036,Erewash Borough Council,District council,20.1
E14001363,Mid Dorset and North Poole,E06000058,"Bournemouth, Christchurch and Poole Council",Unitary authority,40.1
E14001363,Mid Dorset and North Poole,E06000059,Dorset Council,Unitary authority,59.9
E14001364,Mid Leicestershire,E07000129,Blaby District Council,District council,40.1
E14001364,Mid Leicestershire,E07000130,Charnwood Borough Council,District council,39.9
E14001364,Mid Leicestershire,E07000132,Hinckley and Bosworth Borough Council,District council,20
E14001364,Mid Leicestershire,E10000018,Leicestershire County Council,County council,100
E14001365,Mid Norfolk,E07000143,Breckland Council,District council,92.8
E14001365,Mid Norfolk,E10000020,Norfolk County Council,County council,100
E14001365,Mid Norfolk,E07000149,South Norfolk Council,District council,7.2
E14001366,Mid Sussex,E07000228,Mid Sussex District Council,District council,100
E14001366,Mid Sussex,E10000032,West Sussex County Council,County council,100
E14001367,Middlesbrough and Thornaby East,E06000002,Middlesbrough Borough Council,Unitary authority,85.4
E14001367,Middlesbrough and Thornaby East,E06000004,Stockton-on-Tees Borough Council,Unitary authority,14.6
E14001368,Middlesbrough South and East Cleveland,E06000002,Middlesbrough Borough Council,Unitary authority,53.6
E14001368,Middlesbrough South and East Cleveland,E06000003,Redcar and Cleveland Borough Council,Unitary authority,46.4
E14001369,Milton Keynes Central,E06000042,Milton Keynes Council,Unitary authority,100
E14001370,Milton Keynes North,E06000042,Milton Keynes Council,Unitary authority,100
E14001371,Mitcham and Morden,E09000024,Merton London Borough Council,London borough,100
E14001372,Morecambe and Lunesdale,E10000017,Lancashire County Council,County council,81.1
E14001372,Morecambe and Lunesdale,E07000121,Lancaster City Council,District council,81.1
E14001372,Morecambe and Lunesdale,E06000064,Westmorland and Furness Council,Unitary authority,18.9
E14001373,New Forest East,E10000014,Hampshire County Council,County council,100
E14001373,New Forest East,E07000091,New Forest District Council,District council,100
E14001374,New Forest West,E10000014,Hampshire County Council,County council,100
E14001374,New Forest West,E07000091,New Forest District Council,District council,100
E14001375,Newark,E07000171,Bassetlaw District Council,District council,13
E14001375,Newark,E07000175,Newark and Sherwood District Council,District council,69
E14001375,Newark,E10000024,Nottinghamshire County Council,County council,100
E14001375,Newark,E07000176,Rushcliffe Borough Council,District council,18
E14001376,Newbury,E06000037,West Berkshire District Council,Unitary authority,100
E14001377,Newcastle upon Tyne Central and West,E08000021,Newcastle-upon-Tyne City Council,Metropolitan borough,100
E14001378,Newcastle upon Tyne East and Wallsend,E08000021,Newcastle-upon-Tyne City Council,Metropolitan borough,60.3
E14001378,Newcastle upon Tyne East and Wallsend,E08000022,North Tyneside Council,Metropolitan borough,39.7
E14001379,Newcastle upon Tyne North,E08000021,Newcastle-upon-Tyne City Council,Metropolitan borough,79.9
E14001379,Newcastle upon Tyne North,E08000022,North Tyneside Council,Metropolitan borough,20.1
E14001380,Newcastle-under-Lyme,E07000195,Newcastle-under-Lyme Borough Council,District council,100
E14001380,Newcastle-under-Lyme,E10000028,Staffordshire County Council,County council,100
E14001381,Newton Abbot,E10000008,Devon County Council,County council,100
E14001381,Newton Abbot,E07000045,Teignbridge District Council,District council,100
E14001382,Newton Aycliffe and Spennymoor,E06000047,Durham County Council,Unitary authority,100
E14001383,Normanton and Hemsworth,E08000036,City of Wakefield Metropolitan District Council,Metropolitan borough,100
E14001384,North Bedfordshire,E06000055,Bedford Borough Council,Unitary authority,52.6
E14001384,North Bedfordshire,E06000056,Central Bedfordshire Council,Unitary authority,47.4
E14001385,North Cornwall,E06000052,Cornwall Council,Unitary authority,100
E14001386,North Cotswolds,E07000079,Cotswold District Council,District council,43.8
E14001386,North Cotswolds,E10000013,Gloucestershire County Council,County council,100
E14001386,North Cotswolds,E07000082,Stroud District Council,District council,25
E14001386,North Cotswolds,E07000083,Tewkesbury Borough Council,District council,31.2
E14001387,North Devon,E10000008,Devon County Council,County council,100
E14001387,North Devon,E07000043,North Devon District Council,District council,100
E14001388,North Dorset,E06000059,Dorset Council,Unitary authority,100
E14001389,North Durham,E06000047,Durham County Council,Unitary authority,100
E14001390,North East Cambridgeshire,E10000003,Cambridgeshire County Council,County council,100
E14001390,North East Cambridgeshire,E07000010,Fenland District Council,District council,100
E14001391,North East Derbyshire,E07000034,Chesterfield Borough Council,District council,10.9
E14001391,North East Derbyshire,E10000007,Derbyshire County Council,County council,100
E14001391,North East Derbyshire,E07000038,North East Derbyshire District Council,District council,89.1
E14001392,North East Hampshire,E07000084,Basingstoke and Deane Borough Council,District council,19.2
E14001392,North East Hampshire,E10000014,Hampshire County Council,County council,100
E14001392,North East Hampshire,E07000089,Hart District Council,District council,80.8
E14001393,North East Hertfordshire,E07000242,East Hertfordshire District Council,District council,31.7
E14001393,North East Hertfordshire,E10000015,Hertfordshire County Council,County council,100
E14001393,North East Hertfordshire,E07000099,North Hertfordshire District Council,District council,68.3
E14001394,North East Somerset and Hanham,E06000022,Bath and North East Somerset Council,Unitary authority,56.7
E14001394,North East Somerset and Hanham,E06000025,South Gloucestershire Council,Unitary authority,43.3
E14001395,North Herefordshire,E06000019,Herefordshire Council,Unitary authority,100
E14001396,North Norfolk,E10000020,Norfolk County Council,County council,100
E14001396,North Norfolk,E07000147,North Norfolk District Council,District council,100
E14001397,North Northumberland,E06000057,Northumberland County Council,Unitary authority,100
E14001398,North Shropshire,E06000051,Shropshire Council,Unitary authority,100
E14001399,North Somerset,E06000024,North Somerset Council,Unitary authority,100
E14001400,North Warwickshire and Bedworth,E07000218,North Warwickshire Borough Council,District council,59.5
E14001400,North Warwickshire and Bedworth,E07000219,Nuneaton and Bedworth Borough Council,District council,40.5
E14001400,North Warwickshire and Bedworth,E10000031,Warwickshire County Council,County council,100
E14001401,North West Cambridgeshire,E10000003,Cambridgeshire County Council,County council,24.7
E14001401,North West Cambridgeshire,E07000011,Huntingdonshire District Council,District council,24.7
E14001401,North West Cambridgeshire,E06000031,Peterborough City Council,Unitary authority,75.3
E14001402,North West Essex,E07000070,Chelmsford Borough Council,District council,25.7
E14001402,North West Essex,E10000012,Essex County Council,County council,100
E14001402,North West Essex,E07000077,Uttlesford District Council,District council,74.3
E14001403,North West Hampshire,E07000084,Basingstoke and Deane Borough Council,District council,49.9
E14001403,North West Hampshire,E10000014,Hampshire County Council,County council,100
E14001403,North West Hampshire,E07000093,Test Valley Borough Council,District council,50.1
E14001404,North West Leicestershire,E10000018,Leicestershire County Council,County council,100
E14001404,North West Leicestershire,E07000134,North West Leicestershire District Council,District council,100
E14001405,North West Norfolk,E07000146,Kings Lynn and West Norfolk Borough Council,District council,100
E14001405,North West Norfolk,E10000020,Norfolk County Council,County council,100
E14001406,Northampton North,E06000062,West Northamptonshire Council,Unitary authority,100
E14001407,Northampton South,E06000062,West Northamptonshire Council,Unitary authority,100
E14001408,Norwich North,E07000144,Broadland District Council,District council,55.5
E14001408,Norwich North,E10000020,Norfolk County Council,County council,100
E14001408,Norwich North,E07000148,Norwich City Council,District council,44.5
E14001409,Norwich South,E10000020,Norfolk County Council,County council,100
E14001409,Norwich South,E07000148,Norwich City Council,District council,94.2
E14001409,Norwich South,E07000149,South Norfolk Council,District council,5.8
E14001410,Nottingham East,E06000018,Nottingham City Council,Unitary authority,100
E14001411,Nottingham North and Kimberley,E07000172,Broxtowe Borough Council,District council,15.1
E14001411,Nottingham North and Kimberley,E06000018,Nottingham City Council,Unitary authority,84.9
E14001411,Nottingham North and Kimberley,E10000024,Nottinghamshire County Council,County council,15.1
E14001412,Nottingham South,E06000018,Nottingham City Council,Unitary authority,100
E14001413,Nuneaton,E07000218,North Warwickshire Borough Council,District council,9.7
E14001413,Nuneaton,E07000219,Nuneaton and Bedworth Borough Council,District council,90.3
E14001413,Nuneaton,E10000031,Warwickshire County Council,County council,100
E14001414,Old Bexley and Sidcup,E09000004,Bexley London Borough Council,London borough,100
E14001415,Oldham East and Saddleworth,E08000004,Oldham Metropolitan Borough Council,Metropolitan borough,100
E14001416,"Oldham West, Chadderton and Royton",E08000004,Oldham Metropolitan Borough Council,Metropolitan borough,100
E14001417,Orpington,E09000006,Bromley London Borough Council,London borough,100
E14001418,Ossett and Denby Dale,E08000036,City of Wakefield Metropolitan District Council,Metropolitan borough,68.7
E14001418,Ossett and Denby Dale,E08000034,Kirklees Metropolitan Borough Council,Metropolitan borough,31.3
E14001419,Oxford East,E07000178,Oxford City Council,District council,100
E14001419,Oxford East,E10000025,Oxfordshire County Council,County council,100
E14001420,Oxford West and Abingdon,E07000178,Oxford City Council,District council,41.8
E14001420,Oxford West and Abingdon,E10000025,Oxfordshire County Council,County council,100
E14001420,Oxford West and Abingdon,E07000180,Vale of White Horse District Council,District council,58.2
E14001421,Peckham,E09000028,Southwark London Borough Council,London borough,100
E14001422,Pendle and Clitheroe,E10000017,Lancashire County Council,County council,100
E14001422,Pendle and Clitheroe,E07000122,Pendle Borough Council,District council,73.9
E14001422,Pendle and Clitheroe,E07000124,Ribble Valley Borough Council,District council,26.1
E14001423,Penistone and Stocksbridge,E08000016,Barnsley Metropolitan Borough Council,Metropolitan borough,39.6
E14001423,Penistone and Stocksbridge,E08000019,Sheffield City Council,Metropolitan borough,60.4
E14001424,Penrith and Solway,E06000063,Cumberland Council,Unitary authority,69.2
E14001424,Penrith and Solway,E06000064,Westmorland and Furness Council,Unitary authority,30.8
E14001425,Peterborough,E06000031,Peterborough City Council,Unitary authority,100
E14001426,Plymouth Moor View,E06000026,Plymouth City Council,Unitary authority,100
E14001427,Plymouth Sutton and Devonport,E06000026,Plymouth City Council,Unitary authority,100
E14001428,"Pontefract, Castleford and Knottingley",E08000036,City of Wakefield Metropolitan District Council,Metropolitan borough,100
E14001429,Poole,E06000058,"Bournemouth, Christchurch and Poole Council",Unitary authority,100
E14001430,Poplar and Limehouse,E09000030,Tower Hamlets London Borough Council,London borough,100
E14001431,Portsmouth North,E06000044,Portsmouth City Council,Unitary authority,100
E14001432,Portsmouth South,E06000044,Portsmouth City Council,Unitary authority,100
E14001433,Preston,E10000017,Lancashire County Council,County council,100
E14001433,Preston,E07000123,Preston City Council,District council,100
E14001434,Putney,E09000032,Wandsworth London Borough Council,London borough,100
E14001435,Queen's Park and Maida Vale,E09000005,Brent London Borough Council,London borough,43.1
E14001435,Queen's Park and Maida Vale,E09000033,Westminster City Council,London borough,56.9
E14001436,Rawmarsh and Conisbrough,E08000017,Doncaster Metropolitan Borough Council,Metropolitan borough,30
E14001436,Rawmarsh and Conisbrough,E08000018,Rotherham Metropolitan Borough Council,Metropolitan borough,70
E14001437,Rayleigh and Wickford,E07000066,Basildon District Council,District council,32.2
E14001437,Rayleigh and Wickford,E10000012,Essex County Council,County council,100
E14001437,Rayleigh and Wickford,E07000075,Rochford District Council,District council,67.8
E14001438,Reading Central,E06000038,Reading Borough Council,Unitary authority,100
E14001439,Reading West and Mid Berkshire,E06000038,Reading Borough Council,Unitary authority,32.8
E14001439,Reading West and Mid Berkshire,E06000037,West Berkshire District Council,Unitary authority,67.2
E14001440,Redcar,E06000003,Redcar and Cleveland Borough Council,Unitary authority,100
E14001441,Redditch,E07000236,Redditch Borough Council,District council,87.9
E14001441,Redditch,E10000034,Worcestershire County Council,County council,100
E14001441,Redditch,E07000238,Wychavon District Council,District council,12.1
E14001442,Reigate,E07000211,Reigate and Banstead Borough Council,District council,100
E14001442,Reigate,E10000030,Surrey County Council,County council,100
E14001443,Ribble Valley,E10000017,Lancashire County Council,County council,100
E14001443,Ribble Valley,E07000123,Preston City Council,District council,33.4
E14001443,Ribble Valley,E07000124,Ribble Valley Borough Council,District council,33.8
E14001443,Ribble Valley,E07000126,South Ribble Borough Council,District council,32.8
E14001444,Richmond and Northallerton,E06000065,North Yorkshire Council,Unitary authority,100
E14001445,Richmond Park,E09000027,Richmond upon Thames London Borough Council,London borough,69.4
E14001445,Richmond Park,E09000021,Royal Borough of Kingston upon Thames,London borough,30.6
E14001446,Rochdale,E08000005,Rochdale Metropolitan Borough Council,Metropolitan borough,100
E14001447,Rochester and Strood,E06000035,Medway Borough Council,Unitary authority,100
E14001448,Romford,E09000016,Havering London Borough Council,London borough,100
E14001449,Romsey and Southampton North,E10000014,Hampshire County Council,County council,71
E14001449,Romsey and Southampton North,E06000045,Southampton City Council,Unitary authority,29
E14001449,Romsey and Southampton North,E07000093,Test Valley Borough Council,District council,71
E14001450,Rossendale and Darwen,E06000008,Blackburn with Darwen Borough Council,Unitary authority,41.6
E14001450,Rossendale and Darwen,E10000017,Lancashire County Council,County council,58.4
E14001450,Rossendale and Darwen,E07000125,Rossendale Borough Council,District council,58.4
E14001451,Rother Valley,E08000018,Rotherham Metropolitan Borough Council,Metropolitan borough,100
E14001452,Rotherham,E08000018,Rotherham Metropolitan Borough Council,Metropolitan borough,100
E14001453,Rugby,E07000219,Nuneaton and Bedworth Borough Council,District council,5.5
E14001453,Rugby,E07000220,Rugby Borough Council,District council,94.5
E14001453,Rugby,E10000031,Warwickshire County Council,County council,100
E14001454,"Ruislip, Northwood and Pinner",E09000015,Harrow London Borough Council,London borough,38.4
E14001454,"Ruislip, Northwood and Pinner",E09000017,Hillingdon London Borough Council,London borough,61.6
E14001455,Runcorn and Helsby,E06000050,Cheshire West and Chester Council,Unitary authority,31.1
E14001455,Runcorn and Helsby,E06000006,Halton Borough Council,Unitary authority,68.9
E14001456,Runnymede and Weybridge,E07000207,Elmbridge Borough Council,District council,33.6
E14001456,Runnymede and Weybridge,E07000212,Runnymede Borough Council,District council,66.4
E14001456,Runnymede and Weybridge,E10000030,Surrey County Council,County council,100
E14001457,Rushcliffe,E10000024,Nottinghamshire County Council,County council,100
E14001457,Rushcliffe,E07000176,Rushcliffe Borough Council,District council,100
E14001458,Rutland and Stamford,E07000131,Harborough District Council,District council,16.2
E14001458,Rutland and Stamford,E10000018,Leicestershire County Council,County council,16.2
E14001458,Rutland and Stamford,E10000019,Lincolnshire County Council,County council,40.4
E14001458,Rutland and Stamford,E06000017,Rutland County Council,Unitary authority,43.4
E14001458,Rutland and Stamford,E07000141,South Kesteven District Council,District council,40.4
E14001459,Salford,E08000006,Salford City Council,Metropolitan borough,100
E14001460,Salisbury,E06000054,Wiltshire Council,Unitary authority,100
E14001461,Scarborough and Whitby,E06000065,North Yorkshire Council,Unitary authority,100
E14001462,Scunthorpe,E06000013,North Lincolnshire Council,Unitary authority,100
E14001463,Sefton Central,E08000014,Sefton Metropolitan Borough Council,Metropolitan borough,100
E14001464,Selby,E08000035,Leeds City Council,Metropolitan borough,22.4
E14001464,Selby,E06000065,North Yorkshire Council,Unitary authority,77.6
E14001465,Sevenoaks,E07000107,Dartford Borough Council,District council,7.9
E14001465,Sevenoaks,E10000016,Kent County Council,County council,100
E14001465,Sevenoaks,E07000111,Sevenoaks District Council,District council,92.1
E14001466,Sheffield Brightside and Hillsborough,E08000019,Sheffield City Council,Metropolitan borough,100
E14001467,Sheffield Central,E08000019,Sheffield City Council,Metropolitan borough,100
E14001468,Sheffield Hallam,E08000019,Sheffield City Council,Metropolitan borough,100
E14001469,Sheffield Heeley,E08000019,Sheffield City Council,Metropolitan borough,100
E14001470,Sheffield South East,E08000019,Sheffield City Council,Metropolitan borough,100
E14001471,Sherwood Forest,E07000170,Ashfield District Council,District council,35.4
E14001471,Sherwood Forest,E07000173,Gedling Borough Council,District council,15.6
E14001471,Sherwood Forest,E07000175,Newark and Sherwood District Council,District council,49
E14001471,Sherwood Forest,E10000024,Nottinghamshire County Council,County council,100
E14001472,Shipley,E08000032,City of Bradford Metropolitan District Council,Metropolitan borough,100
E14001473,Shrewsbury,E06000051,Shropshire Council,Unitary authority,100
E14001474,Sittingbourne and Sheppey,E10000016,Kent County Council,County council,100
E14001474,Sittingbourne and Sheppey,E07000113,Swale Borough Council,District council,100
E14001475,Skipton and Ripon,E06000065,North Yorkshire Council,Unitary authority,100
E14001476,Sleaford and North Hykeham,E10000019,Lincolnshire County Council,County council,100
E14001476,Sleaford and North Hykeham,E07000139,North Kesteven District Council,District council,100
E14001477,Slough,E06000039,Slough Borough Council,Unitary authority,100
E14001478,Smethwick,E08000028,Sandwell Metropolitan Borough Council,Metropolitan borough,100
E14001479,Solihull West and Shirley,E08000029,Solihull Metropolitan Borough Council,Metropolitan borough,100
E14001480,South Basildon and East Thurrock,E07000066,Basildon District Council,District council,45.7
E14001480,South Basildon and East Thurrock,E10000012,Essex County Council,County council,45.7
E14001480,South Basildon and East Thurrock,E06000034,Thurrock Council,Unitary authority,54.3
E14001481,South Cambridgeshire,E07000008,Cambridge City Council,District council,20.3
E14001481,South Cambridgeshire,E10000003,Cambridgeshire County Council,County council,100
E14001481,South Cambridgeshire,E07000012,South Cambridgeshire District Council,District council,79.7
E14001482,South Cotswolds,E07000079,Cotswold District Council,District council,52.3
E14001482,South Cotswolds,E10000013,Gloucestershire County Council,County council,54.7
E14001482,South Cotswolds,E07000082,Stroud District Council,District council,2.3
E14001482,South Cotswolds,E06000054,Wiltshire Council,Unitary authority,45.3
E14001483,South Derbyshire,E10000007,Derbyshire County Council,County council,100
E14001483,South Derbyshire,E07000039,South Derbyshire District Council,District council,100
E14001484,South Devon,E10000008,Devon County Council,County council,61.5
E14001484,South Devon,E07000044,South Hams District Council,District council,61.5
E14001484,South Devon,E06000027,Torbay Council,Unitary authority,38.5
E14001485,South Dorset,E06000059,Dorset Council,Unitary authority,100
E14001486,South East Cornwall,E06000052,Cornwall Council,Unitary authority,100
E14001487,South Holland and The Deepings,E10000019,Lincolnshire County Council,County council,100
E14001487,South Holland and The Deepings,E07000140,South Holland District Council,District council,87
E14001487,South Holland and The Deepings,E07000141,South Kesteven District Council,District council,13
E14001488,South Leicestershire,E07000129,Blaby District Council,District council,61
E14001488,South Leicestershire,E07000131,Harborough District Council,District council,39
E14001488,South Leicestershire,E10000018,Leicestershire County Council,County council,100
E14001489,South Norfolk,E10000020,Norfolk County Council,County council,100
E14001489,South Norfolk,E07000149,South Norfolk Council,District council,100
E14001490,South Northamptonshire,E06000061,North Northamptonshire Council,Unitary authority,6.1
E14001490,South Northamptonshire,E06000062,West Northamptonshire Council,Unitary authority,93.9
E14001491,South Ribble,E07000118,Chorley Borough Council,District council,17.7
E14001491,South Ribble,E10000017,Lancashire County Council,County council,100
E14001491,South Ribble,E07000126,South Ribble Borough Council,District council,82.3
E14001492,South Shields,E08000023,South Tyneside Metropolitan Borough Council,Metropolitan borough,100
E14001493,South Shropshire,E06000051,Shropshire Council,Unitary authority,100
E14001494,South Suffolk,E07000200,Babergh District Council,District council,100
E14001494,South Suffolk,E10000029,Suffolk County Council,County council,100
E14001495,South West Devon,E10000008,Devon County Council,County council,42.1
E14001495,South West Devon,E06000026,Plymouth City Council,Unitary authority,57.9
E14001495,South West Devon,E07000044,South Hams District Council,District council,34.4
E14001495,South West Devon,E07000047,West Devon Borough Council,District council,7.7
E14001496,South West Hertfordshire,E07000096,Dacorum Borough Council,District council,5.4
E14001496,South West Hertfordshire,E10000015,Hertfordshire County Council,County council,100
E14001496,South West Hertfordshire,E07000102,Three Rivers District Council,District council,94.6
E14001497,South West Norfolk,E07000143,Breckland Council,District council,50.3
E14001497,South West Norfolk,E07000146,Kings Lynn and West Norfolk Borough Council,District council,49.7
E14001497,South West Norfolk,E10000020,Norfolk County Council,County council,100
E14001498,South West Wiltshire,E06000054,Wiltshire Council,Unitary authority,100
E14001499,Southampton Itchen,E06000045,Southampton City Council,Unitary authority,100
E14001500,Southampton Test,E06000045,Southampton City Council,Unitary authority,100
E14001501,Southend East and Rochford,E10000012,Essex County Council,County council,21.2
E14001501,Southend East and Rochford,E07000075,Rochford District Council,District council,21.2
E14001501,Southend East and Rochford,E06000033,Southend-on-Sea Borough Council,Unitary authority,78.8
E14001502,Southend West and Leigh,E06000033,Southend-on-Sea Borough Council,Unitary authority,100
E14001503,Southgate and Wood Green,E09000010,Enfield London Borough Council,London borough,59
E14001503,Southgate and Wood Green,E09000014,Haringey London Borough Council,London borough,41
E14001504,Southport,E10000017,Lancashire County Council,County council,17.7
E14001504,Southport,E08000014,Sefton Metropolitan Borough Council,Metropolitan borough,82.3
E14001504,Southport,E07000127,West Lancashire Borough Council,District council,17.7
E14001505,Spelthorne,E07000213,Spelthorne Borough Council,District council,100
E14001505,Spelthorne,E10000030,Surrey County Council,County council,100
E14001506,Spen Valley,E08000034,Kirklees Metropolitan Borough Council,Metropolitan borough,100
E14001507,St Albans,E10000015,Hertfordshire County Council,County council,100
E14001507,St Albans,E07000240,St Albans City and District Council,District council,100
E14001508,St Austell and Newquay,E06000052,Cornwall Council,Unitary authority,100
E14001509,St Helens North,E08000013,St Helens Metropolitan Borough Council,Metropolitan borough,100
E14001510,St Helens South and Whiston,E08000011,Knowsley Metropolitan Borough Council,Metropolitan borough,12.4
E14001510,St Helens South and Whiston,E08000013,St Helens Metropolitan Borough Council,Metropolitan borough,87.6
E14001511,St Ives,E06000052,Cornwall Council,Unitary authority,97.4
E14001511,St Ives,E06000053,Council of the Isles of Scilly,Unitary authority,2.6
E14001512,St Neots and Mid Cambridgeshire,E10000003,Cambridgeshire County Council,County council,100
E14001512,St Neots and Mid Cambridgeshire,E07000011,Huntingdonshire District Council,District council,41.7
E14001512,St Neots and Mid Cambridgeshire,E07000012,South Cambridgeshire District Council,District council,58.3
E14001513,Stafford,E07000195,Newcastle-under-Lyme Borough Council,District council,7.4
E14001513,Stafford,E07000197,Stafford Borough Council,District council,92.6
E14001513,Stafford,E10000028,Staffordshire County Council,County council,100
E14001514,Staffordshire Moorlands,E10000028,Staffordshire County Council,County council,100
E14001514,Staffordshire Moorlands,E07000198,Staffordshire Moorlands District Council,District council,100
E14001515,Stalybridge and Hyde,E08000008,Tameside Metropolitan Borough Council,Metropolitan borough,100
E14001516,Stevenage,E07000242,East Hertfordshire District Council,District council,2.3
E14001516,Stevenage,E10000015,Hertfordshire County Council,County council,100
E14001516,Stevenage,E07000099,North Hertfordshire District Council,District council,8.3
E14001516,Stevenage,E07000243,Stevenage Borough Council,District council,89.4
E14001517,Stockport,E08000007,Stockport Metropolitan Borough Council,Metropolitan borough,100
E14001518,Stockton North,E06000004,Stockton-on-Tees Borough Council,Unitary authority,100
E14001519,Stockton West,E06000005,Darlington Borough Council,Unitary authority,11.6
E14001519,Stockton West,E06000004,Stockton-on-Tees Borough Council,Unitary authority,88.4
E14001520,Stoke-on-Trent Central,E06000021,Stoke-on-Trent City Council,Unitary authority,100
E14001521,Stoke-on-Trent North,E07000195,Newcastle-under-Lyme Borough Council,District council,23.3
E14001521,Stoke-on-Trent North,E10000028,Staffordshire County Council,County council,23.3
E14001521,Stoke-on-Trent North,E06000021,Stoke-on-Trent City Council,Unitary authority,76.7
E14001522,Stoke-on-Trent South,E07000197,Stafford Borough Council,District council,16.1
E14001522,Stoke-on-Trent South,E10000028,Staffordshire County Council,County council,27.3
E14001522,Stoke-on-Trent South,E07000198,Staffordshire Moorlands District Council,District council,11.2
E14001522,Stoke-on-Trent South,E06000021,Stoke-on-Trent City Council,Unitary authority,72.7
E14001523,"Stone, Great Wyrley and Penkridge",E07000196,South Staffordshire Council,District council,63.1
E14001523,"Stone, Great Wyrley and Penkridge",E07000197,Stafford Borough Council,District council,36.9
E14001523,"Stone, Great Wyrley and Penkridge",E10000028,Staffordshire County Council,County council,100
E14001524,Stourbridge,E08000027,Dudley Metropolitan Borough Council,Metropolitan borough,100
E14001525,Stratford and Bow,E09000025,Newham London Borough Council,London borough,64.8
E14001525,Stratford and Bow,E09000030,Tower Hamlets London Borough Council,London borough,35.2
E14001526,Stratford-on-Avon,E07000221,Stratford-on-Avon District Council,District council,100
E14001526,Stratford-on-Avon,E10000031,Warwickshire County Council,County council,100
E14001527,Streatham and Croydon North,E09000008,Croydon London Borough Council,London borough,48.7
E14001527,Streatham and Croydon North,E09000022,Lambeth London Borough Council,London borough,51.3
E14001528,Stretford and Urmston,E08000009,Trafford Metropolitan Borough Council,Metropolitan borough,100
E14001529,Stroud,E10000013,Gloucestershire County Council,County council,100
E14001529,Stroud,E07000082,Stroud District Council,District council,100
E14001530,Suffolk Coastal,E07000244,East Suffolk Council,District council,100
E14001530,Suffolk Coastal,E10000029,Suffolk County Council,County council,100
E14001531,Sunderland Central,E08000024,Sunderland City Council,Metropolitan borough,100
E14001532,Surrey Heath,E07000209,Guildford Borough Council,District council,7.8
E14001532,Surrey Heath,E10000030,Surrey County Council,County council,100
E14001532,Surrey Heath,E07000214,Surrey Heath Borough Council,District council,92.2
E14001533,Sussex Weald,E10000011,East Sussex County Council,County council,100
E14001533,Sussex Weald,E07000065,Wealden District Council,District council,100
E14001534,Sutton and Cheam,E09000029,Sutton London Borough Council,London borough,100
E14001535,Sutton Coldfield,E08000025,Birmingham City Council,Metropolitan borough,100
E14001536,Swindon North,E06000030,Swindon Borough Council,Unitary authority,100
E14001537,Swindon South,E06000030,Swindon Borough Council,Unitary authority,100
E14001538,Tamworth,E07000194,Lichfield District Council,District council,21.6
E14001538,Tamworth,E10000028,Staffordshire County Council,County council,100
E14001538,Tamworth,E07000199,Tamworth Borough Council,District council,78.4
E14001539,Tatton,E06000049,Cheshire East Council,Unitary authority,68.3
E14001539,Tatton,E06000050,Cheshire West and Chester Council,Unitary authority,18.7
E14001539,Tatton,E06000007,Warrington Borough Council,Unitary authority,13
E14001540,Taunton and Wellington,E06000066,Somerset Council,Unitary authority,100
E14001541,Telford,E06000020,Telford and Wrekin Council,Unitary authority,100
E14001542,Tewkesbury,E07000078,Cheltenham Borough Council,District council,19.3
E14001542,Tewkesbury,E07000081,Gloucester City Council,District council,16.3
E14001542,Tewkesbury,E10000013,Gloucestershire County Council,County council,100
E14001542,Tewkesbury,E07000083,Tewkesbury Borough Council,District council,64.5
E14001543,The Wrekin,E06000051,Shropshire Council,Unitary authority,25.6
E14001543,The Wrekin,E06000020,Telford and Wrekin Council,Unitary authority,74.4
E14001544,Thirsk and Malton,E06000065,North Yorkshire Council,Unitary authority,100
E14001545,Thornbury and Yate,E06000025,South Gloucestershire Council,Unitary authority,100
E14001546,Thurrock,E06000034,Thurrock Council,Unitary authority,100
E14001547,Tipton and Wednesbury,E08000027,Dudley Metropolitan Borough Council,Metropolitan borough,11.9
E14001547,Tipton and Wednesbury,E08000028,Sandwell Metropolitan Borough Council,Metropolitan borough,88.1
E14001548,Tiverton and Minehead,E10000008,Devon County Council,County council,45.8
E14001548,Tiverton and Minehead,E07000042,Mid Devon District Council,District council,45.8
E14001548,Tiverton and Minehead,E06000066,Somerset Council,Unitary authority,54.2
E14001549,Tonbridge,E10000016,Kent County Council,County council,100
E14001549,Tonbridge,E07000111,Sevenoaks District Council,District council,29.7
E14001549,Tonbridge,E07000115,Tonbridge and Malling Borough Council,District council,70.3
E14001550,Tooting,E09000032,Wandsworth London Borough Council,London borough,100
E14001551,Torbay,E06000027,Torbay Council,Unitary authority,100
E14001552,Torridge and Tavistock,E10000008,Devon County Council,County council,100
E14001552,Torridge and Tavistock,E07000046,Torridge District Council,District council,71.1
E14001552,Torridge and Tavistock,E07000047,West Devon Borough Council,District council,28.9
E14001553,Tottenham,E09000012,Hackney London Borough Council,London borough,15.6
E14001553,Tottenham,E09000014,Haringey London Borough Council,London borough,84.4
E14001554,Truro and Falmouth,E06000052,Cornwall Council,Unitary authority,100
E14001555,Tunbridge Wells,E10000016,Kent County Council,County council,100
E14001555,Tunbridge Wells,E07000116,Tunbridge Wells Borough Council,District council,100
E14001556,Twickenham,E09000027,Richmond upon Thames London Borough Council,London borough,100
E14001557,Tynemouth,E08000022,North Tyneside Council,Metropolitan borough,100
E14001558,Uxbridge and South Ruislip,E09000017,Hillingdon London Borough Council,London borough,100
E14001559,Vauxhall and Camberwell Green,E09000022,Lambeth London Borough Council,London borough,72.5
E14001559,Vauxhall and Camberwell Green,E09000028,Southwark London Borough Council,London borough,27.5
E14001560,Wakefield and Rothwell,E08000036,City of Wakefield Metropolitan District Council,Metropolitan borough,80.9
E14001560,Wakefield and Rothwell,E08000035,Leeds City Council,Metropolitan borough,19.1
E14001561,Wallasey,E08000015,Wirral Metropolitan Borough Council,Metropolitan borough,100
E14001562,Walsall and Bloxwich,E08000030,Walsall Metropolitan Borough Council,Metropolitan borough,100
E14001563,Walthamstow,E09000031,Waltham Forest London Borough Council,London borough,100
E14001564,Warrington North,E06000007,Warrington Borough Council,Unitary authority,100
E14001565,Warrington South,E06000007,Warrington Borough Council,Unitary authority,100
E14001566,Warwick and Leamington,E07000222,Warwick District Council,District council,100
E14001566,Warwick and Leamington,E10000031,Warwickshire County Council,County council,100
E14001567,Washington and Gateshead South,E08000037,Gateshead Metropolitan Borough Council,Metropolitan borough,19.5
E14001567,Washington and Gateshead South,E08000024,Sunderland City Council,Metropolitan borough,80.5
E14001568,Watford,E10000015,Hertfordshire County Council,County council,100
E14001568,Watford,E07000098,Hertsmere Borough Council,District council,7.1
E14001568,Watford,E07000103,Watford Borough Council,District council,92.9
E14001569,Waveney Valley,E07000244,East Suffolk Council,District council,18.8
E14001569,Waveney Valley,E07000203,Mid Suffolk District Council,District council,40.1
E14001569,Waveney Valley,E10000020,Norfolk County Council,County council,41.1
E14001569,Waveney Valley,E07000149,South Norfolk Council,District council,41.1
E14001569,Waveney Valley,E10000029,Suffolk County Council,County council,58.9
E14001570,Weald of Kent,E07000105,Ashford Borough Council,District council,47
E14001570,Weald of Kent,E10000016,Kent County Council,County council,100
E14001570,Weald of Kent,E07000110,Maidstone Borough Council,District council,42.7
E14001570,Weald of Kent,E07000116,Tunbridge Wells Borough Council,District council,10.4
E14001571,Wellingborough and Rushden,E06000061,North Northamptonshire Council,Unitary authority,100
E14001572,Wells and Mendip Hills,E06000024,North Somerset Council,Unitary authority,29.5
E14001572,Wells and Mendip Hills,E06000066,Somerset Council,Unitary authority,70.5
E14001573,Welwyn Hatfield,E10000015,Hertfordshire County Council,County council,100
E14001573,Welwyn Hatfield,E07000241,Welwyn Hatfield Council,District council,100
E14001574,West Bromwich,E08000028,Sandwell Metropolitan Borough Council,Metropolitan borough,100
E14001575,West Dorset,E06000059,Dorset Council,Unitary authority,100
E14001576,West Ham and Beckton,E09000025,Newham London Borough Council,London borough,100
E14001577,West Lancashire,E10000017,Lancashire County Council,County council,100
E14001577,West Lancashire,E07000127,West Lancashire Borough Council,District council,100
E14001578,West Suffolk,E10000029,Suffolk County Council,County council,100
E14001578,West Suffolk,E07000245,West Suffolk Council,District council,100
E14001579,West Worcestershire,E07000235,Malvern Hills District Council,District council,81.2
E14001579,West Worcestershire,E10000034,Worcestershire County Council,County council,100
E14001579,West Worcestershire,E07000238,Wychavon District Council,District council,18.8
E14001580,Westmorland and Lonsdale,E06000064,Westmorland and Furness Council,Unitary authority,100
E14001581,Weston-super-Mare,E06000024,North Somerset Council,Unitary authority,100
E14001582,Wetherby and Easingwold,E08000035,Leeds City Council,Metropolitan borough,43.6
E14001582,Wetherby and Easingwold,E06000065,North Yorkshire Council,Unitary authority,56.4
E14001583,Whitehaven and Workington,E06000063,Cumberland Council,Unitary authority,100
E14001584,Widnes and Halewood,E06000006,Halton Borough Council,Unitary authority,69.5
E14001584,Widnes and Halewood,E08000011,Knowsley Metropolitan Borough Council,Metropolitan borough,30.5
E14001585,Wigan,E08000010,Wigan Metropolitan Borough Council,Metropolitan borough,100
E14001586,Wimbledon,E09000024,Merton London Borough Council,London borough,82.8
E14001586,Wimbledon,E09000021,Royal Borough of Kingston upon Thames,London borough,17.2
E14001587,Winchester,E10000014,Hampshire County Council,County council,100
E14001587,Winchester,E07000094,Winchester City Council,District council,100
E14001588,Windsor,E07000212,Runnymede Borough Council,District council,16.1
E14001588,Windsor,E06000039,Slough Borough Council,Unitary authority,18.8
E14001588,Windsor,E10000030,Surrey County Council,County council,16.1
E14001588,Windsor,E06000040,Windsor and Maidenhead Borough Council,Unitary authority,65
E14001589,Wirral West,E08000015,Wirral Metropolitan Borough Council,Metropolitan borough,100
E14001590,Witham,E07000067,Braintree District Council,District council,56.7
E14001590,Witham,E07000071,Colchester Borough Council,District council,29.8
E14001590,Witham,E10000012,Essex County Council,County council,100
E14001590,Witham,E07000074,Maldon District Council,District council,13.6
E14001591,Witney,E10000025,Oxfordshire County Council,County council,100
E14001591,Witney,E07000180,Vale of White Horse District Council,District council,25.7
E14001591,Witney,E07000181,West Oxfordshire District Council,District council,74.3
E14001592,Woking,E10000030,Surrey County Council,County council,100
E14001592,Woking,E07000217,Woking Borough Council,District council,100
E14001593,Wokingham,E06000041,Wokingham Council,Unitary authority,100
E14001594,Wolverhampton North East,E08000030,Walsall Metropolitan Borough Council,Metropolitan borough,23.1
E14001594,Wolverhampton North East,E08000031,Wolverhampton Metropolitan Borough Council,Metropolitan borough,76.9
E14001595,Wolverhampton South East,E08000030,Walsall Metropolitan Borough Council,Metropolitan borough,40.6
E14001595,Wolverhampton South East,E08000031,Wolverhampton Metropolitan Borough Council,Metropolitan borough,59.4
E14001596,Wolverhampton West,E08000031,Wolverhampton Metropolitan Borough Council,Metropolitan borough,100
E14001597,Worcester,E07000237,Worcester City Council,District council,100
E14001597,Worcester,E10000034,Worcestershire County Council,County council,100
E14001598,Worsley and Eccles,E08000006,Salford City Council,Metropolitan borough,87.4
E14001598,Worsley and Eccles,E08000010,Wigan Metropolitan Borough Council,Metropolitan borough,12.6
E14001599,Worthing West,E07000224,Arun District Council,District council,23.6
E14001599,Worthing West,E10000032,West Sussex County Council,County council,100
E14001599,Worthing West,E07000229,Worthing Borough Council,District council,76.4
E14001600,Wycombe,E06000060,Buckinghamshire Council,Unitary authority,100
E14001601,Wyre Forest,E10000034,Worcestershire County Council,County council,100
E14001601,Wyre Forest,E07000239,Wyre Forest District Council,District council,100
E14001602,Wythenshawe and Sale East,E08000003,Manchester City Council,Metropolitan borough,71.3
E14001602,Wythenshawe and Sale East,E08000009,Trafford Metropolitan Borough Council,Metropolitan borough,28.7
E14001603,Yeovil,E06000066,Somerset Council,Unitary authority,100
E14001604,York Central,E06000014,York City Council,Unitary authority,100
E14001605,York Outer,E06000014,York City Council,Unitary authority,100
N05000001,Belfast East,N09000003,Belfast City Council,Northern Ireland LGD,81
N05000001,Belfast East,N09000007,Lisburn and Castlereagh City Council,Northern Ireland LGD,19
N05000002,Belfast North,N09000001,Antrim and Newtownabbey Borough Council,Northern Ireland LGD,32
N05000002,Belfast North,N09000003,Belfast City Council,Northern Ireland LGD,68
N05000003,Belfast South and Mid Down,N09000003,Belfast City Council,Northern Ireland LGD,72
N05000003,Belfast South and Mid Down,N09000007,Lisburn and Castlereagh City Council,Northern Ireland LGD,25
N05000003,Belfast South and Mid Down,N09000010,"Newry, Mourne and Down District Council",Northern Ireland LGD,3
N05000004,Belfast West,N09000003,Belfast City Council,Northern Ireland LGD,96
N05000004,Belfast West,N09000007,Lisburn and Castlereagh City Council,Northern Ireland LGD,4
N05000005,East Antrim,N09000001,Antrim and Newtownabbey Borough Council,Northern Ireland LGD,13
N05000005,East Antrim,N09000004,Causeway Coast and Glens Borough Council,Northern Ireland LGD,2
N05000005,East Antrim,N09000008,Mid and East Antrim Borough Council,Northern Ireland LGD,84
N05000006,East Londonderry,N09000004,Causeway Coast and Glens Borough Council,Northern Ireland LGD,90
N05000006,East Londonderry,N09000005,Derry City and Strabane District Council,Northern Ireland LGD,10
N05000007,Fermanagh and South Tyrone,N09000002,"Armagh City, Banbridge and Craigavon Borough Council",Northern Ireland LGD,5
N05000007,Fermanagh and South Tyrone,N09000006,Fermanagh and Omagh District Council,Northern Ireland LGD,57
N05000007,Fermanagh and South Tyrone,N09000009,Mid Ulster District Council,Northern Ireland LGD,38
N05000008,Foyle,N09000005,Derry City and Strabane District Council,Northern Ireland LGD,100
N05000009,Lagan Valley,N09000002,"Armagh City, Banbridge and Craigavon Borough Council",Northern Ireland LGD,21
N05000009,Lagan Valley,N09000007,Lisburn and Castlereagh City Council,Northern Ireland LGD,79
N05000010,Mid Ulster,N09000002,"Armagh City, Banbridge and Craigavon Borough Council",Northern Ireland LGD,1
N05000010,Mid Ulster,N09000009,Mid Ulster District Council,Northern Ireland LGD,99
N05000011,Newry and Armagh,N09000002,"Armagh City, Banbridge and Craigavon Borough Council",Northern Ireland LGD,47
N05000011,Newry and Armagh,N09000010,"Newry, Mourne and Down District Council",Northern Ireland LGD,53
N05000012,North Antrim,N09000004,Causeway Coast and Glens Borough Council,Northern Ireland LGD,45
N05000012,North Antrim,N09000008,Mid and East Antrim Borough Council,Northern Ireland LGD,55
N05000013,North Down,N09000011,Ards and North Down Borough Council,Northern Ireland LGD,95
N05000013,North Down,N09000003,Belfast City Council,Northern Ireland LGD,5
N05000014,South Antrim,N09000001,Antrim and Newtownabbey Borough Council,Northern Ireland LGD,93
N05000014,South Antrim,N09000007,Lisburn and Castlereagh City Council,Northern Ireland LGD,7
N05000015,South Down,N09000002,"Armagh City, Banbridge and Craigavon Borough Council",Northern Ireland LGD,13
N05000015,South Down,N09000010,"Newry, Mourne and Down District Council",Northern Ireland LGD,87
N05000016,Strangford,N09000011,Ards and North Down Borough Council,Northern Ireland LGD,72
N05000016,Strangford,N09000010,"Newry, Mourne and Down District Council",Northern Ireland LGD,28
N05000017,Upper Bann,N09000002,"Armagh City, Banbridge and Craigavon Borough Council",Northern Ireland LGD,100
N05000018,West Tyrone,N09000005,Derry City and Strabane District Council,Northern Ireland LGD,43
N05000018,West Tyrone,N09000006,Fermanagh and Omagh District Council,Northern Ireland LGD,53
N05000018,West Tyrone,N09000009,Mid Ulster District Council,Northern Ireland LGD,4
S14000021,East Renfrewshire,S12000011,East Renfrewshire Council,Scotland council,100
S14000027,Na h-Eileanan an Iar,S12000013,Na h-Eileanan Siar Council,Scotland council,100
S14000045,Midlothian,S12000019,Midlothian Council,Scotland council,100
S14000048,North Ayrshire and Arran,S12000021,North Ayrshire Council,Scotland council,100
S14000051,Orkney and Shetland,S12000023,Orkney Islands Council,Scotland council,49
S14000051,Orkney and Shetland,S12000027,Shetland Islands Council,Scotland council,51
S14000060,Aberdeen North,S12000033,Aberdeen City Council,Scotland council,100
S14000061,Aberdeen South,S12000033,Aberdeen City Council,Scotland council,100
S14000062,Aberdeenshire North and Moray East,S12000034,Aberdeenshire Council,Scotland council,76
S14000062,Aberdeenshire North and Moray East,S12000020,Moray Council,Scotland council,24
S14000063,Airdrie and Shotts,S12000050,North Lanarkshire Council,Scotland council,100
S14000064,Alloa and Grangemouth,S12000005,Clackmannanshire Council,Scotland council,51
S14000064,Alloa and Grangemouth,S12000014,Falkirk Council,Scotland council,49
S14000065,Angus and Perthshire Glens,S12000041,Angus Council,Scotland council,59
S14000065,Angus and Perthshire Glens,S12000048,Perth and Kinross Council,Scotland council,41
S14000066,Arbroath and Broughty Ferry,S12000041,Angus Council,Scotland council,57
S14000066,Arbroath and Broughty Ferry,S12000042,Dundee City Council,Scotland council,43
S14000067,"Argyll, Bute and South Lochaber",S12000035,Argyll and Bute Council,Scotland council,94
S14000067,"Argyll, Bute and South Lochaber",S12000017,Highland Council,Scotland council,6
S14000068,Bathgate and Linlithgow,S12000014,Falkirk Council,Scotland council,16
S14000068,Bathgate and Linlithgow,S12000040,West Lothian Council,Scotland council,84
S14000069,"Caithness, Sutherland and Easter Ross",S12000017,Highland Council,Scotland council,100
S14000070,Coatbridge and Bellshill,S12000050,North Lanarkshire Council,Scotland council,100
S14000071,Cowdenbeath and Kirkcaldy,S12000047,Fife Council,Scotland council,100
S14000072,Cumbernauld and Kirkintilloch,S12000045,East Dunbartonshire Council,Scotland council,15
S14000072,Cumbernauld and Kirkintilloch,S12000050,North Lanarkshire Council,Scotland council,85
S14000073,Dumfries and Galloway,S12000006,Dumfries and Galloway Council,Scotland council,100
S14000074,"Dumfriesshire, Clydesdale and Tweeddale",S12000006,Dumfries and Galloway Council,Scotland council,57
S14000074,"Dumfriesshire, Clydesdale and Tweeddale",S12000026,Scottish Borders Council,Scotland council,23
S14000074,"Dumfriesshire, Clydesdale and Tweeddale",S12000029,South Lanarkshire Council,Scotland council,20
S14000075,Dundee Central,S12000042,Dundee City Council,Scotland council,100
S14000076,Dunfermline and Dollar,S12000005,Clackmannanshire Council,Scotland council,4
S14000076,Dunfermline and Dollar,S12000047,Fife Council,Scotland council,96
S14000077,East Kilbride and Strathaven,S12000029,South Lanarkshire Council,Scotland council,100
S14000078,Edinburgh East and Musselburgh,S12000036,City of Edinburgh Council,Scotland council,87
S14000078,Edinburgh East and Musselburgh,S12000010,East Lothian Council,Scotland council,13
S14000079,Edinburgh North and Leith,S12000036,City of Edinburgh Council,Scotland council,100
S14000080,Edinburgh South,S12000036,City of Edinburgh Council,Scotland council,100
S14000081,Edinburgh South West,S12000036,City of Edinburgh Council,Scotland council,100
S14000082,Edinburgh West,S12000036,City of Edinburgh Council,Scotland council,100
S14000083,Falkirk,S12000014,Falkirk Council,Scotland council,100
S14000084,Glasgow East,S12000049,Glasgow City Council,Scotland council,100
S14000085,Glasgow North,S12000049,Glasgow City Council,Scotland council,100
S14000086,Glasgow North East,S12000049,Glasgow City Council,Scotland council,100
S14000087,Glasgow South,S12000049,Glasgow City Council,Scotland council,100
S14000088,Glasgow South West,S12000049,Glasgow City Council,Scotland council,100
S14000089,Glasgow West,S12000049,Glasgow City Council,Scotland council,100
S14000090,Glenrothes and Mid Fife,S12000047,Fife Council,Scotland council,100
S14000091,Gordon and Buchan,S12000034,Aberdeenshire Council,Scotland council,100
S14000092,Hamilton and Clyde Valley,S12000029,South Lanarkshire Council,Scotland council,100
S14000093,Inverclyde and Renfrewshire West,S12000018,Inverclyde Council,Scotland council,87
S14000093,Inverclyde and Renfrewshire West,S12000038,Renfrewshire Council,Scotland council,13
S14000094,"Inverness, Skye and West Ross-shire",S12000017,Highland Council,Scotland council,100
S14000095,Livingston,S12000040,West Lothian Council,Scotland council,100
S14000096,Lothian East,S12000010,East Lothian Council,Scotland council,100
S14000097,Mid Dunbartonshire,S12000045,East Dunbartonshire Council,Scotland council,100
S14000098,"Moray West, Nairn and Strathspey",S12000017,Highland Council,Scotland council,30
S14000098,"Moray West, Nairn and Strathspey",S12000020,Moray Council,Scotland council,70
S14000099,"Motherwell, Wishaw and Carluke",S12000050,North Lanarkshire Council,Scotland council,77
S14000099,"Motherwell, Wishaw and Carluke",S12000029,South Lanarkshire Council,Scotland council,23
S14000100,North East Fife,S12000047,Fife Council,Scotland council,100
S14000101,Paisley and Renfrewshire North,S12000049,Glasgow City Council,Scotland council,16
S14000101,Paisley and Renfrewshire North,S12000038,Renfrewshire Council,Scotland council,84
S14000102,Paisley and Renfrewshire South,S12000038,Renfrewshire Council,Scotland council,100
S14000103,Perth and Kinross-shire,S12000048,Perth and Kinross Council,Scotland council,100
S14000104,Rutherglen,S12000029,South Lanarkshire Council,Scotland council,100
S14000105,Stirling and Strathallan,S12000048,Perth and Kinross Council,Scotland council,9
S14000105,Stirling and Strathallan,S12000030,Stirling Council,Scotland council,91
S14000106,West Dunbartonshire,S12000049,Glasgow City Council,Scotland council,3
S14000106,West Dunbartonshire,S12000039,West Dunbartonshire Council,Scotland council,97
S14000107,"Ayr, Carrick and Cumnock",S12000008,East Ayrshire Council,Scotland council,27
S14000107,"Ayr, Carrick and Cumnock",S12000028,South Ayrshire Council,Scotland council,73
S14000108,"Berwickshire, Roxburgh and Selkirk",S12000026,Scottish Borders Council,Scotland council,100
S14000109,Central Ayrshire,S12000021,North Ayrshire Council,Scotland council,48
S14000109,Central Ayrshire,S12000028,South Ayrshire Council,Scotland council,52
S14000110,Kilmarnock and Loudoun,S12000008,East Ayrshire Council,Scotland council,100
S14000111,West Aberdeenshire and Kincardine,S12000034,Aberdeenshire Council,Scotland council,100
W07000081,Aberafan Maesteg,W06000013,Bridgend County Borough Council,Wales LA,37.6
W07000081,Aberafan Maesteg,W06000012,Neath Port Talbot County Borough Council,Wales LA,62.4
W07000082,Alyn and Deeside,W06000005,Flintshire County Council,Wales LA,100
W07000083,Bangor Aberconwy,W06000003,Conwy County Borough Council,Wales LA,67.3
W07000083,Bangor Aberconwy,W06000004,Denbighshire County Council,Wales LA,3.8
W07000083,Bangor Aberconwy,W06000002,Gwynedd Council,Wales LA,28.9
W07000084,Blaenau Gwent and Rhymney,W06000019,Blaenau Gwent County Borough Council,Wales LA,70.8
W07000084,Blaenau Gwent and Rhymney,W06000018,Caerphilly County Borough Council,Wales LA,29.2
W07000085,"Brecon, Radnor and Cwm Tawe",W06000012,Neath Port Talbot County Borough Council,Wales LA,24.5
W07000085,"Brecon, Radnor and Cwm Tawe",W06000023,Powys County Council,Wales LA,75.5
W07000086,Bridgend,W06000013,Bridgend County Borough Council,Wales LA,100
W07000087,Caerfyrddin,W06000010,Carmarthenshire County Council,Wales LA,100
W07000088,Caerphilly,W06000018,Caerphilly County Borough Council,Wales LA,100
W07000089,Cardiff East,W06000015,Cardiff Council,Wales LA,100
W07000090,Cardiff North,W06000015,Cardiff Council,Wales LA,96.3
W07000090,Cardiff North,W06000016,Rhondda Cynon Taf County Borough Council,Wales LA,3.7
W07000091,Cardiff South and Penarth,W06000015,Cardiff Council,Wales LA,65.5
W07000091,Cardiff South and Penarth,W06000014,Vale of Glamorgan Council,Wales LA,34.5
W07000092,Cardiff West,W06000015,Cardiff Council,Wales LA,92.8
W07000092,Cardiff West,W06000016,Rhondda Cynon Taf County Borough Council,Wales LA,7.2
W07000093,Ceredigion Preseli,W06000008,Ceredigion County Council,Wales LA,76.1
W07000093,Ceredigion Preseli,W06000009,Pembrokeshire County Council,Wales LA,23.9
W07000094,Clwyd East,W06000004,Denbighshire County Council,Wales LA,43.1
W07000094,Clwyd East,W06000005,Flintshire County Council,Wales LA,54.8
W07000094,Clwyd East,W06000006,Wrexham County Borough Council,Wales LA,2.1
W07000095,Clwyd North,W06000003,Conwy County Borough Council,Wales LA,52
W07000095,Clwyd North,W06000004,Denbighshire County Council,Wales LA,48
W07000096,Dwyfor Meirionnydd,W06000004,Denbighshire County Council,Wales LA,3.7
W07000096,Dwyfor Meirionnydd,W06000002,Gwynedd Council,Wales LA,96.3
W07000097,Gower,W06000011,Swansea Council,Wales LA,100
W07000098,Llanelli,W06000010,Carmarthenshire County Council,Wales LA,100
W07000099,Merthyr Tydfil and Aberdare,W06000024,Merthyr Tydfil County Borough Council,Wales LA,59.1
W07000099,Merthyr Tydfil and Aberdare,W06000016,Rhondda Cynon Taf County Borough Council,Wales LA,40.9
W07000100,Mid and South Pembrokeshire,W06000009,Pembrokeshire County Council,Wales LA,100
W07000101,Monmouthshire,W06000021,Monmouthshire County Council,Wales LA,100
W07000102,Montgomeryshire and Glyndwr,W06000023,Powys County Council,Wales LA,65.5
W07000102,Montgomeryshire and Glyndwr,W06000006,Wrexham County Borough Council,Wales LA,34.5
W07000103,Neath and Swansea East,W06000012,Neath Port Talbot County Borough Council,Wales LA,62.2
W07000103,Neath and Swansea East,W06000011,Swansea Council,Wales LA,37.8
W07000104,Newport East,W06000022,Newport City Council,Wales LA,100
W07000105,Newport West and Islwyn,W06000018,Caerphilly County Borough Council,Wales LA,51.2
W07000105,Newport West and Islwyn,W06000022,Newport City Council,Wales LA,48.8
W07000106,Pontypridd,W06000016,Rhondda Cynon Taf County Borough Council,Wales LA,100
W07000107,Rhondda and Ogmore,W06000013,Bridgend County Borough Council,Wales LA,15.6
W07000107,Rhondda and Ogmore,W06000016,Rhondda Cynon Taf County Borough Council,Wales LA,84.4
W07000108,Swansea West,W06000011,Swansea Council,Wales LA,100
W07000109,Torfaen,W06000020,Torfaen County Borough Council,Wales LA,100
W07000110,Vale of Glamorgan,W06000014,Vale of Glamorgan Council,Wales LA,100
W07000111,Wrexham,W06000006,Wrexham County Borough Council,Wales LA,100
W07000112,Ynys Môn,W06000001,Isle of Anglesey County Council,Wales LA,100
E14001063,Aldershot,E23000030,Hampshire Police,Police Force Area,100
E14001064,Aldridge-Brownhills,E23000014,West Midlands Police,Police Force Area,100
E14001065,Altrincham and Sale West,E23000005,Greater Manchester Police,Police Force Area,100
E14001066,Amber Valley,E23000018,Derbyshire Police,Police Force Area,100
E14001067,Arundel and South Downs,E23000033,Sussex Police,Police Force Area,100
E14001068,Ashfield,E23000019,Nottinghamshire Police,Police Force Area,100
E14001069,Ashford,E23000032,Kent Police,Police Force Area,100
E14001070,Ashton-under-Lyne,E23000005,Greater Manchester Police,Police Force Area,100
E14001071,Aylesbury,E23000029,Thames Valley Police,Police Force Area,100
E14001072,Banbury,E23000029,Thames Valley Police,Police Force Area,100
E14001073,Barking,E23000001,Metropolitan Police,Police Force Area,100
E14001074,Barnsley North,E23000011,South Yorkshire Police,Police Force Area,100
E14001075,Barnsley South,E23000011,South Yorkshire Police,Police Force Area,100
E14001076,Barrow and Furness,E23000002,Cumbria Police,Police Force Area,100
E14001077,Basildon and Billericay,E23000028,Essex Police,Police Force Area,100
E14001078,Basingstoke,E23000030,Hampshire Police,Police Force Area,100
E14001079,Bassetlaw,E23000019,Nottinghamshire Police,Police Force Area,100
E14001080,Bath,E23000036,Avon and Somerset Police,Police Force Area,100
E14001081,Battersea,E23000001,Metropolitan Police,Police Force Area,100
E14001082,Beaconsfield,E23000029,Thames Valley Police,Police Force Area,100
E14001083,Beckenham and Penge,E23000001,Metropolitan Police,Police Force Area,100
E14001084,Bedford,E23000026,Bedfordshire Police,Police Force Area,100
E14001085,Bermondsey and Old Southwark,E23000001,Metropolitan Police,Police Force Area,100
E14001086,Bethnal Green and Stepney,E23000001,Metropolitan Police,Police Force Area,100
E14001087,Beverley and Holderness,E23000012,Humberside Police,Police Force Area,100
E14001088,Bexhill and Battle,E23000033,Sussex Police,Police Force Area,100
E14001089,Bexleyheath and Crayford,E23000001,Metropolitan Police,Police Force Area,100
E14001090,Bicester and Woodstock,E23000029,Thames Valley Police,Police Force Area,100
E14001091,Birkenhead,E23000004,Merseyside Police,Police Force Area,100
E14001092,Birmingham Edgbaston,E23000014,West Midlands Police,Police Force Area,100
E14001093,Birmingham Erdington,E23000014,West Midlands Police,Police Force Area,100
E14001094,Birmingham Hall Green and Moseley,E23000014,West Midlands Police,Police Force Area,100
E14001095,Birmingham Hodge Hill and Solihull North,E23000014,West Midlands Police,Police Force Area,100
E14001096,Birmingham Ladywood,E23000014,West Midlands Police,Police Force Area,100
E14001097,Birmingham Northfield,E23000014,West Midlands Police,Police Force Area,100
E14001098,Birmingham Perry Barr,E23000014,West Midlands Police,Police Force Area,100
E14001099,Birmingham Selly Oak,E23000014,West Midlands Police,Police Force Area,100
E14001100,Birmingham Yardley,E23000014,West Midlands Police,Police Force Area,100
E14001101,Bishop Auckland,E23000008,Durham Police,Police Force Area,100
E14001102,Blackburn,E23000003,Lancashire Police,Police Force Area,100
E14001103,Blackley and Middleton South,E23000005,Greater Manchester Police,Police Force Area,100
E14001104,Blackpool North and Fleetwood,E23000003,Lancashire Police,Police Force Area,100
E14001105,Blackpool South,E23000003,Lancashire Police,Police Force Area,100
E14001106,Blaydon and Consett,E23000007,Northumbria Police,Police Force Area,49.2
E14001106,Blaydon and Consett,E23000008,Durham Police,Police Force Area,50.8
E14001107,Blyth and Ashington,E23000007,Northumbria Police,Police Force Area,100
E14001108,Bognor Regis and Littlehampton,E23000033,Sussex Police,Police Force Area,100
E14001109,Bolsover,E23000018,Derbyshire Police,Police Force Area,100
E14001110,Bolton North East,E23000005,Greater Manchester Police,Police Force Area,100
E14001111,Bolton South and Walkden,E23000005,Greater Manchester Police,Police Force Area,100
E14001112,Bolton West,E23000005,Greater Manchester Police,Police Force Area,100
E14001113,Bootle,E23000004,Merseyside Police,Police Force Area,100
E14001114,Boston and Skegness,E23000020,Lincolnshire Police,Police Force Area,100
E14001115,Bournemouth East,E23000039,Dorset Police,Police Force Area,100
E14001116,Bournemouth West,E23000039,Dorset Police,Police Force Area,100
E14001117,Bracknell,E23000029,Thames Valley Police,Police Force Area,100
E14001118,Bradford East,E23000010,West Yorkshire Police,Police Force Area,100
E14001119,Bradford South,E23000010,West Yorkshire Police,Police Force Area,100
E14001120,Bradford West,E23000010,West Yorkshire Police,Police Force Area,100
E14001121,Braintree,E23000028,Essex Police,Police Force Area,100
E14001122,Brent East,E23000001,Metropolitan Police,Police Force Area,100
E14001123,Brent West,E23000001,Metropolitan Police,Police Force Area,100
E14001124,Brentford and Isleworth,E23000001,Metropolitan Police,Police Force Area,100
E14001125,Brentwood and Ongar,E23000028,Essex Police,Police Force Area,100
E14001126,Bridgwater,E23000036,Avon and Somerset Police,Police Force Area,100
E14001127,Bridlington and The Wolds,E23000012,Humberside Police,Police Force Area,100
E14001128,Brigg and Immingham,E23000012,Humberside Police,Police Force Area,100
E14001129,Brighton Kemptown and Peacehaven,E23000033,Sussex Police,Police Force Area,100
E14001130,Brighton Pavilion,E23000033,Sussex Police,Police Force Area,100
E14001131,Bristol Central,E23000036,Avon and Somerset Police,Police Force Area,100
E14001132,Bristol East,E23000036,Avon and Somerset Police,Police Force Area,100
E14001133,Bristol North East,E23000036,Avon and Somerset Police,Police Force Area,100
E14001134,Bristol North West,E23000036,Avon and Somerset Police,Police Force Area,100
E14001135,Bristol South,E23000036,Avon and Somerset Police,Police Force Area,100
E14001136,Broadland and Fakenham,E23000024,Norfolk Police,Police Force Area,100
E14001137,Bromley and Biggin Hill,E23000001,Metropolitan Police,Police Force Area,100
E14001138,Bromsgrove,E23000016,West Mercia Police,Police Force Area,100
E14001139,Broxbourne,E23000027,Hertfordshire Police,Police Force Area,100
E14001140,Broxtowe,E23000019,Nottinghamshire Police,Police Force Area,100
E14001141,Buckingham and Bletchley,E23000029,Thames Valley Police,Police Force Area,100
E14001142,Burnley,E23000003,Lancashire Police,Police Force Area,100
E14001143,Burton and Uttoxeter,E23000015,Staffordshire Police,Police Force Area,100
E14001144,Bury North,E23000005,Greater Manchester Police,Police Force Area,100
E14001145,Bury South,E23000005,Greater Manchester Police,Police Force Area,100
E14001146,Bury St Edmunds and Stowmarket,E23000025,Suffolk Police,Police Force Area,100
E14001147,Calder Valley,E23000010,West Yorkshire Police,Police Force Area,100
E14001148,Camborne and Redruth,E23000035,Devon & Cornwall Police,Police Force Area,100
E14001149,Cambridge,E23000023,Cambridgeshire Police,Police Force Area,100
E14001150,Cannock Chase,E23000015,Staffordshire Police,Police Force Area,100
E14001151,Canterbury,E23000032,Kent Police,Police Force Area,100
E14001152,Carlisle,E23000002,Cumbria Police,Police Force Area,100
E14001153,Carshalton and Wallington,E23000001,Metropolitan Police,Police Force Area,100
E14001154,Castle Point,E23000028,Essex Police,Police Force Area,100
E14001155,Central Devon,E23000035,Devon & Cornwall Police,Police Force Area,100
E14001156,Central Suffolk and North Ipswich,E23000025,Suffolk Police,Police Force Area,100
E14001157,Chatham and Aylesford,E23000032,Kent Police,Police Force Area,100
E14001158,Cheadle,E23000005,Greater Manchester Police,Police Force Area,100
E14001159,Chelmsford,E23000028,Essex Police,Police Force Area,100
E14001160,Chelsea and Fulham,E23000001,Metropolitan Police,Police Force Area,100
E14001161,Cheltenham,E23000037,Gloucestershire Police,Police Force Area,100
E14001162,Chesham and Amersham,E23000029,Thames Valley Police,Police Force Area,100
E14001163,Chester North and Neston,E23000006,Cheshire Police,Police Force Area,100
E14001164,Chester South and Eddisbury,E23000006,Cheshire Police,Police Force Area,100
E14001165,Chesterfield,E23000018,Derbyshire Police,Police Force Area,100
E14001166,Chichester,E23000033,Sussex Police,Police Force Area,100
E14001167,Chingford and Woodford Green,E23000001,Metropolitan Police,Police Force Area,100
E14001168,Chippenham,E23000038,Wiltshire Police,Police Force Area,100
E14001169,Chipping Barnet,E23000001,Metropolitan Police,Police Force Area,100
E14001170,Chorley,E23000003,Lancashire Police,Police Force Area,100
E14001171,Christchurch,E23000039,Dorset Police,Police Force Area,100
E14001172,Cities of London and Westminster,E23000001,Metropolitan Police,Police Force Area,91.5
E14001172,Cities of London and Westminster,E23000034,City of London Police,Police Force Area,8.5
E14001173,City of Durham,E23000008,Durham Police,Police Force Area,100
E14001174,Clacton,E23000028,Essex Police,Police Force Area,100
E14001175,Clapham and Brixton Hill,E23000001,Metropolitan Police,Police Force Area,100
E14001176,Colchester,E23000028,Essex Police,Police Force Area,100
E14001177,Colne Valley,E23000010,West Yorkshire Police,Police Force Area,100
E14001178,Congleton,E23000006,Cheshire Police,Police Force Area,100
E14001179,Corby and East Northamptonshire,E23000022,Northamptonshire Police,Police Force Area,100
E14001180,Coventry East,E23000014,West Midlands Police,Police Force Area,100
E14001181,Coventry North West,E23000014,West Midlands Police,Police Force Area,100
E14001182,Coventry South,E23000014,West Midlands Police,Police Force Area,100
E14001183,Cramlington and Killingworth,E23000007,Northumbria Police,Police Force Area,100
E14001184,Crawley,E23000033,Sussex Police,Police Force Area,100
E14001185,Crewe and Nantwich,E23000006,Cheshire Police,Police Force Area,100
E14001186,Croydon East,E23000001,Metropolitan Police,Police Force Area,100
E14001187,Croydon South,E23000001,Metropolitan Police,Police Force Area,100
E14001188,Croydon West,E23000001,Metropolitan Police,Police Force Area,100
E14001189,Dagenham and Rainham,E23000001,Metropolitan Police,Police Force Area,100
E14001190,Darlington,E23000008,Durham Police,Police Force Area,100
E14001191,Dartford,E23000032,Kent Police,Police Force Area,100
E14001192,Daventry,E23000022,Northamptonshire Police,Police Force Area,100
E14001193,Derby North,E23000018,Derbyshire Police,Police Force Area,100
E14001194,Derby South,E23000018,Derbyshire Police,Police Force Area,100
E14001195,Derbyshire Dales,E23000018,Derbyshire Police,Police Force Area,100
E14001196,Dewsbury and Batley,E23000010,West Yorkshire Police,Police Force Area,100
E14001197,Didcot and Wantage,E23000029,Thames Valley Police,Police Force Area,100
E14001198,Doncaster Central,E23000011,South Yorkshire Police,Police Force Area,100
E14001199,Doncaster East and the Isle of Axholme,E23000011,South Yorkshire Police,Police Force Area,75.6
E14001199,Doncaster East and the Isle of Axholme,E23000012,Humberside Police,Police Force Area,24.4
E14001200,Doncaster North,E23000011,South Yorkshire Police,Police Force Area,100
E14001201,Dorking and Horley,E23000031,Surrey Police,Police Force Area,100
E14001202,Dover and Deal,E23000032,Kent Police,Police Force Area,100
E14001203,Droitwich and Evesham,E23000016,West Mercia Police,Police Force Area,100
E14001204,Dudley,E23000014,West Midlands Police,Police Force Area,100
E14001205,Dulwich and West Norwood,E23000001,Metropolitan Police,Police Force Area,100
E14001206,Dunstable and Leighton Buzzard,E23000026,Bedfordshire Police,Police Force Area,100
E14001207,Ealing Central and Acton,E23000001,Metropolitan Police,Police Force Area,100
E14001208,Ealing North,E23000001,Metropolitan Police,Police Force Area,100
E14001209,Ealing Southall,E23000001,Metropolitan Police,Police Force Area,100
E14001210,Earley and Woodley,E23000029,Thames Valley Police,Police Force Area,100
E14001211,Easington,E23000008,Durham Police,Police Force Area,100
E14001212,East Grinstead and Uckfield,E23000033,Sussex Police,Police Force Area,100
E14001213,East Ham,E23000001,Metropolitan Police,Police Force Area,100
E14001214,East Hampshire,E23000030,Hampshire Police,Police Force Area,100
E14001215,East Surrey,E23000031,Surrey Police,Police Force Area,100
E14001216,East Thanet,E23000032,Kent Police,Police Force Area,100
E14001217,East Wiltshire,E23000038,Wiltshire Police,Police Force Area,100
E14001218,East Worthing and Shoreham,E23000033,Sussex Police,Police Force Area,100
E14001219,Eastbourne,E23000033,Sussex Police,Police Force Area,100
E14001220,Eastleigh,E23000030,Hampshire Police,Police Force Area,100
E14001221,Edmonton and Winchmore Hill,E23000001,Metropolitan Police,Police Force Area,100
E14001222,Ellesmere Port and Bromborough,E23000004,Merseyside Police,Police Force Area,32.1
E14001222,Ellesmere Port and Bromborough,E23000006,Cheshire Police,Police Force Area,67.9
E14001223,Eltham and Chislehurst,E23000001,Metropolitan Police,Police Force Area,100
E14001224,Ely and East Cambridgeshire,E23000023,Cambridgeshire Police,Police Force Area,100
E14001225,Enfield North,E23000001,Metropolitan Police,Police Force Area,100
E14001226,Epping Forest,E23000028,Essex Police,Police Force Area,100
E14001227,Epsom and Ewell,E23000031,Surrey Police,Police Force Area,100
E14001228,Erewash,E23000018,Derbyshire Police,Police Force Area,100
E14001229,Erith and Thamesmead,E23000001,Metropolitan Police,Police Force Area,100
E14001230,Esher and Walton,E23000031,Surrey Police,Police Force Area,100
E14001231,Exeter,E23000035,Devon & Cornwall Police,Police Force Area,100
E14001232,Exmouth and Exeter East,E23000035,Devon & Cornwall Police,Police Force Area,100
E14001233,Fareham and Waterlooville,E23000030,Hampshire Police,Police Force Area,100
E14001234,Farnham and Bordon,E23000030,Hampshire Police,Police Force Area,36.6
E14001234,Farnham and Bordon,E23000031,Surrey Police,Police Force Area,63.4
E14001235,Faversham and Mid Kent,E23000032,Kent Police,Police Force Area,100
E14001236,Feltham and Heston,E23000001,Metropolitan Police,Police Force Area,100
E14001237,Filton and Bradley Stoke,E23000036,Avon and Somerset Police,Police Force Area,100
E14001238,Finchley and Golders Green,E23000001,Metropolitan Police,Police Force Area,100
E14001239,Folkestone and Hythe,E23000032,Kent Police,Police Force Area,100
E14001240,Forest of Dean,E23000037,Gloucestershire Police,Police Force Area,100
E14001241,Frome and East Somerset,E23000036,Avon and Somerset Police,Police Force Area,100
E14001242,Fylde,E23000003,Lancashire Police,Police Force Area,100
E14001243,Gainsborough,E23000020,Lincolnshire Police,Police Force Area,100
E14001244,Gateshead Central and Whickham,E23000007,Northumbria Police,Police Force Area,100
E14001245,Gedling,E23000019,Nottinghamshire Police,Police Force Area,100
E14001246,Gillingham and Rainham,E23000032,Kent Police,Police Force Area,100
E14001247,Glastonbury and Somerton,E23000036,Avon and Somerset Police,Police Force Area,100
E14001248,Gloucester,E23000037,Gloucestershire Police,Police Force Area,100
E14001249,Godalming and Ash,E23000031,Surrey Police,Police Force Area,100
E14001250,Goole and Pocklington,E23000012,Humberside Police,Police Force Area,100
E14001251,Gorton and Denton,E23000005,Greater Manchester Police,Police Force Area,100
E14001252,Gosport,E23000030,Hampshire Police,Police Force Area,100
E14001253,Grantham and Bourne,E23000020,Lincolnshire Police,Police Force Area,100
E14001254,Gravesham,E23000032,Kent Police,Police Force Area,100
E14001255,Great Grimsby and Cleethorpes,E23000012,Humberside Police,Police Force Area,100
E14001256,Great Yarmouth,E23000024,Norfolk Police,Police Force Area,100
E14001257,Greenwich and Woolwich,E23000001,Metropolitan Police,Police Force Area,100
E14001258,Guildford,E23000031,Surrey Police,Police Force Area,100
E14001259,Hackney North and Stoke Newington,E23000001,Metropolitan Police,Police Force Area,100
E14001260,Hackney South and Shoreditch,E23000001,Metropolitan Police,Police Force Area,100
E14001261,Halesowen,E23000014,West Midlands Police,Police Force Area,100
E14001262,Halifax,E23000010,West Yorkshire Police,Police Force Area,100
E14001263,Hamble Valley,E23000030,Hampshire Police,Police Force Area,100
E14001264,Hammersmith and Chiswick,E23000001,Metropolitan Police,Police Force Area,100
E14001265,Hampstead and Highgate,E23000001,Metropolitan Police,Police Force Area,100
E14001266,"Harborough, Oadby and Wigston",E23000021,Leicestershire Police,Police Force Area,100
E14001267,Harlow,E23000028,Essex Police,Police Force Area,100
E14001268,Harpenden and Berkhamsted,E23000027,Hertfordshire Police,Police Force Area,100
E14001269,Harrogate and Knaresborough,E23000009,North Yorkshire Police,Police Force Area,100
E14001270,Harrow East,E23000001,Metropolitan Police,Police Force Area,100
E14001271,Harrow West,E23000001,Metropolitan Police,Police Force Area,100
E14001272,Hartlepool,E23000013,Cleveland Police,Police Force Area,100
E14001273,Harwich and North Essex,E23000028,Essex Police,Police Force Area,100
E14001274,Hastings and Rye,E23000033,Sussex Police,Police Force Area,100
E14001275,Havant,E23000030,Hampshire Police,Police Force Area,100
E14001276,Hayes and Harlington,E23000001,Metropolitan Police,Police Force Area,100
E14001277,Hazel Grove,E23000005,Greater Manchester Police,Police Force Area,100
E14001278,Hemel Hempstead,E23000027,Hertfordshire Police,Police Force Area,100
E14001279,Hendon,E23000001,Metropolitan Police,Police Force Area,100
E14001280,Henley and Thame,E23000029,Thames Valley Police,Police Force Area,100
E14001281,Hereford and South Herefordshire,E23000016,West Mercia Police,Police Force Area,100
E14001282,Herne Bay and Sandwich,E23000032,Kent Police,Police Force Area,100
E14001283,Hertford and Stortford,E23000027,Hertfordshire Police,Police Force Area,100
E14001284,Hertsmere,E23000027,Hertfordshire Police,Police Force Area,100
E14001285,Hexham,E23000007,Northumbria Police,Police Force Area,100
E14001286,Heywood and Middleton North,E23000005,Greater Manchester Police,Police Force Area,100
E14001287,High Peak,E23000018,Derbyshire Police,Police Force Area,100
E14001288,Hinckley and Bosworth,E23000021,Leicestershire Police,Police Force Area,100
E14001289,Hitchin,E23000026,Bedfordshire Police,Police Force Area,45.1
E14001289,Hitchin,E23000027,Hertfordshire Police,Police Force Area,54.9
E14001290,Holborn and St Pancras,E23000001,Metropolitan Police,Police Force Area,100
E14001291,Honiton and Sidmouth,E23000035,Devon & Cornwall Police,Police Force Area,100
E14001292,Hornchurch and Upminster,E23000001,Metropolitan Police,Police Force Area,100
E14001293,Hornsey and Friern Barnet,E23000001,Metropolitan Police,Police Force Area,100
E14001294,Horsham,E23000033,Sussex Police,Police Force Area,100
E14001295,Houghton and Sunderland South,E23000007,Northumbria Police,Police Force Area,100
E14001296,Hove and Portslade,E23000033,Sussex Police,Police Force Area,100
E14001297,Huddersfield,E23000010,West Yorkshire Police,Police Force Area,100
E14001298,Huntingdon,E23000023,Cambridgeshire Police,Police Force Area,100
E14001299,Hyndburn,E23000003,Lancashire Police,Police Force Area,100
E14001300,Ilford North,E23000001,Metropolitan Police,Police Force Area,100
E14001301,Ilford South,E23000001,Metropolitan Police,Police Force Area,100
E14001302,Ipswich,E23000025,Suffolk Police,Police Force Area,100
E14001303,Isle of Wight East,E23000030,Hampshire Police,Police Force Area,100
E14001304,Isle of Wight West,E23000030,Hampshire Police,Police Force Area,100
E14001305,Islington North,E23000001,Metropolitan Police,Police Force Area,100
E14001306,Islington South and Finsbury,E23000001,Metropolitan Police,Police Force Area,100
E14001307,Jarrow and Gateshead East,E23000007,Northumbria Police,Police Force Area,100
E14001308,Keighley and Ilkley,E23000010,West Yorkshire Police,Police Force Area,100
E14001309,Kenilworth and Southam,E23000017,Warwickshire Police,Police Force Area,100
E14001310,Kensington and Bayswater,E23000001,Metropolitan Police,Police Force Area,100
E14001311,Kettering,E23000022,Northamptonshire Police,Police Force Area,100
E14001312,Kingston and Surbiton,E23000001,Metropolitan Police,Police Force Area,100
E14001313,Kingston upon Hull East,E23000012,Humberside Police,Police Force Area,100
E14001314,Kingston upon Hull North and Cottingham,E23000012,Humberside Police,Police Force Area,100
E14001315,Kingston upon Hull West and Haltemprice,E23000012,Humberside Police,Police Force Area,100
E14001316,Kingswinford and South Staffordshire,E23000014,West Midlands Police,Police Force Area,41.4
E14001316,Kingswinford and South Staffordshire,E23000015,Staffordshire Police,Police Force Area,58.6
E14001317,Knowsley,E23000004,Merseyside Police,Police Force Area,100
E14001318,Lancaster and Wyre,E23000003,Lancashire Police,Police Force Area,100
E14001319,Leeds Central and Headingley,E23000010,West Yorkshire Police,Police Force Area,100
E14001320,Leeds East,E23000010,West Yorkshire Police,Police Force Area,100
E14001321,Leeds North East,E23000010,West Yorkshire Police,Police Force Area,100
E14001322,Leeds North West,E23000010,West Yorkshire Police,Police Force Area,100
E14001323,Leeds South,E23000010,West Yorkshire Police,Police Force Area,100
E14001324,Leeds South West and Morley,E23000010,West Yorkshire Police,Police Force Area,100
E14001325,Leeds West and Pudsey,E23000010,West Yorkshire Police,Police Force Area,100
E14001326,Leicester East,E23000021,Leicestershire Police,Police Force Area,100
E14001327,Leicester South,E23000021,Leicestershire Police,Police Force Area,100
E14001328,Leicester West,E23000021,Leicestershire Police,Police Force Area,100
E14001329,Leigh and Atherton,E23000005,Greater Manchester Police,Police Force Area,100
E14001330,Lewes,E23000033,Sussex Police,Police Force Area,100
E14001331,Lewisham East,E23000001,Metropolitan Police,Police Force Area,100
E14001332,Lewisham North,E23000001,Metropolitan Police,Police Force Area,100
E14001333,Lewisham West and East Dulwich,E23000001,Metropolitan Police,Police Force Area,100
E14001334,Leyton and Wanstead,E23000001,Metropolitan Police,Police Force Area,100
E14001335,Lichfield,E23000015,Staffordshire Police,Police Force Area,100
E14001336,Lincoln,E23000020,Lincolnshire Police,Police Force Area,100
E14001337,Liverpool Garston,E23000004,Merseyside Police,Police Force Area,100
E14001338,Liverpool Riverside,E23000004,Merseyside Police,Police Force Area,100
E14001339,Liverpool Walton,E23000004,Merseyside Police,Police Force Area,100
E14001340,Liverpool Wavertree,E23000004,Merseyside Police,Police Force Area,100
E14001341,Liverpool West Derby,E23000004,Merseyside Police,Police Force Area,100
E14001342,Loughborough,E23000021,Leicestershire Police,Police Force Area,100
E14001343,Louth and Horncastle,E23000020,Lincolnshire Police,Police Force Area,100
E14001344,Lowestoft,E23000025,Suffolk Police,Police Force Area,100
E14001345,Luton North,E23000026,Bedfordshire Police,Police Force Area,100
E14001346,Luton South and South Bedfordshire,E23000026,Bedfordshire Police,Police Force Area,100
E14001347,Macclesfield,E23000006,Cheshire Police,Police Force Area,100
E14001348,Maidenhead,E23000029,Thames Valley Police,Police Force Area,100
E14001349,Maidstone and Malling,E23000032,Kent Police,Police Force Area,100
E14001350,Makerfield,E23000005,Greater Manchester Police,Police Force Area,100
E14001351,Maldon,E23000028,Essex Police,Police Force Area,100
E14001352,Manchester Central,E23000005,Greater Manchester Police,Police Force Area,100
E14001353,Manchester Rusholme,E23000005,Greater Manchester Police,Police Force Area,100
E14001354,Manchester Withington,E23000005,Greater Manchester Police,Police Force Area,100
E14001355,Mansfield,E23000019,Nottinghamshire Police,Police Force Area,100
E14001356,Melksham and Devizes,E23000038,Wiltshire Police,Police Force Area,100
E14001357,Melton and Syston,E23000021,Leicestershire Police,Police Force Area,100
E14001358,Meriden and Solihull East,E23000014,West Midlands Police,Police Force Area,100
E14001359,Mid Bedfordshire,E23000026,Bedfordshire Police,Police Force Area,100
E14001360,Mid Buckinghamshire,E23000029,Thames Valley Police,Police Force Area,100
E14001361,Mid Cheshire,E23000006,Cheshire Police,Police Force Area,100
E14001362,Mid Derbyshire,E23000018,Derbyshire Police,Police Force Area,100
E14001363,Mid Dorset and North Poole,E23000039,Dorset Police,Police Force Area,100
E14001364,Mid Leicestershire,E23000021,Leicestershire Police,Police Force Area,100
E14001365,Mid Norfolk,E23000024,Norfolk Police,Police Force Area,100
E14001366,Mid Sussex,E23000033,Sussex Police,Police Force Area,100
E14001367,Middlesbrough and Thornaby East,E23000013,Cleveland Police,Police Force Area,100
E14001368,Middlesbrough South and East Cleveland,E23000013,Cleveland Police,Police Force Area,100
E14001369,Milton Keynes Central,E23000029,Thames Valley Police,Police Force Area,100
E14001370,Milton Keynes North,E23000029,Thames Valley Police,Police Force Area,100
E14001371,Mitcham and Morden,E23000001,Metropolitan Police,Police Force Area,100
E14001372,Morecambe and Lunesdale,E23000002,Cumbria Police,Police Force Area,18.9
E14001372,Morecambe and Lunesdale,E23000003,Lancashire Police,Police Force Area,81.1
E14001373,New Forest East,E23000030,Hampshire Police,Police Force Area,100
E14001374,New Forest West,E23000030,Hampshire Police,Police Force Area,100
E14001375,Newark,E23000019,Nottinghamshire Police,Police Force Area,100
E14001376,Newbury,E23000029,Thames Valley Police,Police Force Area,100
E14001377,Newcastle upon Tyne Central and West,E23000007,Northumbria Police,Police Force Area,100
E14001378,Newcastle upon Tyne East and Wallsend,E23000007,Northumbria Police,Police Force Area,100
E14001379,Newcastle upon Tyne North,E23000007,Northumbria Police,Police Force Area,100
E14001380,Newcastle-under-Lyme,E23000015,Staffordshire Police,Police Force Area,100
E14001381,Newton Abbot,E23000035,Devon & Cornwall Police,Police Force Area,100
E14001382,Newton Aycliffe and Spennymoor,E23000008,Durham Police,Police Force Area,100
E14001383,Normanton and Hemsworth,E23000010,West Yorkshire Police,Police Force Area,100
E14001384,North Bedfordshire,E23000026,Bedfordshire Police,Police Force Area,100
E14001385,North Cornwall,E23000035,Devon & Cornwall Police,Police Force Area,100
E14001386,North Cotswolds,E23000037,Gloucestershire Police,Police Force Area,100
E14001387,North Devon,E23000035,Devon & Cornwall Police,Police Force Area,100
E14001388,North Dorset,E23000039,Dorset Police,Police Force Area,100
E14001389,North Durham,E23000008,Durham Police,Police Force Area,100
E14001390,North East Cambridgeshire,E23000023,Cambridgeshire Police,Police Force Area,100
E14001391,North East Derbyshire,E23000018,Derbyshire Police,Police Force Area,100
E14001392,North East Hampshire,E23000030,Hampshire Police,Police Force Area,100
E14001393,North East Hertfordshire,E23000027,Hertfordshire Police,Police Force Area,100
E14001394,North East Somerset and Hanham,E23000036,Avon and Somerset Police,Police Force Area,100
E14001395,North Herefordshire,E23000016,West Mercia Police,Police Force Area,100
E14001396,North Norfolk,E23000024,Norfolk Police,Police Force Area,100
E14001397,North Northumberland,E23000007,Northumbria Police,Police Force Area,100
E14001398,North Shropshire,E23000016,West Mercia Police,Police Force Area,100
E14001399,North Somerset,E23000036,Avon and Somerset Police,Police Force Area,100
E14001400,North Warwickshire and Bedworth,E23000017,Warwickshire Police,Police Force Area,100
E14001401,North West Cambridgeshire,E23000023,Cambridgeshire Police,Police Force Area,100
E14001402,North West Essex,E23000028,Essex Police,Police Force Area,100
E14001403,North West Hampshire,E23000030,Hampshire Police,Police Force Area,100
E14001404,North West Leicestershire,E23000021,Leicestershire Police,Police Force Area,100
E14001405,North West Norfolk,E23000024,Norfolk Police,Police Force Area,100
E14001406,Northampton North,E23000022,Northamptonshire Police,Police Force Area,100
E14001407,Northampton South,E23000022,Northamptonshire Police,Police Force Area,100
E14001408,Norwich North,E23000024,Norfolk Police,Police Force Area,100
E14001409,Norwich South,E23000024,Norfolk Police,Police Force Area,100
E14001410,Nottingham East,E23000019,Nottinghamshire Police,Police Force Area,100
E14001411,Nottingham North and Kimberley,E23000019,Nottinghamshire Police,Police Force Area,100
E14001412,Nottingham South,E23000019,Nottinghamshire Police,Police Force Area,100
E14001413,Nuneaton,E23000017,Warwickshire Police,Police Force Area,100
E14001414,Old Bexley and Sidcup,E23000001,Metropolitan Police,Police Force Area,100
E14001415,Oldham East and Saddleworth,E23000005,Greater Manchester Police,Police Force Area,100
E14001416,"Oldham West, Chadderton and Royton",E23000005,Greater Manchester Police,Police Force Area,100
E14001417,Orpington,E23000001,Metropolitan Police,Police Force Area,100
E14001418,Ossett and Denby Dale,E23000010,West Yorkshire Police,Police Force Area,100
E14001419,Oxford East,E23000029,Thames Valley Police,Police Force Area,100
E14001420,Oxford West and Abingdon,E23000029,Thames Valley Police,Police Force Area,100
E14001421,Peckham,E23000001,Metropolitan Police,Police Force Area,100
E14001422,Pendle and Clitheroe,E23000003,Lancashire Police,Police Force Area,100
E14001423,Penistone and Stocksbridge,E23000011,South Yorkshire Police,Police Force Area,100
E14001424,Penrith and Solway,E23000002,Cumbria Police,Police Force Area,100
E14001425,Peterborough,E23000023,Cambridgeshire Police,Police Force Area,100
E14001426,Plymouth Moor View,E23000035,Devon & Cornwall Police,Police Force Area,100
E14001427,Plymouth Sutton and Devonport,E23000035,Devon & Cornwall Police,Police Force Area,100
E14001428,"Pontefract, Castleford and Knottingley",E23000010,West Yorkshire Police,Police Force Area,100
E14001429,Poole,E23000039,Dorset Police,Police Force Area,100
E14001430,Poplar and Limehouse,E23000001,Metropolitan Police,Police Force Area,100
E14001431,Portsmouth North,E23000030,Hampshire Police,Police Force Area,100
E14001432,Portsmouth South,E23000030,Hampshire Police,Police Force Area,100
E14001433,Preston,E23000003,Lancashire Police,Police Force Area,100
E14001434,Putney,E23000001,Metropolitan Police,Police Force Area,100
E14001435,Queen's Park and Maida Vale,E23000001,Metropolitan Police,Police Force Area,100
E14001436,Rawmarsh and Conisbrough,E23000011,South Yorkshire Police,Police Force Area,100
E14001437,Rayleigh and Wickford,E23000028,Essex Police,Police Force Area,100
E14001438,Reading Central,E23000029,Thames Valley Police,Police Force Area,100
E14001439,Reading West and Mid Berkshire,E23000029,Thames Valley Police,Police Force Area,100
E14001440,Redcar,E23000013,Cleveland Police,Police Force Area,100
E14001441,Redditch,E23000016,West Mercia Police,Police Force Area,100
E14001442,Reigate,E23000031,Surrey Police,Police Force Area,100
E14001443,Ribble Valley,E23000003,Lancashire Police,Police Force Area,100
E14001444,Richmond and Northallerton,E23000009,North Yorkshire Police,Police Force Area,100
E14001445,Richmond Park,E23000001,Metropolitan Police,Police Force Area,100
E14001446,Rochdale,E23000005,Greater Manchester Police,Police Force Area,100
E14001447,Rochester and Strood,E23000032,Kent Police,Police Force Area,100
E14001448,Romford,E23000001,Metropolitan Police,Police Force Area,100
E14001449,Romsey and Southampton North,E23000030,Hampshire Police,Police Force Area,100
E14001450,Rossendale and Darwen,E23000003,Lancashire Police,Police Force Area,100
E14001451,Rother Valley,E23000011,South Yorkshire Police,Police Force Area,100
E14001452,Rotherham,E23000011,South Yorkshire Police,Police Force Area,100
E14001453,Rugby,E23000017,Warwickshire Police,Police Force Area,100
E14001454,"Ruislip, Northwood and Pinner",E23000001,Metropolitan Police,Police Force Area,100
E14001455,Runcorn and Helsby,E23000006,Cheshire Police,Police Force Area,100
E14001456,Runnymede and Weybridge,E23000031,Surrey Police,Police Force Area,100
E14001457,Rushcliffe,E23000019,Nottinghamshire Police,Police Force Area,100
E14001458,Rutland and Stamford,E23000020,Lincolnshire Police,Police Force Area,40.4
E14001458,Rutland and Stamford,E23000021,Leicestershire Police,Police Force Area,59.6
E14001459,Salford,E23000005,Greater Manchester Police,Police Force Area,100
E14001460,Salisbury,E23000038,Wiltshire Police,Police Force Area,100
E14001461,Scarborough and Whitby,E23000009,North Yorkshire Police,Police Force Area,100
E14001462,Scunthorpe,E23000012,Humberside Police,Police Force Area,100
E14001463,Sefton Central,E23000004,Merseyside Police,Police Force Area,100
E14001464,Selby,E23000009,North Yorkshire Police,Police Force Area,77.6
E14001464,Selby,E23000010,West Yorkshire Police,Police Force Area,22.4
E14001465,Sevenoaks,E23000032,Kent Police,Police Force Area,100
E14001466,Sheffield Brightside and Hillsborough,E23000011,South Yorkshire Police,Police Force Area,100
E14001467,Sheffield Central,E23000011,South Yorkshire Police,Police Force Area,100
E14001468,Sheffield Hallam,E23000011,South Yorkshire Police,Police Force Area,100
E14001469,Sheffield Heeley,E23000011,South Yorkshire Police,Police Force Area,100
E14001470,Sheffield South East,E23000011,South Yorkshire Police,Police Force Area,100
E14001471,Sherwood Forest,E23000019,Nottinghamshire Police,Police Force Area,100
E14001472,Shipley,E23000010,West Yorkshire Police,Police Force Area,100
E14001473,Shrewsbury,E23000016,West Mercia Police,Police Force Area,100
E14001474,Sittingbourne and Sheppey,E23000032,Kent Police,Police Force Area,100
E14001475,Skipton and Ripon,E23000009,North Yorkshire Police,Police Force Area,100
E14001476,Sleaford and North Hykeham,E23000020,Lincolnshire Police,Police Force Area,100
E14001477,Slough,E23000029,Thames Valley Police,Police Force Area,100
E14001478,Smethwick,E23000014,West Midlands Police,Police Force Area,100
E14001479,Solihull West and Shirley,E23000014,West Midlands Police,Police Force Area,100
E14001480,South Basildon and East Thurrock,E23000028,Essex Police,Police Force Area,100
E14001481,South Cambridgeshire,E23000023,Cambridgeshire Police,Police Force Area,100
E14001482,South Cotswolds,E23000037,Gloucestershire Police,Police Force Area,54.7
E14001482,South Cotswolds,E23000038,Wiltshire Police,Police Force Area,45.3
E14001483,South Derbyshire,E23000018,Derbyshire Police,Police Force Area,100
E14001484,South Devon,E23000035,Devon & Cornwall Police,Police Force Area,100
E14001485,South Dorset,E23000039,Dorset Police,Police Force Area,100
E14001486,South East Cornwall,E23000035,Devon & Cornwall Police,Police Force Area,100
E14001487,South Holland and The Deepings,E23000020,Lincolnshire Police,Police Force Area,100
E14001488,South Leicestershire,E23000021,Leicestershire Police,Police Force Area,100
E14001489,South Norfolk,E23000024,Norfolk Police,Police Force Area,100
E14001490,South Northamptonshire,E23000022,Northamptonshire Police,Police Force Area,100
E14001491,South Ribble,E23000003,Lancashire Police,Police Force Area,100
E14001492,South Shields,E23000007,Northumbria Police,Police Force Area,100
E14001493,South Shropshire,E23000016,West Mercia Police,Police Force Area,100
E14001494,South Suffolk,E23000025,Suffolk Police,Police Force Area,100
E14001495,South West Devon,E23000035,Devon & Cornwall Police,Police Force Area,100
E14001496,South West Hertfordshire,E23000027,Hertfordshire Police,Police Force Area,100
E14001497,South West Norfolk,E23000024,Norfolk Police,Police Force Area,100
E14001498,South West Wiltshire,E23000038,Wiltshire Police,Police Force Area,100
E14001499,Southampton Itchen,E23000030,Hampshire Police,Police Force Area,100
E14001500,Southampton Test,E23000030,Hampshire Police,Police Force Area,100
E14001501,Southend East and Rochford,E23000028,Essex Police,Police Force Area,100
E14001502,Southend West and Leigh,E23000028,Essex Police,Police Force Area,100
E14001503,Southgate and Wood Green,E23000001,Metropolitan Police,Police Force Area,100
E14001504,Southport,E23000003,Lancashire Police,Police Force Area,17.7
E14001504,Southport,E23000004,Merseyside Police,Police Force Area,82.3
E14001505,Spelthorne,E23000031,Surrey Police,Police Force Area,100
E14001506,Spen Valley,E23000010,West Yorkshire Police,Police Force Area,100
E14001507,St Albans,E23000027,Hertfordshire Police,Police Force Area,100
E14001508,St Austell and Newquay,E23000035,Devon & Cornwall Police,Police Force Area,100
E14001509,St Helens North,E23000004,Merseyside Police,Police Force Area,100
E14001510,St Helens South and Whiston,E23000004,Merseyside Police,Police Force Area,100
E14001511,St Ives,E23000035,Devon & Cornwall Police,Police Force Area,100
E14001512,St Neots and Mid Cambridgeshire,E23000023,Cambridgeshire Police,Police Force Area,100
E14001513,Stafford,E23000015,Staffordshire Police,Police Force Area,100
E14001514,Staffordshire Moorlands,E23000015,Staffordshire Police,Police Force Area,100
E14001515,Stalybridge and Hyde,E23000005,Greater Manchester Police,Police Force Area,100
E14001516,Stevenage,E23000027,Hertfordshire Police,Police Force Area,100
E14001517,Stockport,E23000005,Greater Manchester Police,Police Force Area,100
E14001518,Stockton North,E23000013,Cleveland Police,Police Force Area,100
E14001519,Stockton West,E23000008,Durham Police,Police Force Area,11.6
E14001519,Stockton West,E23000013,Cleveland Police,Police Force Area,88.4
E14001520,Stoke-on-Trent Central,E23000015,Staffordshire Police,Police Force Area,100
E14001521,Stoke-on-Trent North,E23000015,Staffordshire Police,Police Force Area,100
E14001522,Stoke-on-Trent South,E23000015,Staffordshire Police,Police Force Area,100
E14001523,"Stone, Great Wyrley and Penkridge",E23000015,Staffordshire Police,Police Force Area,100
E14001524,Stourbridge,E23000014,West Midlands Police,Police Force Area,100
E14001525,Stratford and Bow,E23000001,Metropolitan Police,Police Force Area,100
E14001526,Stratford-on-Avon,E23000017,Warwickshire Police,Police Force Area,100
E14001527,Streatham and Croydon North,E23000001,Metropolitan Police,Police Force Area,100
E14001528,Stretford and Urmston,E23000005,Greater Manchester Police,Police Force Area,100
E14001529,Stroud,E23000037,Gloucestershire Police,Police Force Area,100
E14001530,Suffolk Coastal,E23000025,Suffolk Police,Police Force Area,100
E14001531,Sunderland Central,E23000007,Northumbria Police,Police Force Area,100
E14001532,Surrey Heath,E23000031,Surrey Police,Police Force Area,100
E14001533,Sussex Weald,E23000033,Sussex Police,Police Force Area,100
E14001534,Sutton and Cheam,E23000001,Metropolitan Police,Police Force Area,100
E14001535,Sutton Coldfield,E23000014,West Midlands Police,Police Force Area,100
E14001536,Swindon North,E23000038,Wiltshire Police,Police Force Area,100
E14001537,Swindon South,E23000038,Wiltshire Police,Police Force Area,100
E14001538,Tamworth,E23000015,Staffordshire Police,Police Force Area,100
E14001539,Tatton,E23000006,Cheshire Police,Police Force Area,100
E14001540,Taunton and Wellington,E23000036,Avon and Somerset Police,Police Force Area,100
E14001541,Telford,E23000016,West Mercia Police,Police Force Area,100
E14001542,Tewkesbury,E23000037,Gloucestershire Police,Police Force Area,100
E14001543,The Wrekin,E23000016,West Mercia Police,Police Force Area,100
E14001544,Thirsk and Malton,E23000009,North Yorkshire Police,Police Force Area,100
E14001545,Thornbury and Yate,E23000036,Avon and Somerset Police,Police Force Area,100
E14001546,Thurrock,E23000028,Essex Police,Police Force Area,100
E14001547,Tipton and Wednesbury,E23000014,West Midlands Police,Police Force Area,100
E14001548,Tiverton and Minehead,E23000035,Devon & Cornwall Police,Police Force Area,45.8
E14001548,Tiverton and Minehead,E23000036,Avon and Somerset Police,Police Force Area,54.2
E14001549,Tonbridge,E23000032,Kent Police,Police Force Area,100
E14001550,Tooting,E23000001,Metropolitan Police,Police Force Area,100
E14001551,Torbay,E23000035,Devon & Cornwall Police,Police Force Area,100
E14001552,Torridge and Tavistock,E23000035,Devon & Cornwall Police,Police Force Area,100
E14001553,Tottenham,E23000001,Metropolitan Police,Police Force Area,100
E14001554,Truro and Falmouth,E23000035,Devon & Cornwall Police,Police Force Area,100
E14001555,Tunbridge Wells,E23000032,Kent Police,Police Force Area,100
E14001556,Twickenham,E23000001,Metropolitan Police,Police Force Area,100
E14001557,Tynemouth,E23000007,Northumbria Police,Police Force Area,100
E14001558,Uxbridge and South Ruislip,E23000001,Metropolitan Police,Police Force Area,100
E14001559,Vauxhall and Camberwell Green,E23000001,Metropolitan Police,Police Force Area,100
E14001560,Wakefield and Rothwell,E23000010,West Yorkshire Police,Police Force Area,100
E14001561,Wallasey,E23000004,Merseyside Police,Police Force Area,100
E14001562,Walsall and Bloxwich,E23000014,West Midlands Police,Police Force Area,100
E14001563,Walthamstow,E23000001,Metropolitan Police,Police Force Area,100
E14001564,Warrington North,E23000006,Cheshire Police,Police Force Area,100
E14001565,Warrington South,E23000006,Cheshire Police,Police Force Area,100
E14001566,Warwick and Leamington,E23000017,Warwickshire Police,Police Force Area,100
E14001567,Washington and Gateshead South,E23000007,Northumbria Police,Police Force Area,100
E14001568,Watford,E23000027,Hertfordshire Police,Police Force Area,100
E14001569,Waveney Valley,E23000024,Norfolk Police,Police Force Area,41.1
E14001569,Waveney Valley,E23000025,Suffolk Police,Police Force Area,58.9
E14001570,Weald of Kent,E23000032,Kent Police,Police Force Area,100
E14001571,Wellingborough and Rushden,E23000022,Northamptonshire Police,Police Force Area,100
E14001572,Wells and Mendip Hills,E23000036,Avon and Somerset Police,Police Force Area,100
E14001573,Welwyn Hatfield,E23000027,Hertfordshire Police,Police Force Area,100
E14001574,West Bromwich,E23000014,West Midlands Police,Police Force Area,100
E14001575,West Dorset,E23000039,Dorset Police,Police Force Area,100
E14001576,West Ham and Beckton,E23000001,Metropolitan Police,Police Force Area,100
E14001577,West Lancashire,E23000003,Lancashire Police,Police Force Area,100
E14001578,West Suffolk,E23000025,Suffolk Police,Police Force Area,100
E14001579,West Worcestershire,E23000016,West Mercia Police,Police Force Area,100
E14001580,Westmorland and Lonsdale,E23000002,Cumbria Police,Police Force Area,100
E14001581,Weston-super-Mare,E23000036,Avon and Somerset Police,Police Force Area,100
E14001582,Wetherby and Easingwold,E23000009,North Yorkshire Police,Police Force Area,56.4
E14001582,Wetherby and Easingwold,E23000010,West Yorkshire Police,Police Force Area,43.6
E14001583,Whitehaven and Workington,E23000002,Cumbria Police,Police Force Area,100
E14001584,Widnes and Halewood,E23000004,Merseyside Police,Police Force Area,30.5
E14001584,Widnes and Halewood,E23000006,Cheshire Police,Police Force Area,69.5
E14001585,Wigan,E23000005,Greater Manchester Police,Police Force Area,100
E14001586,Wimbledon,E23000001,Metropolitan Police,Police Force Area,100
E14001587,Winchester,E23000030,Hampshire Police,Police Force Area,100
E14001588,Windsor,E23000029,Thames Valley Police,Police Force Area,83.9
E14001588,Windsor,E23000031,Surrey Police,Police Force Area,16.1
E14001589,Wirral West,E23000004,Merseyside Police,Police Force Area,100
E14001590,Witham,E23000028,Essex Police,Police Force Area,100
E14001591,Witney,E23000029,Thames Valley Police,Police Force Area,100
E14001592,Woking,E23000031,Surrey Police,Police Force Area,100
E14001593,Wokingham,E23000029,Thames Valley Police,Police Force Area,100
E14001594,Wolverhampton North East,E23000014,West Midlands Police,Police Force Area,100
E14001595,Wolverhampton South East,E23000014,West Midlands Police,Police Force Area,100
E14001596,Wolverhampton West,E23000014,West Midlands Police,Police Force Area,100
E14001597,Worcester,E23000016,West Mercia Police,Police Force Area,100
E14001598,Worsley and Eccles,E23000005,Greater Manchester Police,Police Force Area,100
E14001599,Worthing West,E23000033,Sussex Police,Police Force Area,100
E14001600,Wycombe,E23000029,Thames Valley Police,Police Force Area,100
E14001601,Wyre Forest,E23000016,West Mercia Police,Police Force Area,100
E14001602,Wythenshawe and Sale East,E23000005,Greater Manchester Police,Police Force Area,100
E14001603,Yeovil,E23000036,Avon and Somerset Police,Police Force Area,100
E14001604,York Central,E23000009,North Yorkshire Police,Police Force Area,100
E14001605,York Outer,E23000009,North Yorkshire Police,Police Force Area,100
W07000081,Aberafan Maesteg,W15000003,South Wales Police,Police Force Area,100
W07000082,Alyn and Deeside,W15000001,North Wales Police,Police Force Area,100
W07000083,Bangor Aberconwy,W15000001,North Wales Police,Police Force Area,100
W07000084,Blaenau Gwent and Rhymney,W15000002,Gwent Police,Police Force Area,100
W07000085,"Brecon, Radnor and Cwm Tawe",W15000003,South Wales Police,Police Force Area,24.5
W07000085,"Brecon, Radnor and Cwm Tawe",W15000004,Dyfed-Powys Police,Police Force Area,75.5
W07000086,Bridgend,W15000003,South Wales Police,Police Force Area,100
W07000087,Caerfyrddin,W15000004,Dyfed-Powys Police,Police Force Area,100
W07000088,Caerphilly,W15000002,Gwent Police,Police Force Area,100
W07000089,Cardiff East,W15000003,South Wales Police,Police Force Area,100
W07000090,Cardiff North,W15000003,South Wales Police,Police Force Area,100
W07000091,Cardiff South and Penarth,W15000003,South Wales Police,Police Force Area,100
W07000092,Cardiff West,W15000003,South Wales Police,Police Force Area,100
W07000093,Ceredigion Preseli,W15000004,Dyfed-Powys Police,Police Force Area,100
W07000094,Clwyd East,W15000001,North Wales Police,Police Force Area,100
W07000095,Clwyd North,W15000001,North Wales Police,Police Force Area,100
W07000096,Dwyfor Meirionnydd,W15000001,North Wales Police,Police Force Area,100
W07000097,Gower,W15000003,South Wales Police,Police Force Area,100
W07000098,Llanelli,W15000004,Dyfed-Powys Police,Police Force Area,100
W07000099,Merthyr Tydfil and Aberdare,W15000003,South Wales Police,Police Force Area,100
W07000100,Mid and South Pembrokeshire,W15000004,Dyfed-Powys Police,Police Force Area,100
W07000101,Monmouthshire,W15000002,Gwent Police,Police Force Area,100
W07000102,Montgomeryshire and Glyndwr,W15000001,North Wales Police,Police Force Area,34.5
W07000102,Montgomeryshire and Glyndwr,W15000004,Dyfed-Powys Police,Police Force Area,65.5
W07000103,Neath and Swansea East,W15000003,South Wales Police,Police Force Area,100
W07000104,Newport East,W15000002,Gwent Police,Police Force Area,100
W07000105,Newport West and Islwyn,W15000002,Gwent Police,Police Force Area,100
W07000106,Pontypridd,W15000003,South Wales Police,Police Force Area,100
W07000107,Rhondda and Ogmore,W15000003,South Wales Police,Police Force Area,100
W07000108,Swansea West,W15000003,South Wales Police,Police Force Area,100
W07000109,Torfaen,W15000002,Gwent Police,Police Force Area,100
W07000110,Vale of Glamorgan,W15000003,South Wales Police,Police Force Area,100
W07000111,Wrexham,W15000001,North Wales Police,Police Force Area,100
W07000112,Ynys Môn,W15000001,North Wales Police,Police Force Area,100
S14000021,East Renfrewshire,S08000031,NHS Greater Glasgow and Clyde,Scottish Health Board,100
S14000027,Na h-Eileanan an Iar,S08000028,NHS Western Isles,Scottish Health Board,100
S14000045,Midlothian,S08000024,NHS Lothian,Scottish Health Board,100
S14000048,North Ayrshire and Arran,S08000015,NHS Ayrshire and Arran,Scottish Health Board,100
S14000051,Orkney and Shetland,S08000025,NHS Orkney,Scottish Health Board,49
S14000051,Orkney and Shetland,S08000026,NHS Shetland,Scottish Health Board,51
S14000060,Aberdeen North,S08000020,NHS Grampian,Scottish Health Board,100
S14000061,Aberdeen South,S08000020,NHS Grampian,Scottish Health Board,100
S14000062,Aberdeenshire North and Moray East,S08000020,NHS Grampian,Scottish Health Board,100
S14000063,Airdrie and Shotts,S08000032,NHS Lanarkshire,Scottish Health Board,100
S14000064,Alloa and Grangemouth,S08000019,NHS Forth Valley,Scottish Health Board,100
S14000065,Angus and Perthshire Glens,S08000030,NHS Tayside,Scottish Health Board,100
S14000066,Arbroath and Broughty Ferry,S08000030,NHS Tayside,Scottish Health Board,100
S14000067,"Argyll, Bute and South Lochaber",S08000022,NHS Highland,Scottish Health Board,100
S14000068,Bathgate and Linlithgow,S08000019,NHS Forth Valley,Scottish Health Board,16.3
S14000068,Bathgate and Linlithgow,S08000024,NHS Lothian,Scottish Health Board,83.7
S14000069,"Caithness, Sutherland and Easter Ross",S08000022,NHS Highland,Scottish Health Board,100
S14000070,Coatbridge and Bellshill,S08000032,NHS Lanarkshire,Scottish Health Board,100
S14000071,Cowdenbeath and Kirkcaldy,S08000029,NHS Fife,Scottish Health Board,100
S14000072,Cumbernauld and Kirkintilloch,S08000031,NHS Greater Glasgow and Clyde,Scottish Health Board,14.7
S14000072,Cumbernauld and Kirkintilloch,S08000032,NHS Lanarkshire,Scottish Health Board,85.3
S14000073,Dumfries and Galloway,S08000017,NHS Dumfries and Galloway,Scottish Health Board,100
S14000074,"Dumfriesshire, Clydesdale and Tweeddale",S08000016,NHS Borders,Scottish Health Board,23.1
S14000074,"Dumfriesshire, Clydesdale and Tweeddale",S08000017,NHS Dumfries and Galloway,Scottish Health Board,57.3
S14000074,"Dumfriesshire, Clydesdale and Tweeddale",S08000032,NHS Lanarkshire,Scottish Health Board,19.6
S14000075,Dundee Central,S08000030,NHS Tayside,Scottish Health Board,100
S14000076,Dunfermline and Dollar,S08000019,NHS Forth Valley,Scottish Health Board,3.8
S14000076,Dunfermline and Dollar,S08000029,NHS Fife,Scottish Health Board,96.2
S14000077,East Kilbride and Strathaven,S08000032,NHS Lanarkshire,Scottish Health Board,100
S14000078,Edinburgh East and Musselburgh,S08000024,NHS Lothian,Scottish Health Board,100
S14000079,Edinburgh North and Leith,S08000024,NHS Lothian,Scottish Health Board,100
S14000080,Edinburgh South,S08000024,NHS Lothian,Scottish Health Board,100
S14000081,Edinburgh South West,S08000024,NHS Lothian,Scottish Health Board,100
S14000082,Edinburgh West,S08000024,NHS Lothian,Scottish Health Board,100
S14000083,Falkirk,S08000019,NHS Forth Valley,Scottish Health Board,100
S14000084,Glasgow East,S08000031,NHS Greater Glasgow and Clyde,Scottish Health Board,100
S14000085,Glasgow North,S08000031,NHS Greater Glasgow and Clyde,Scottish Health Board,100
S14000086,Glasgow North East,S08000031,NHS Greater Glasgow and Clyde,Scottish Health Board,100
S14000087,Glasgow South,S08000031,NHS Greater Glasgow and Clyde,Scottish Health Board,100
S14000088,Glasgow South West,S08000031,NHS Greater Glasgow and Clyde,Scottish Health Board,100
S14000089,Glasgow West,S08000031,NHS Greater Glasgow and Clyde,Scottish Health Board,100
S14000090,Glenrothes and Mid Fife,S08000029,NHS Fife,Scottish Health Board,100
S14000091,Gordon and Buchan,S08000020,NHS Grampian,Scottish Health Board,100
S14000092,Hamilton and Clyde Valley,S08000032,NHS Lanarkshire,Scottish Health Board,100
S14000093,Inverclyde and Renfrewshire West,S08000031,NHS Greater Glasgow and Clyde,Scottish Health Board,100
S14000094,"Inverness, Skye and West Ross-shire",S08000022,NHS Highland,Scottish Health Board,100
S14000095,Livingston,S08000024,NHS Lothian,Scottish Health Board,100
S14000096,Lothian East,S08000024,NHS Lothian,Scottish Health Board,100
S14000097,Mid Dunbartonshire,S08000031,NHS Greater Glasgow and Clyde,Scottish Health Board,100
S14000098,"Moray West, Nairn and Strathspey",S08000020,NHS Grampian,Scottish Health Board,70.3
S14000098,"Moray West, Nairn and Strathspey",S08000022,NHS Highland,Scottish Health Board,29.7
S14000099,"Motherwell, Wishaw and Carluke",S08000032,NHS Lanarkshire,Scottish Health Board,100
S14000100,North East Fife,S08000029,NHS Fife,Scottish Health Board,100
S14000101,Paisley and Renfrewshire North,S08000031,NHS Greater Glasgow and Clyde,Scottish Health Board,100
S14000102,Paisley and Renfrewshire South,S08000031,NHS Greater Glasgow and Clyde,Scottish Health Board,100
S14000103,Perth and Kinross-shire,S08000030,NHS Tayside,Scottish Health Board,100
S14000104,Rutherglen,S08000032,NHS Lanarkshire,Scottish Health Board,100
S14000105,Stirling and Strathallan,S08000019,NHS Forth Valley,Scottish Health Board,90.5
S14000105,Stirling and Strathallan,S08000030,NHS Tayside,Scottish Health Board,9.5
S14000106,West Dunbartonshire,S08000031,NHS Greater Glasgow and Clyde,Scottish Health Board,100
S14000107,"Ayr, Carrick and Cumnock",S08000015,NHS Ayrshire and Arran,Scottish Health Board,100
S14000108,"Berwickshire, Roxburgh and Selkirk",S08000016,NHS Borders,Scottish Health Board,100
S14000109,Central Ayrshire,S08000015,NHS Ayrshire and Arran,Scottish Health Board,100
S14000110,Kilmarnock and Loudoun,S08000015,NHS Ayrshire and Arran,Scottish Health Board,100
S14000111,West Aberdeenshire and Kincardine,S08000020,NHS Grampian,Scottish Health Board,100
W07000081,Aberafan Maesteg,W11000030,Cwm Taf Morgannwg University Health Board,Welsh health board,37.6
W07000081,Aberafan Maesteg,W11000031,Swansea Bay University Health Board,Welsh health board,62.4
W07000082,Alyn and Deeside,W11000023,Betsi Cadwaladr University Health Board,Welsh health board,100
W07000083,Bangor Aberconwy,W11000023,Betsi Cadwaladr University Health Board,Welsh health board,100
W07000084,Blaenau Gwent and Rhymney,W11000028,Aneurin Bevan University Health Board,Welsh health board,100
W07000085,"Brecon, Radnor and Cwm Tawe",W11000024,Powys Teaching Health Board,Welsh health board,75.5
W07000085,"Brecon, Radnor and Cwm Tawe",W11000031,Swansea Bay University Health Board,Welsh health board,24.5
W07000086,Bridgend,W11000030,Cwm Taf Morgannwg University Health Board,Welsh health board,100
W07000087,Caerfyrddin,W11000025,Hywel Dda University Health Board,Welsh health board,100
W07000088,Caerphilly,W11000028,Aneurin Bevan University Health Board,Welsh health board,100
W07000089,Cardiff East,W11000029,Cardiff and Vale University Health Board,Welsh health board,100
W07000090,Cardiff North,W11000029,Cardiff and Vale University Health Board,Welsh health board,96.3
W07000090,Cardiff North,W11000030,Cwm Taf Morgannwg University Health Board,Welsh health board,3.7
W07000091,Cardiff South and Penarth,W11000029,Cardiff and Vale University Health Board,Welsh health board,100
W07000092,Cardiff West,W11000029,Cardiff and Vale University Health Board,Welsh health board,92.8
W07000092,Cardiff West,W11000030,Cwm Taf Morgannwg University Health Board,Welsh health board,7.2
W07000093,Ceredigion Preseli,W11000025,Hywel Dda University Health Board,Welsh health board,100
W07000094,Clwyd East,W11000023,Betsi Cadwaladr University Health Board,Welsh health board,100
W07000095,Clwyd North,W11000023,Betsi Cadwaladr University Health Board,Welsh health board,100
W07000096,Dwyfor Meirionnydd,W11000023,Betsi Cadwaladr University Health Board,Welsh health board,100
W07000097,Gower,W11000031,Swansea Bay University Health Board,Welsh health board,100
W07000098,Llanelli,W11000025,Hywel Dda University Health Board,Welsh health board,100
W07000099,Merthyr Tydfil and Aberdare,W11000030,Cwm Taf Morgannwg University Health Board,Welsh health board,100
W07000100,Mid and South Pembrokeshire,W11000025,Hywel Dda University Health Board,Welsh health board,100
W07000101,Monmouthshire,W11000028,Aneurin Bevan University Health Board,Welsh health board,100
W07000102,Montgomeryshire and Glyndwr,W11000023,Betsi Cadwaladr University Health Board,Welsh health board,34.5
W07000102,Montgomeryshire and Glyndwr,W11000024,Powys Teaching Health Board,Welsh health board,65.5
W07000103,Neath and Swansea East,W11000031,Swansea Bay University Health Board,Welsh health board,100
W07000104,Newport East,W11000028,Aneurin Bevan University Health Board,Welsh health board,100
W07000105,Newport West and Islwyn,W11000028,Aneurin Bevan University Health Board,Welsh health board,100
W07000106,Pontypridd,W11000030,Cwm Taf Morgannwg University Health Board,Welsh health board,100
W07000107,Rhondda and Ogmore,W11000030,Cwm Taf Morgannwg University Health Board,Welsh health board,100
W07000108,Swansea West,W11000031,Swansea Bay University Health Board,Welsh health board,100
W07000109,Torfaen,W11000028,Aneurin Bevan University Health Board,Welsh health board,100
W07000110,Vale of Glamorgan,W11000029,Cardiff and Vale University Health Board,Welsh health board,100
W07000111,Wrexham,W11000023,Betsi Cadwaladr University Health Board,Welsh health board,100
W07000112,Ynys Môn,W11000023,Betsi Cadwaladr University Health Board,Welsh health board,100
N05000001,Belfast East,BHSCT,Belfast Health and Social Care Trust,Northern Ireland HSC trust,100
N05000002,Belfast North,BHSCT,Belfast Health and Social Care Trust,Northern Ireland HSC trust,68.3
N05000002,Belfast North,NHSCT,Northern Health and Social Care Trust,Northern Ireland HSC trust,31.7
N05000003,Belfast South and Mid Down,BHSCT,Belfast Health and Social Care Trust,Northern Ireland HSC trust,93.8
N05000003,Belfast South and Mid Down,SEHSCT,South Eastern Health and Social Care Trust,Northern Ireland HSC trust,6.2
N05000004,Belfast West,BHSCT,Belfast Health and Social Care Trust,Northern Ireland HSC trust,69.9
N05000004,Belfast West,SEHSCT,South Eastern Health and Social Care Trust,Northern Ireland HSC trust,30.1
N05000005,East Antrim,NHSCT,Northern Health and Social Care Trust,Northern Ireland HSC trust,100
N05000006,East Londonderry,NHSCT,Northern Health and Social Care Trust,Northern Ireland HSC trust,56.4
N05000006,East Londonderry,WHSCT,Western Health and Social Care Trust,Northern Ireland HSC trust,43.6
N05000007,Fermanagh and South Tyrone,SHSCT,Southern Health and Social Care Trust,Northern Ireland HSC trust,43
N05000007,Fermanagh and South Tyrone,WHSCT,Western Health and Social Care Trust,Northern Ireland HSC trust,57
N05000008,Foyle,WHSCT,Western Health and Social Care Trust,Northern Ireland HSC trust,100
N05000009,Lagan Valley,SEHSCT,South Eastern Health and Social Care Trust,Northern Ireland HSC trust,78.8
N05000009,Lagan Valley,SHSCT,Southern Health and Social Care Trust,Northern Ireland HSC trust,21.2
N05000010,Mid Ulster,NHSCT,Northern Health and Social Care Trust,Northern Ireland HSC trust,78.7
N05000010,Mid Ulster,SHSCT,Southern Health and Social Care Trust,Northern Ireland HSC trust,21.3
N05000011,Newry and Armagh,SHSCT,Southern Health and Social Care Trust,Northern Ireland HSC trust,100
N05000012,North Antrim,NHSCT,Northern Health and Social Care Trust,Northern Ireland HSC trust,100
N05000013,North Down,BHSCT,Belfast Health and Social Care Trust,Northern Ireland HSC trust,4.9
N05000013,North Down,SEHSCT,South Eastern Health and Social Care Trust,Northern Ireland HSC trust,95.1
N05000014,South Antrim,NHSCT,Northern Health and Social Care Trust,Northern Ireland HSC trust,92.6
N05000014,South Antrim,SEHSCT,South Eastern Health and Social Care Trust,Northern Ireland HSC trust,7.4
N05000015,South Down,SEHSCT,South Eastern Health and Social Care Trust,Northern Ireland HSC trust,39.1
N05000015,South Down,SHSCT,Southern Health and Social Care Trust,Northern Ireland HSC trust,60.9
N05000016,Strangford,SEHSCT,South Eastern Health and Social Care Trust,Northern Ireland HSC trust,100
N05000017,Upper Bann,SHSCT,Southern Health and Social Care Trust,Northern Ireland HSC trust,100
N05000018,West Tyrone,NHSCT,Northern Health and Social Care Trust,Northern Ireland HSC trust,4.8
N05000018,West Tyrone,WHSCT,Western Health and Social Care Trust,Northern Ireland HSC trust,95.2
E14001063,Aldershot,E60000247,Hart Local Planning Authority,Local Planning Authority,15.3
E14001063,Aldershot,E60000250,Rushmoor Local Planning Authority,Local Planning Authority,84.7
E14001064,Aldridge-Brownhills,E60000135,Walsall Local Planning Authority,Local Planning Authority,100
E14001065,Altrincham and Sale West,E60000033,Trafford Local Planning Authority,Local Planning Authority,100
E14001066,Amber Valley,E60000077,Amber Valley Local Planning Authority,Local Planning Authority,100
E14001067,Arundel and South Downs,E60000282,Arun Local Planning Authority,Local Planning Authority,17
E14001067,Arundel and South Downs,E60000283,Chichester Local Planning Authority,Local Planning Authority,8.7
E14001067,Arundel and South Downs,E60000285,Horsham Local Planning Authority,Local Planning Authority,41
E14001067,Arundel and South Downs,E60000325,South Downs Local Planning Authority,Local Planning Authority,33.3
E14001068,Ashfield,E60000106,Ashfield Local Planning Authority,Local Planning Authority,94.2
E14001068,Ashfield,E60000110,Mansfield Local Planning Authority,Local Planning Authority,5.8
E14001069,Ashford,E60000253,Ashford Local Planning Authority,Local Planning Authority,83.3
E14001069,Ashford,E60000257,Folkestone and Hythe Local Planning Authority,Local Planning Authority,16.7
E14001070,Ashton-under-Lyne,E60000032,Tameside Local Planning Authority,Local Planning Authority,100
E14001071,Aylesbury,E60000331,Buckinghamshire Local Planning Authority,Local Planning Authority,100
E14001072,Banbury,E60000265,Cherwell Local Planning Authority,Local Planning Authority,81.5
E14001072,Banbury,E60000269,West Oxfordshire Local Planning Authority,Local Planning Authority,18.5
E14001073,Barking,E60000202,Barking and Dagenham Local Planning Authority,Local Planning Authority,100
E14001074,Barnsley North,E60000064,Barnsley Local Planning Authority,Local Planning Authority,100
E14001075,Barnsley South,E60000064,Barnsley Local Planning Authority,Local Planning Authority,100
E14001076,Barrow and Furness,E60000334,Cumberland Local Planning Authority,Local Planning Authority,8.2
E14001076,Barrow and Furness,E60000320,Lake District Local Planning Authority,Local Planning Authority,2.9
E14001076,Barrow and Furness,E60000335,Westmorland and Furness Local Planning Authority,Local Planning Authority,88.9
E14001077,Basildon and Billericay,E60000154,Basildon Local Planning Authority,Local Planning Authority,100
E14001078,Basingstoke,E60000242,Basingstoke and Deane Local Planning Authority,Local Planning Authority,100
E14001079,Bassetlaw,E60000107,Bassetlaw Local Planning Authority,Local Planning Authority,100
E14001080,Bath,E60000288,Bath and North East Somerset Local Planning Authority,Local Planning Authority,100
E14001081,Battersea,E60000200,Wandsworth Local Planning Authority,Local Planning Authority,100
E14001082,Beaconsfield,E60000331,Buckinghamshire Local Planning Authority,Local Planning Authority,100
E14001083,Beckenham and Penge,E60000206,Bromley Local Planning Authority,Local Planning Authority,100
E14001084,Bedford,E60000143,Bedford Local Planning Authority,Local Planning Authority,100
E14001085,Bermondsey and Old Southwark,E60000198,Southwark Local Planning Authority,Local Planning Authority,100
E14001086,Bethnal Green and Stepney,E60000199,Tower Hamlets Local Planning Authority,Local Planning Authority,100
E14001087,Beverley and Holderness,E60000052,East Riding of Yorkshire Local Planning Authority,Local Planning Authority,100
E14001088,Bexhill and Battle,E60000240,Rother Local Planning Authority,Local Planning Authority,88.9
E14001088,Bexhill and Battle,E60000241,Wealden Local Planning Authority,Local Planning Authority,11.1
E14001089,Bexleyheath and Crayford,E60000204,Bexley Local Planning Authority,Local Planning Authority,100
E14001090,Bicester and Woodstock,E60000265,Cherwell Local Planning Authority,Local Planning Authority,77.5
E14001090,Bicester and Woodstock,E60000269,West Oxfordshire Local Planning Authority,Local Planning Authority,22.5
E14001091,Birkenhead,E60000051,Wirral Local Planning Authority,Local Planning Authority,100
E14001092,Birmingham Edgbaston,E60000130,Birmingham Local Planning Authority,Local Planning Authority,100
E14001093,Birmingham Erdington,E60000130,Birmingham Local Planning Authority,Local Planning Authority,100
E14001094,Birmingham Hall Green and Moseley,E60000130,Birmingham Local Planning Authority,Local Planning Authority,100
E14001095,Birmingham Hodge Hill and Solihull North,E60000130,Birmingham Local Planning Authority,Local Planning Authority,80.2
E14001095,Birmingham Hodge Hill and Solihull North,E60000134,Solihull Local Planning Authority,Local Planning Authority,19.8
E14001096,Birmingham Ladywood,E60000130,Birmingham Local Planning Authority,Local Planning Authority,100
E14001097,Birmingham Northfield,E60000130,Birmingham Local Planning Authority,Local Planning Authority,100
E14001098,Birmingham Perry Barr,E60000130,Birmingham Local Planning Authority,Local Planning Authority,100
E14001099,Birmingham Selly Oak,E60000130,Birmingham Local Planning Authority,Local Planning Authority,100
E14001100,Birmingham Yardley,E60000130,Birmingham Local Planning Authority,Local Planning Authority,100
E14001101,Bishop Auckland,E60000001,County Durham Local Planning Authority,Local Planning Authority,100
E14001102,Blackburn,E60000013,Blackburn with Darwen Local Planning Authority,Local Planning Authority,100
E14001103,Blackley and Middleton South,E60000027,Manchester Local Planning Authority,Local Planning Authority,81.2
E14001103,Blackley and Middleton South,E60000029,Rochdale Local Planning Authority,Local Planning Authority,18.8
E14001104,Blackpool North and Fleetwood,E60000014,Blackpool Local Planning Authority,Local Planning Authority,32.8
E14001104,Blackpool North and Fleetwood,E60000046,Wyre Local Planning Authority,Local Planning Authority,67.2
E14001105,Blackpool South,E60000014,Blackpool Local Planning Authority,Local Planning Authority,100
E14001106,Blaydon and Consett,E60000001,County Durham Local Planning Authority,Local Planning Authority,50.8
E14001106,Blaydon and Consett,E60000008,Gateshead Local Planning Authority,Local Planning Authority,49.2
E14001107,Blyth and Ashington,E60000005,Northumberland Local Planning Authority,Local Planning Authority,100
E14001108,Bognor Regis and Littlehampton,E60000282,Arun Local Planning Authority,Local Planning Authority,100
E14001109,Bolsover,E60000078,Bolsover Local Planning Authority,Local Planning Authority,80
E14001109,Bolsover,E60000083,North East Derbyshire Local Planning Authority,Local Planning Authority,20
E14001110,Bolton North East,E60000025,Bolton Local Planning Authority,Local Planning Authority,100
E14001111,Bolton South and Walkden,E60000025,Bolton Local Planning Authority,Local Planning Authority,67.6
E14001111,Bolton South and Walkden,E60000030,Salford Local Planning Authority,Local Planning Authority,32.4
E14001112,Bolton West,E60000025,Bolton Local Planning Authority,Local Planning Authority,100
E14001113,Bootle,E60000049,Sefton Local Planning Authority,Local Planning Authority,100
E14001114,Boston and Skegness,E60000092,Boston Local Planning Authority,Local Planning Authority,60.5
E14001114,Boston and Skegness,E60000093,East Lindsey Local Planning Authority,Local Planning Authority,39.5
E14001115,Bournemouth East,E60000289,"Bournemouth, Christchurch and Poole Local Planning Authority",Local Planning Authority,100
E14001116,Bournemouth West,E60000289,"Bournemouth, Christchurch and Poole Local Planning Authority",Local Planning Authority,100
E14001117,Bracknell,E60000221,Bracknell Forest Local Planning Authority,Local Planning Authority,100
E14001118,Bradford East,E60000068,Bradford Local Planning Authority,Local Planning Authority,100
E14001119,Bradford South,E60000068,Bradford Local Planning Authority,Local Planning Authority,100
E14001120,Bradford West,E60000068,Bradford Local Planning Authority,Local Planning Authority,100
E14001121,Braintree,E60000155,Braintree Local Planning Authority,Local Planning Authority,93.5
E14001121,Braintree,E60000165,Uttlesford Local Planning Authority,Local Planning Authority,6.5
E14001122,Brent East,E60000205,Brent Local Planning Authority,Local Planning Authority,97.8
E14001122,Brent East,E60000330,Old Oak and Park Royal Development Corporation Local Planning Authority,Local Planning Authority,2.2
E14001123,Brent West,E60000205,Brent Local Planning Authority,Local Planning Authority,100
E14001124,Brentford and Isleworth,E60000214,Hounslow Local Planning Authority,Local Planning Authority,91.9
E14001124,Brentford and Isleworth,E60000218,Richmond upon Thames Local Planning Authority,Local Planning Authority,8.1
E14001125,Brentwood and Ongar,E60000156,Brentwood Local Planning Authority,Local Planning Authority,78.6
E14001125,Brentwood and Ongar,E60000160,Epping Forest Local Planning Authority,Local Planning Authority,21.4
E14001126,Bridgwater,E60000337,Somerset Local Planning Authority,Local Planning Authority,100
E14001127,Bridlington and The Wolds,E60000052,East Riding of Yorkshire Local Planning Authority,Local Planning Authority,100
E14001128,Brigg and Immingham,E60000054,North East Lincolnshire Local Planning Authority,Local Planning Authority,54.9
E14001128,Brigg and Immingham,E60000055,North Lincolnshire Local Planning Authority,Local Planning Authority,45.1
E14001129,Brighton Kemptown and Peacehaven,E60000222,Brighton and Hove Local Planning Authority,Local Planning Authority,75.3
E14001129,Brighton Kemptown and Peacehaven,E60000239,Lewes Local Planning Authority,Local Planning Authority,24.1
E14001129,Brighton Kemptown and Peacehaven,E60000325,South Downs Local Planning Authority,Local Planning Authority,0.5
E14001130,Brighton Pavilion,E60000222,Brighton and Hove Local Planning Authority,Local Planning Authority,100
E14001130,Brighton Pavilion,E60000325,South Downs Local Planning Authority,Local Planning Authority,0
E14001131,Bristol Central,E60000290,Bristol Local Planning Authority,Local Planning Authority,100
E14001132,Bristol East,E60000290,Bristol Local Planning Authority,Local Planning Authority,100
E14001133,Bristol North East,E60000290,Bristol Local Planning Authority,Local Planning Authority,56.3
E14001133,Bristol North East,E60000296,South Gloucestershire Local Planning Authority,Local Planning Authority,43.7
E14001134,Bristol North West,E60000290,Bristol Local Planning Authority,Local Planning Authority,100
E14001135,Bristol South,E60000290,Bristol Local Planning Authority,Local Planning Authority,100
E14001136,Broadland and Fakenham,E60000177,Broadland Local Planning Authority,Local Planning Authority,82.8
E14001136,Broadland and Fakenham,E60000180,North Norfolk Local Planning Authority,Local Planning Authority,17.1
E14001136,Broadland and Fakenham,E60000326,The Broads Local Planning Authority,Local Planning Authority,0.1
E14001137,Bromley and Biggin Hill,E60000206,Bromley Local Planning Authority,Local Planning Authority,100
E14001138,Bromsgrove,E60000137,Bromsgrove Local Planning Authority,Local Planning Authority,100
E14001139,Broxbourne,E60000166,Broxbourne Local Planning Authority,Local Planning Authority,91.4
E14001139,Broxbourne,E60000168,East Hertfordshire Local Planning Authority,Local Planning Authority,8.6
E14001140,Broxtowe,E60000108,Broxtowe Local Planning Authority,Local Planning Authority,100
E14001141,Buckingham and Bletchley,E60000331,Buckinghamshire Local Planning Authority,Local Planning Authority,41.7
E14001141,Buckingham and Bletchley,E60000225,Milton Keynes Local Planning Authority,Local Planning Authority,58.3
E14001142,Burnley,E60000035,Burnley Local Planning Authority,Local Planning Authority,86.5
E14001142,Burnley,E60000040,Pendle Local Planning Authority,Local Planning Authority,13.5
E14001143,Burton and Uttoxeter,E60000118,East Staffordshire Local Planning Authority,Local Planning Authority,100
E14001144,Bury North,E60000026,Bury Local Planning Authority,Local Planning Authority,100
E14001145,Bury South,E60000026,Bury Local Planning Authority,Local Planning Authority,84.8
E14001145,Bury South,E60000030,Salford Local Planning Authority,Local Planning Authority,15.2
E14001146,Bury St Edmunds and Stowmarket,E60000186,Mid Suffolk Local Planning Authority,Local Planning Authority,39.8
E14001146,Bury St Edmunds and Stowmarket,E60000187,West Suffolk Local Planning Authority,Local Planning Authority,60.2
E14001147,Calder Valley,E60000069,Calderdale Local Planning Authority,Local Planning Authority,100
E14001148,Camborne and Redruth,E60000291,Cornwall Local Planning Authority,Local Planning Authority,100
E14001149,Cambridge,E60000149,Cambridge Local Planning Authority,Local Planning Authority,100
E14001150,Cannock Chase,E60000117,Cannock Chase Local Planning Authority,Local Planning Authority,100
E14001151,Canterbury,E60000254,Canterbury Local Planning Authority,Local Planning Authority,100
E14001152,Carlisle,E60000334,Cumberland Local Planning Authority,Local Planning Authority,100
E14001153,Carshalton and Wallington,E60000219,Sutton Local Planning Authority,Local Planning Authority,100
E14001154,Castle Point,E60000154,Basildon Local Planning Authority,Local Planning Authority,2.1
E14001154,Castle Point,E60000157,Castle Point Local Planning Authority,Local Planning Authority,97.9
E14001155,Central Devon,E60000318,Dartmoor Local Planning Authority,Local Planning Authority,20.5
E14001155,Central Devon,E60000302,Mid Devon Local Planning Authority,Local Planning Authority,31.4
E14001155,Central Devon,E60000305,Teignbridge Local Planning Authority,Local Planning Authority,29
E14001155,Central Devon,E60000307,West Devon Local Planning Authority,Local Planning Authority,19.1
E14001156,Central Suffolk and North Ipswich,E60000184,East Suffolk Local Planning Authority,Local Planning Authority,43.9
E14001156,Central Suffolk and North Ipswich,E60000185,Ipswich Local Planning Authority,Local Planning Authority,26.2
E14001156,Central Suffolk and North Ipswich,E60000186,Mid Suffolk Local Planning Authority,Local Planning Authority,29.9
E14001157,Chatham and Aylesford,E60000224,Medway Local Planning Authority,Local Planning Authority,70.1
E14001157,Chatham and Aylesford,E60000263,Tonbridge and Malling Local Planning Authority,Local Planning Authority,29.9
E14001158,Cheadle,E60000031,Stockport Local Planning Authority,Local Planning Authority,100
E14001159,Chelmsford,E60000158,Chelmsford Local Planning Authority,Local Planning Authority,100
E14001160,Chelsea and Fulham,E60000191,Hammersmith and Fulham Local Planning Authority,Local Planning Authority,71.5
E14001160,Chelsea and Fulham,E60000194,Kensington and Chelsea Local Planning Authority,Local Planning Authority,28.5
E14001161,Cheltenham,E60000308,Cheltenham Local Planning Authority,Local Planning Authority,100
E14001162,Chesham and Amersham,E60000331,Buckinghamshire Local Planning Authority,Local Planning Authority,100
E14001163,Chester North and Neston,E60000016,Cheshire West and Chester Local Planning Authority,Local Planning Authority,100
E14001164,Chester South and Eddisbury,E60000015,Cheshire East Local Planning Authority,Local Planning Authority,24.2
E14001164,Chester South and Eddisbury,E60000016,Cheshire West and Chester Local Planning Authority,Local Planning Authority,75.8
E14001165,Chesterfield,E60000079,Chesterfield Local Planning Authority,Local Planning Authority,100
E14001166,Chichester,E60000282,Arun Local Planning Authority,Local Planning Authority,16.1
E14001166,Chichester,E60000283,Chichester Local Planning Authority,Local Planning Authority,80.1
E14001166,Chichester,E60000325,South Downs Local Planning Authority,Local Planning Authority,3.9
E14001167,Chingford and Woodford Green,E60000217,Redbridge Local Planning Authority,Local Planning Authority,34.7
E14001167,Chingford and Woodford Green,E60000220,Waltham Forest Local Planning Authority,Local Planning Authority,65.3
E14001168,Chippenham,E60000299,Wiltshire Local Planning Authority,Local Planning Authority,100
E14001169,Chipping Barnet,E60000203,Barnet Local Planning Authority,Local Planning Authority,100
E14001170,Chorley,E60000036,Chorley Local Planning Authority,Local Planning Authority,100
E14001171,Christchurch,E60000289,"Bournemouth, Christchurch and Poole Local Planning Authority",Local Planning Authority,56.7
E14001171,Christchurch,E60000292,Dorset Local Planning Authority,Local Planning Authority,43.3
E14001172,Cities of London and Westminster,E60000189,City of London Local Planning Authority,Local Planning Authority,8.5
E14001172,Cities of London and Westminster,E60000201,Westminster Local Planning Authority,Local Planning Authority,91.5
E14001173,City of Durham,E60000001,County Durham Local Planning Authority,Local Planning Authority,100
E14001174,Clacton,E60000164,Tendring Local Planning Authority,Local Planning Authority,100
E14001175,Clapham and Brixton Hill,E60000195,Lambeth Local Planning Authority,Local Planning Authority,100
E14001176,Colchester,E60000159,Colchester Local Planning Authority,Local Planning Authority,100
E14001177,Colne Valley,E60000070,Kirklees Local Planning Authority,Local Planning Authority,99.8
E14001177,Colne Valley,E60000324,Peak District Local Planning Authority,Local Planning Authority,0.2
E14001178,Congleton,E60000015,Cheshire East Local Planning Authority,Local Planning Authority,100
E14001179,Corby and East Northamptonshire,E60000332,North Northamptonshire Local Planning Authority,Local Planning Authority,100
E14001180,Coventry East,E60000131,Coventry Local Planning Authority,Local Planning Authority,100
E14001181,Coventry North West,E60000131,Coventry Local Planning Authority,Local Planning Authority,100
E14001182,Coventry South,E60000131,Coventry Local Planning Authority,Local Planning Authority,100
E14001183,Cramlington and Killingworth,E60000009,Newcastle upon Tyne Local Planning Authority,Local Planning Authority,5.3
E14001183,Cramlington and Killingworth,E60000010,North Tyneside Local Planning Authority,Local Planning Authority,47.6
E14001183,Cramlington and Killingworth,E60000005,Northumberland Local Planning Authority,Local Planning Authority,47.1
E14001184,Crawley,E60000284,Crawley Local Planning Authority,Local Planning Authority,100
E14001185,Crewe and Nantwich,E60000015,Cheshire East Local Planning Authority,Local Planning Authority,100
E14001186,Croydon East,E60000207,Croydon Local Planning Authority,Local Planning Authority,100
E14001187,Croydon South,E60000207,Croydon Local Planning Authority,Local Planning Authority,100
E14001188,Croydon West,E60000207,Croydon Local Planning Authority,Local Planning Authority,100
E14001189,Dagenham and Rainham,E60000202,Barking and Dagenham Local Planning Authority,Local Planning Authority,60.8
E14001189,Dagenham and Rainham,E60000212,Havering Local Planning Authority,Local Planning Authority,39.2
E14001190,Darlington,E60000002,Darlington Local Planning Authority,Local Planning Authority,100
E14001191,Dartford,E60000255,Dartford Local Planning Authority,Local Planning Authority,95.6
E14001191,Dartford,E60000328,Ebbsfleet Development Corporation Local Planning Authority,Local Planning Authority,4.4
E14001192,Daventry,E60000332,North Northamptonshire Local Planning Authority,Local Planning Authority,13
E14001192,Daventry,E60000333,West Northamptonshire Local Planning Authority,Local Planning Authority,87
E14001193,Derby North,E60000073,Derby Local Planning Authority,Local Planning Authority,100
E14001194,Derby South,E60000073,Derby Local Planning Authority,Local Planning Authority,100
E14001195,Derbyshire Dales,E60000077,Amber Valley Local Planning Authority,Local Planning Authority,6
E14001195,Derbyshire Dales,E60000080,Derbyshire Dales Local Planning Authority,Local Planning Authority,54
E14001195,Derbyshire Dales,E60000324,Peak District Local Planning Authority,Local Planning Authority,25.4
E14001195,Derbyshire Dales,E60000084,South Derbyshire Local Planning Authority,Local Planning Authority,14.7
E14001196,Dewsbury and Batley,E60000070,Kirklees Local Planning Authority,Local Planning Authority,100
E14001197,Didcot and Wantage,E60000267,South Oxfordshire Local Planning Authority,Local Planning Authority,50.4
E14001197,Didcot and Wantage,E60000268,Vale of White Horse Local Planning Authority,Local Planning Authority,49.6
E14001198,Doncaster Central,E60000065,Doncaster Local Planning Authority,Local Planning Authority,100
E14001199,Doncaster East and the Isle of Axholme,E60000065,Doncaster Local Planning Authority,Local Planning Authority,75.6
E14001199,Doncaster East and the Isle of Axholme,E60000055,North Lincolnshire Local Planning Authority,Local Planning Authority,24.4
E14001200,Doncaster North,E60000065,Doncaster Local Planning Authority,Local Planning Authority,100
E14001201,Dorking and Horley,E60000273,Mole Valley Local Planning Authority,Local Planning Authority,64
E14001201,Dorking and Horley,E60000274,Reigate and Banstead Local Planning Authority,Local Planning Authority,33.6
E14001201,Dorking and Horley,E60000279,Waverley Local Planning Authority,Local Planning Authority,2.4
E14001202,Dover and Deal,E60000256,Dover Local Planning Authority,Local Planning Authority,100
E14001203,Droitwich and Evesham,E60000141,Wychavon Local Planning Authority,Local Planning Authority,100
E14001204,Dudley,E60000132,Dudley Local Planning Authority,Local Planning Authority,100
E14001205,Dulwich and West Norwood,E60000195,Lambeth Local Planning Authority,Local Planning Authority,71.7
E14001205,Dulwich and West Norwood,E60000198,Southwark Local Planning Authority,Local Planning Authority,28.3
E14001206,Dunstable and Leighton Buzzard,E60000144,Central Bedfordshire Local Planning Authority,Local Planning Authority,100
E14001207,Ealing Central and Acton,E60000208,Ealing Local Planning Authority,Local Planning Authority,81.1
E14001207,Ealing Central and Acton,E60000191,Hammersmith and Fulham Local Planning Authority,Local Planning Authority,13.9
E14001207,Ealing Central and Acton,E60000330,Old Oak and Park Royal Development Corporation Local Planning Authority,Local Planning Authority,4.9
E14001208,Ealing North,E60000208,Ealing Local Planning Authority,Local Planning Authority,100
E14001209,Ealing Southall,E60000208,Ealing Local Planning Authority,Local Planning Authority,100
E14001210,Earley and Woodley,E60000227,Reading Local Planning Authority,Local Planning Authority,24.7
E14001210,Earley and Woodley,E60000232,Wokingham Local Planning Authority,Local Planning Authority,75.3
E14001211,Easington,E60000001,County Durham Local Planning Authority,Local Planning Authority,100
E14001212,East Grinstead and Uckfield,E60000239,Lewes Local Planning Authority,Local Planning Authority,11.2
E14001212,East Grinstead and Uckfield,E60000286,Mid Sussex Local Planning Authority,Local Planning Authority,56.8
E14001212,East Grinstead and Uckfield,E60000325,South Downs Local Planning Authority,Local Planning Authority,0
E14001212,East Grinstead and Uckfield,E60000241,Wealden Local Planning Authority,Local Planning Authority,32
E14001213,East Ham,E60000197,Newham Local Planning Authority,Local Planning Authority,100
E14001214,East Hampshire,E60000242,Basingstoke and Deane Local Planning Authority,Local Planning Authority,1.8
E14001214,East Hampshire,E60000243,East Hampshire Local Planning Authority,Local Planning Authority,62.5
E14001214,East Hampshire,E60000325,South Downs Local Planning Authority,Local Planning Authority,35.7
E14001215,East Surrey,E60000274,Reigate and Banstead Local Planning Authority,Local Planning Authority,11.5
E14001215,East Surrey,E60000278,Tandridge Local Planning Authority,Local Planning Authority,88.5
E14001216,East Thanet,E60000262,Thanet Local Planning Authority,Local Planning Authority,100
E14001217,East Wiltshire,E60000297,Swindon Local Planning Authority,Local Planning Authority,13.7
E14001217,East Wiltshire,E60000299,Wiltshire Local Planning Authority,Local Planning Authority,86.3
E14001218,East Worthing and Shoreham,E60000281,Adur Local Planning Authority,Local Planning Authority,64.3
E14001218,East Worthing and Shoreham,E60000325,South Downs Local Planning Authority,Local Planning Authority,0.4
E14001218,East Worthing and Shoreham,E60000287,Worthing Local Planning Authority,Local Planning Authority,35.3
E14001219,Eastbourne,E60000237,Eastbourne Local Planning Authority,Local Planning Authority,100
E14001219,Eastbourne,E60000325,South Downs Local Planning Authority,Local Planning Authority,0
E14001220,Eastleigh,E60000244,Eastleigh Local Planning Authority,Local Planning Authority,93.5
E14001220,Eastleigh,E60000251,Test Valley Local Planning Authority,Local Planning Authority,6.5
E14001221,Edmonton and Winchmore Hill,E60000209,Enfield Local Planning Authority,Local Planning Authority,100
E14001222,Ellesmere Port and Bromborough,E60000016,Cheshire West and Chester Local Planning Authority,Local Planning Authority,67.9
E14001222,Ellesmere Port and Bromborough,E60000051,Wirral Local Planning Authority,Local Planning Authority,32.1
E14001223,Eltham and Chislehurst,E60000206,Bromley Local Planning Authority,Local Planning Authority,24.1
E14001223,Eltham and Chislehurst,E60000210,Greenwich Local Planning Authority,Local Planning Authority,75.9
E14001224,Ely and East Cambridgeshire,E60000150,East Cambridgeshire Local Planning Authority,Local Planning Authority,83.1
E14001224,Ely and East Cambridgeshire,E60000153,South Cambridgeshire Local Planning Authority,Local Planning Authority,16.9
E14001225,Enfield North,E60000209,Enfield Local Planning Authority,Local Planning Authority,100
E14001226,Epping Forest,E60000160,Epping Forest Local Planning Authority,Local Planning Authority,100
E14001227,Epsom and Ewell,E60000271,Epsom and Ewell Local Planning Authority,Local Planning Authority,75
E14001227,Epsom and Ewell,E60000273,Mole Valley Local Planning Authority,Local Planning Authority,25
E14001228,Erewash,E60000081,Erewash Local Planning Authority,Local Planning Authority,100
E14001229,Erith and Thamesmead,E60000204,Bexley Local Planning Authority,Local Planning Authority,34.9
E14001229,Erith and Thamesmead,E60000210,Greenwich Local Planning Authority,Local Planning Authority,65.1
E14001230,Esher and Walton,E60000270,Elmbridge Local Planning Authority,Local Planning Authority,100
E14001231,Exeter,E60000301,Exeter Local Planning Authority,Local Planning Authority,100
E14001232,Exmouth and Exeter East,E60000300,East Devon Local Planning Authority,Local Planning Authority,71
E14001232,Exmouth and Exeter East,E60000301,Exeter Local Planning Authority,Local Planning Authority,29
E14001233,Fareham and Waterlooville,E60000245,Fareham Local Planning Authority,Local Planning Authority,53.8
E14001233,Fareham and Waterlooville,E60000248,Havant Local Planning Authority,Local Planning Authority,29.6
E14001233,Fareham and Waterlooville,E60000325,South Downs Local Planning Authority,Local Planning Authority,0
E14001233,Fareham and Waterlooville,E60000252,Winchester Local Planning Authority,Local Planning Authority,16.5
E14001234,Farnham and Bordon,E60000243,East Hampshire Local Planning Authority,Local Planning Authority,35.9
E14001234,Farnham and Bordon,E60000325,South Downs Local Planning Authority,Local Planning Authority,0.8
E14001234,Farnham and Bordon,E60000279,Waverley Local Planning Authority,Local Planning Authority,63.4
E14001235,Faversham and Mid Kent,E60000259,Maidstone Local Planning Authority,Local Planning Authority,60.6
E14001235,Faversham and Mid Kent,E60000261,Swale Local Planning Authority,Local Planning Authority,39.4
E14001236,Feltham and Heston,E60000214,Hounslow Local Planning Authority,Local Planning Authority,100
E14001237,Filton and Bradley Stoke,E60000296,South Gloucestershire Local Planning Authority,Local Planning Authority,100
E14001238,Finchley and Golders Green,E60000203,Barnet Local Planning Authority,Local Planning Authority,100
E14001239,Folkestone and Hythe,E60000257,Folkestone and Hythe Local Planning Authority,Local Planning Authority,100
E14001240,Forest of Dean,E60000310,Forest of Dean Local Planning Authority,Local Planning Authority,94.9
E14001240,Forest of Dean,E60000313,Tewkesbury Local Planning Authority,Local Planning Authority,5.1
E14001241,Frome and East Somerset,E60000288,Bath and North East Somerset Local Planning Authority,Local Planning Authority,40.3
E14001241,Frome and East Somerset,E60000337,Somerset Local Planning Authority,Local Planning Authority,59.7
E14001242,Fylde,E60000037,Fylde Local Planning Authority,Local Planning Authority,84.4
E14001242,Fylde,E60000046,Wyre Local Planning Authority,Local Planning Authority,15.6
E14001243,Gainsborough,E60000098,West Lindsey Local Planning Authority,Local Planning Authority,100
E14001244,Gateshead Central and Whickham,E60000008,Gateshead Local Planning Authority,Local Planning Authority,100
E14001245,Gedling,E60000109,Gedling Local Planning Authority,Local Planning Authority,100
E14001246,Gillingham and Rainham,E60000224,Medway Local Planning Authority,Local Planning Authority,100
E14001247,Glastonbury and Somerton,E60000337,Somerset Local Planning Authority,Local Planning Authority,100
E14001248,Gloucester,E60000311,Gloucester Local Planning Authority,Local Planning Authority,100
E14001249,Godalming and Ash,E60000272,Guildford Local Planning Authority,Local Planning Authority,35.5
E14001249,Godalming and Ash,E60000279,Waverley Local Planning Authority,Local Planning Authority,64.5
E14001250,Goole and Pocklington,E60000052,East Riding of Yorkshire Local Planning Authority,Local Planning Authority,100
E14001251,Gorton and Denton,E60000027,Manchester Local Planning Authority,Local Planning Authority,70.5
E14001251,Gorton and Denton,E60000032,Tameside Local Planning Authority,Local Planning Authority,29.5
E14001252,Gosport,E60000245,Fareham Local Planning Authority,Local Planning Authority,15
E14001252,Gosport,E60000246,Gosport Local Planning Authority,Local Planning Authority,85
E14001253,Grantham and Bourne,E60000095,North Kesteven Local Planning Authority,Local Planning Authority,8.3
E14001253,Grantham and Bourne,E60000097,South Kesteven Local Planning Authority,Local Planning Authority,91.7
E14001254,Gravesham,E60000328,Ebbsfleet Development Corporation Local Planning Authority,Local Planning Authority,1.9
E14001254,Gravesham,E60000258,Gravesham Local Planning Authority,Local Planning Authority,98.1
E14001255,Great Grimsby and Cleethorpes,E60000054,North East Lincolnshire Local Planning Authority,Local Planning Authority,100
E14001256,Great Yarmouth,E60000178,Great Yarmouth Local Planning Authority,Local Planning Authority,99.2
E14001256,Great Yarmouth,E60000326,The Broads Local Planning Authority,Local Planning Authority,0.8
E14001257,Greenwich and Woolwich,E60000210,Greenwich Local Planning Authority,Local Planning Authority,100
E14001258,Guildford,E60000272,Guildford Local Planning Authority,Local Planning Authority,100
E14001259,Hackney North and Stoke Newington,E60000190,Hackney Local Planning Authority,Local Planning Authority,100
E14001260,Hackney South and Shoreditch,E60000190,Hackney Local Planning Authority,Local Planning Authority,97.1
E14001260,Hackney South and Shoreditch,E60000329,London Legacy Development Corporation Local Planning Authority,Local Planning Authority,2.9
E14001261,Halesowen,E60000132,Dudley Local Planning Authority,Local Planning Authority,83.5
E14001261,Halesowen,E60000133,Sandwell Local Planning Authority,Local Planning Authority,16.5
E14001262,Halifax,E60000069,Calderdale Local Planning Authority,Local Planning Authority,100
E14001263,Hamble Valley,E60000244,Eastleigh Local Planning Authority,Local Planning Authority,48.2
E14001263,Hamble Valley,E60000245,Fareham Local Planning Authority,Local Planning Authority,44.7
E14001263,Hamble Valley,E60000252,Winchester Local Planning Authority,Local Planning Authority,7
E14001264,Hammersmith and Chiswick,E60000191,Hammersmith and Fulham Local Planning Authority,Local Planning Authority,68.6
E14001264,Hammersmith and Chiswick,E60000214,Hounslow Local Planning Authority,Local Planning Authority,31.4
E14001265,Hampstead and Highgate,E60000188,Camden Local Planning Authority,Local Planning Authority,89.3
E14001265,Hampstead and Highgate,E60000192,Haringey Local Planning Authority,Local Planning Authority,10.7
E14001266,"Harborough, Oadby and Wigston",E60000087,Harborough Local Planning Authority,Local Planning Authority,43.4
E14001266,"Harborough, Oadby and Wigston",E60000091,Oadby and Wigston Local Planning Authority,Local Planning Authority,56.6
E14001267,Harlow,E60000160,Epping Forest Local Planning Authority,Local Planning Authority,10
E14001267,Harlow,E60000161,Harlow Local Planning Authority,Local Planning Authority,84.2
E14001267,Harlow,E60000165,Uttlesford Local Planning Authority,Local Planning Authority,5.8
E14001268,Harpenden and Berkhamsted,E60000167,Dacorum Local Planning Authority,Local Planning Authority,49
E14001268,Harpenden and Berkhamsted,E60000171,St Albans Local Planning Authority,Local Planning Authority,51
E14001269,Harrogate and Knaresborough,E60000336,North Yorkshire Local Planning Authority,Local Planning Authority,100
E14001270,Harrow East,E60000205,Brent Local Planning Authority,Local Planning Authority,14.7
E14001270,Harrow East,E60000211,Harrow Local Planning Authority,Local Planning Authority,85.3
E14001271,Harrow West,E60000211,Harrow Local Planning Authority,Local Planning Authority,100
E14001272,Hartlepool,E60000003,Hartlepool Local Planning Authority,Local Planning Authority,100
E14001273,Harwich and North Essex,E60000159,Colchester Local Planning Authority,Local Planning Authority,48.3
E14001273,Harwich and North Essex,E60000164,Tendring Local Planning Authority,Local Planning Authority,51.7
E14001274,Hastings and Rye,E60000238,Hastings Local Planning Authority,Local Planning Authority,86.7
E14001274,Hastings and Rye,E60000240,Rother Local Planning Authority,Local Planning Authority,13.3
E14001275,Havant,E60000248,Havant Local Planning Authority,Local Planning Authority,100
E14001276,Hayes and Harlington,E60000213,Hillingdon Local Planning Authority,Local Planning Authority,100
E14001277,Hazel Grove,E60000031,Stockport Local Planning Authority,Local Planning Authority,100
E14001278,Hemel Hempstead,E60000167,Dacorum Local Planning Authority,Local Planning Authority,100
E14001279,Hendon,E60000203,Barnet Local Planning Authority,Local Planning Authority,100
E14001280,Henley and Thame,E60000267,South Oxfordshire Local Planning Authority,Local Planning Authority,100
E14001281,Hereford and South Herefordshire,E60000113,Herefordshire Local Planning Authority,Local Planning Authority,100
E14001282,Herne Bay and Sandwich,E60000254,Canterbury Local Planning Authority,Local Planning Authority,50.7
E14001282,Herne Bay and Sandwich,E60000256,Dover Local Planning Authority,Local Planning Authority,13.7
E14001282,Herne Bay and Sandwich,E60000262,Thanet Local Planning Authority,Local Planning Authority,35.6
E14001283,Hertford and Stortford,E60000168,East Hertfordshire Local Planning Authority,Local Planning Authority,100
E14001284,Hertsmere,E60000169,Hertsmere Local Planning Authority,Local Planning Authority,94.3
E14001284,Hertsmere,E60000175,Welwyn Hatfield Local Planning Authority,Local Planning Authority,5.7
E14001285,Hexham,E60000009,Newcastle upon Tyne Local Planning Authority,Local Planning Authority,11.8
E14001285,Hexham,E60000005,Northumberland Local Planning Authority,Local Planning Authority,87
E14001285,Hexham,E60000323,Northumberland Local Planning Authority,Local Planning Authority,1.1
E14001286,Heywood and Middleton North,E60000029,Rochdale Local Planning Authority,Local Planning Authority,100
E14001287,High Peak,E60000082,High Peak Local Planning Authority,Local Planning Authority,94
E14001287,High Peak,E60000324,Peak District Local Planning Authority,Local Planning Authority,6
E14001288,Hinckley and Bosworth,E60000088,Hinckley and Bosworth Local Planning Authority,Local Planning Authority,94.3
E14001288,Hinckley and Bosworth,E60000090,North West Leicestershire Local Planning Authority,Local Planning Authority,5.7
E14001289,Hitchin,E60000144,Central Bedfordshire Local Planning Authority,Local Planning Authority,45.1
E14001289,Hitchin,E60000170,North Hertfordshire Local Planning Authority,Local Planning Authority,54.9
E14001290,Holborn and St Pancras,E60000188,Camden Local Planning Authority,Local Planning Authority,100
E14001291,Honiton and Sidmouth,E60000300,East Devon Local Planning Authority,Local Planning Authority,87.1
E14001291,Honiton and Sidmouth,E60000302,Mid Devon Local Planning Authority,Local Planning Authority,12.9
E14001292,Hornchurch and Upminster,E60000212,Havering Local Planning Authority,Local Planning Authority,100
E14001293,Hornsey and Friern Barnet,E60000203,Barnet Local Planning Authority,Local Planning Authority,18.9
E14001293,Hornsey and Friern Barnet,E60000192,Haringey Local Planning Authority,Local Planning Authority,81.1
E14001294,Horsham,E60000285,Horsham Local Planning Authority,Local Planning Authority,100
E14001295,Houghton and Sunderland South,E60000012,Sunderland Local Planning Authority,Local Planning Authority,100
E14001296,Hove and Portslade,E60000222,Brighton and Hove Local Planning Authority,Local Planning Authority,100
E14001296,Hove and Portslade,E60000325,South Downs Local Planning Authority,Local Planning Authority,0
E14001297,Huddersfield,E60000070,Kirklees Local Planning Authority,Local Planning Authority,100
E14001298,Huntingdon,E60000152,Huntingdonshire Local Planning Authority,Local Planning Authority,100
E14001299,Hyndburn,E60000038,Hyndburn Local Planning Authority,Local Planning Authority,87.5
E14001299,Hyndburn,E60000043,Rossendale Local Planning Authority,Local Planning Authority,12.5
E14001300,Ilford North,E60000217,Redbridge Local Planning Authority,Local Planning Authority,100
E14001301,Ilford South,E60000202,Barking and Dagenham Local Planning Authority,Local Planning Authority,9.3
E14001301,Ilford South,E60000217,Redbridge Local Planning Authority,Local Planning Authority,90.7
E14001302,Ipswich,E60000185,Ipswich Local Planning Authority,Local Planning Authority,100
E14001303,Isle of Wight East,E60000223,Isle of Wight Local Planning Authority,Local Planning Authority,100
E14001304,Isle of Wight West,E60000223,Isle of Wight Local Planning Authority,Local Planning Authority,100
E14001305,Islington North,E60000193,Islington Local Planning Authority,Local Planning Authority,100
E14001306,Islington South and Finsbury,E60000190,Hackney Local Planning Authority,Local Planning Authority,7.7
E14001306,Islington South and Finsbury,E60000193,Islington Local Planning Authority,Local Planning Authority,92.3
E14001307,Jarrow and Gateshead East,E60000008,Gateshead Local Planning Authority,Local Planning Authority,37
E14001307,Jarrow and Gateshead East,E60000011,South Tyneside Local Planning Authority,Local Planning Authority,63
E14001308,Keighley and Ilkley,E60000068,Bradford Local Planning Authority,Local Planning Authority,100
E14001309,Kenilworth and Southam,E60000127,Rugby Local Planning Authority,Local Planning Authority,11.9
E14001309,Kenilworth and Southam,E60000128,Stratford-on-Avon Local Planning Authority,Local Planning Authority,42.7
E14001309,Kenilworth and Southam,E60000129,Warwick Local Planning Authority,Local Planning Authority,45.5
E14001310,Kensington and Bayswater,E60000194,Kensington and Chelsea Local Planning Authority,Local Planning Authority,82.5
E14001310,Kensington and Bayswater,E60000201,Westminster Local Planning Authority,Local Planning Authority,17.5
E14001311,Kettering,E60000332,North Northamptonshire Local Planning Authority,Local Planning Authority,100
E14001312,Kingston and Surbiton,E60000215,Kingston upon Thames Local Planning Authority,Local Planning Authority,100
E14001313,Kingston upon Hull East,E60000053,Kingston upon Hull Local Planning Authority,Local Planning Authority,100
E14001314,Kingston upon Hull North and Cottingham,E60000052,East Riding of Yorkshire Local Planning Authority,Local Planning Authority,15.4
E14001314,Kingston upon Hull North and Cottingham,E60000053,Kingston upon Hull Local Planning Authority,Local Planning Authority,84.6
E14001315,Kingston upon Hull West and Haltemprice,E60000052,East Riding of Yorkshire Local Planning Authority,Local Planning Authority,37.4
E14001315,Kingston upon Hull West and Haltemprice,E60000053,Kingston upon Hull Local Planning Authority,Local Planning Authority,62.6
E14001316,Kingswinford and South Staffordshire,E60000132,Dudley Local Planning Authority,Local Planning Authority,41.4
E14001316,Kingswinford and South Staffordshire,E60000121,South Staffordshire Local Planning Authority,Local Planning Authority,58.6
E14001317,Knowsley,E60000047,Knowsley Local Planning Authority,Local Planning Authority,100
E14001318,Lancaster and Wyre,E60000039,Lancaster Local Planning Authority,Local Planning Authority,64.7
E14001318,Lancaster and Wyre,E60000046,Wyre Local Planning Authority,Local Planning Authority,35.3
E14001319,Leeds Central and Headingley,E60000071,Leeds Local Planning Authority,Local Planning Authority,100
E14001320,Leeds East,E60000071,Leeds Local Planning Authority,Local Planning Authority,100
E14001321,Leeds North East,E60000071,Leeds Local Planning Authority,Local Planning Authority,100
E14001322,Leeds North West,E60000071,Leeds Local Planning Authority,Local Planning Authority,100
E14001323,Leeds South,E60000071,Leeds Local Planning Authority,Local Planning Authority,100
E14001324,Leeds South West and Morley,E60000071,Leeds Local Planning Authority,Local Planning Authority,100
E14001325,Leeds West and Pudsey,E60000071,Leeds Local Planning Authority,Local Planning Authority,100
E14001326,Leicester East,E60000074,Leicester Local Planning Authority,Local Planning Authority,100
E14001327,Leicester South,E60000074,Leicester Local Planning Authority,Local Planning Authority,100
E14001328,Leicester West,E60000074,Leicester Local Planning Authority,Local Planning Authority,100
E14001329,Leigh and Atherton,E60000034,Wigan Local Planning Authority,Local Planning Authority,100
E14001330,Lewes,E60000239,Lewes Local Planning Authority,Local Planning Authority,46.8
E14001330,Lewes,E60000325,South Downs Local Planning Authority,Local Planning Authority,26.1
E14001330,Lewes,E60000241,Wealden Local Planning Authority,Local Planning Authority,27.1
E14001331,Lewisham East,E60000196,Lewisham Local Planning Authority,Local Planning Authority,100
E14001332,Lewisham North,E60000196,Lewisham Local Planning Authority,Local Planning Authority,100
E14001333,Lewisham West and East Dulwich,E60000196,Lewisham Local Planning Authority,Local Planning Authority,66.3
E14001333,Lewisham West and East Dulwich,E60000198,Southwark Local Planning Authority,Local Planning Authority,33.7
E14001334,Leyton and Wanstead,E60000329,London Legacy Development Corporation Local Planning Authority,Local Planning Authority,0
E14001334,Leyton and Wanstead,E60000217,Redbridge Local Planning Authority,Local Planning Authority,28.9
E14001334,Leyton and Wanstead,E60000220,Waltham Forest Local Planning Authority,Local Planning Authority,71.1
E14001335,Lichfield,E60000118,East Staffordshire Local Planning Authority,Local Planning Authority,11.9
E14001335,Lichfield,E60000119,Lichfield Local Planning Authority,Local Planning Authority,88.1
E14001336,Lincoln,E60000094,Lincoln Local Planning Authority,Local Planning Authority,88
E14001336,Lincoln,E60000095,North Kesteven Local Planning Authority,Local Planning Authority,12
E14001337,Liverpool Garston,E60000048,Liverpool Local Planning Authority,Local Planning Authority,100
E14001338,Liverpool Riverside,E60000048,Liverpool Local Planning Authority,Local Planning Authority,100
E14001339,Liverpool Walton,E60000048,Liverpool Local Planning Authority,Local Planning Authority,93.4
E14001339,Liverpool Walton,E60000049,Sefton Local Planning Authority,Local Planning Authority,6.6
E14001340,Liverpool Wavertree,E60000048,Liverpool Local Planning Authority,Local Planning Authority,100
E14001341,Liverpool West Derby,E60000047,Knowsley Local Planning Authority,Local Planning Authority,21.8
E14001341,Liverpool West Derby,E60000048,Liverpool Local Planning Authority,Local Planning Authority,78.2
E14001342,Loughborough,E60000086,Charnwood Local Planning Authority,Local Planning Authority,100
E14001343,Louth and Horncastle,E60000093,East Lindsey Local Planning Authority,Local Planning Authority,100
E14001344,Lowestoft,E60000184,East Suffolk Local Planning Authority,Local Planning Authority,99.2
E14001344,Lowestoft,E60000326,The Broads Local Planning Authority,Local Planning Authority,0.8
E14001345,Luton North,E60000145,Luton Local Planning Authority,Local Planning Authority,100
E14001346,Luton South and South Bedfordshire,E60000144,Central Bedfordshire Local Planning Authority,Local Planning Authority,11.4
E14001346,Luton South and South Bedfordshire,E60000145,Luton Local Planning Authority,Local Planning Authority,88.6
E14001347,Macclesfield,E60000015,Cheshire East Local Planning Authority,Local Planning Authority,98.8
E14001347,Macclesfield,E60000324,Peak District Local Planning Authority,Local Planning Authority,1.2
E14001348,Maidenhead,E60000221,Bracknell Forest Local Planning Authority,Local Planning Authority,22.5
E14001348,Maidenhead,E60000231,Windsor and Maidenhead Local Planning Authority,Local Planning Authority,77.5
E14001349,Maidstone and Malling,E60000259,Maidstone Local Planning Authority,Local Planning Authority,70.1
E14001349,Maidstone and Malling,E60000263,Tonbridge and Malling Local Planning Authority,Local Planning Authority,29.9
E14001350,Makerfield,E60000034,Wigan Local Planning Authority,Local Planning Authority,100
E14001351,Maldon,E60000158,Chelmsford Local Planning Authority,Local Planning Authority,47.2
E14001351,Maldon,E60000162,Maldon Local Planning Authority,Local Planning Authority,52.8
E14001352,Manchester Central,E60000027,Manchester Local Planning Authority,Local Planning Authority,83.4
E14001352,Manchester Central,E60000028,Oldham Local Planning Authority,Local Planning Authority,16.6
E14001353,Manchester Rusholme,E60000027,Manchester Local Planning Authority,Local Planning Authority,100
E14001354,Manchester Withington,E60000027,Manchester Local Planning Authority,Local Planning Authority,100
E14001355,Mansfield,E60000110,Mansfield Local Planning Authority,Local Planning Authority,100
E14001356,Melksham and Devizes,E60000299,Wiltshire Local Planning Authority,Local Planning Authority,100
E14001357,Melton and Syston,E60000086,Charnwood Local Planning Authority,Local Planning Authority,44.9
E14001357,Melton and Syston,E60000089,Melton Local Planning Authority,Local Planning Authority,55.1
E14001358,Meriden and Solihull East,E60000134,Solihull Local Planning Authority,Local Planning Authority,100
E14001359,Mid Bedfordshire,E60000143,Bedford Local Planning Authority,Local Planning Authority,21.1
E14001359,Mid Bedfordshire,E60000144,Central Bedfordshire Local Planning Authority,Local Planning Authority,78.9
E14001360,Mid Buckinghamshire,E60000331,Buckinghamshire Local Planning Authority,Local Planning Authority,100
E14001361,Mid Cheshire,E60000015,Cheshire East Local Planning Authority,Local Planning Authority,15.1
E14001361,Mid Cheshire,E60000016,Cheshire West and Chester Local Planning Authority,Local Planning Authority,84.9
E14001362,Mid Derbyshire,E60000077,Amber Valley Local Planning Authority,Local Planning Authority,34.9
E14001362,Mid Derbyshire,E60000073,Derby Local Planning Authority,Local Planning Authority,44.9
E14001362,Mid Derbyshire,E60000081,Erewash Local Planning Authority,Local Planning Authority,20.1
E14001363,Mid Dorset and North Poole,E60000289,"Bournemouth, Christchurch and Poole Local Planning Authority",Local Planning Authority,40.1
E14001363,Mid Dorset and North Poole,E60000292,Dorset Local Planning Authority,Local Planning Authority,59.9
E14001364,Mid Leicestershire,E60000085,Blaby Local Planning Authority,Local Planning Authority,40.1
E14001364,Mid Leicestershire,E60000086,Charnwood Local Planning Authority,Local Planning Authority,39.9
E14001364,Mid Leicestershire,E60000088,Hinckley and Bosworth Local Planning Authority,Local Planning Authority,20
E14001365,Mid Norfolk,E60000176,Breckland Local Planning Authority,Local Planning Authority,92.8
E14001365,Mid Norfolk,E60000182,South Norfolk Local Planning Authority,Local Planning Authority,7.2
E14001366,Mid Sussex,E60000286,Mid Sussex Local Planning Authority,Local Planning Authority,98.4
E14001366,Mid Sussex,E60000325,South Downs Local Planning Authority,Local Planning Authority,1.6
E14001367,Middlesbrough and Thornaby East,E60000004,Middlesbrough Local Planning Authority,Local Planning Authority,85.4
E14001367,Middlesbrough and Thornaby East,E60000007,Stockton-on-Tees Local Planning Authority,Local Planning Authority,14.6
E14001368,Middlesbrough South and East Cleveland,E60000004,Middlesbrough Local Planning Authority,Local Planning Authority,53.6
E14001368,Middlesbrough South and East Cleveland,E60000322,North York Moors Local Planning Authority,Local Planning Authority,2.3
E14001368,Middlesbrough South and East Cleveland,E60000006,Redcar and Cleveland Local Planning Authority,Local Planning Authority,44.1
E14001369,Milton Keynes Central,E60000225,Milton Keynes Local Planning Authority,Local Planning Authority,100
E14001370,Milton Keynes North,E60000225,Milton Keynes Local Planning Authority,Local Planning Authority,100
E14001371,Mitcham and Morden,E60000216,Merton Local Planning Authority,Local Planning Authority,100
E14001372,Morecambe and Lunesdale,E60000039,Lancaster Local Planning Authority,Local Planning Authority,80.8
E14001372,Morecambe and Lunesdale,E60000335,Westmorland and Furness Local Planning Authority,Local Planning Authority,14.4
E14001372,Morecambe and Lunesdale,E60000327,Yorkshire Dales Local Planning Authority,Local Planning Authority,4.8
E14001373,New Forest East,E60000249,New Forest District Local Planning Authority,Local Planning Authority,74.6
E14001373,New Forest East,E60000321,New Forest National Park Local Planning Authority,Local Planning Authority,25.4
E14001374,New Forest West,E60000249,New Forest District Local Planning Authority,Local Planning Authority,91.5
E14001374,New Forest West,E60000321,New Forest National Park Local Planning Authority,Local Planning Authority,8.5
E14001375,Newark,E60000107,Bassetlaw Local Planning Authority,Local Planning Authority,13
E14001375,Newark,E60000111,Newark and Sherwood Local Planning Authority,Local Planning Authority,69
E14001375,Newark,E60000112,Rushcliffe Local Planning Authority,Local Planning Authority,18
E14001376,Newbury,E60000230,West Berkshire Local Planning Authority,Local Planning Authority,100
E14001377,Newcastle upon Tyne Central and West,E60000009,Newcastle upon Tyne Local Planning Authority,Local Planning Authority,100
E14001378,Newcastle upon Tyne East and Wallsend,E60000009,Newcastle upon Tyne Local Planning Authority,Local Planning Authority,60.3
E14001378,Newcastle upon Tyne East and Wallsend,E60000010,North Tyneside Local Planning Authority,Local Planning Authority,39.7
E14001379,Newcastle upon Tyne North,E60000009,Newcastle upon Tyne Local Planning Authority,Local Planning Authority,79.9
E14001379,Newcastle upon Tyne North,E60000010,North Tyneside Local Planning Authority,Local Planning Authority,20.1
E14001380,Newcastle-under-Lyme,E60000120,Newcastle-under-Lyme Local Planning Authority,Local Planning Authority,100
E14001381,Newton Abbot,E60000305,Teignbridge Local Planning Authority,Local Planning Authority,100
E14001382,Newton Aycliffe and Spennymoor,E60000001,County Durham Local Planning Authority,Local Planning Authority,100
E14001383,Normanton and Hemsworth,E60000072,Wakefield Local Planning Authority,Local Planning Authority,100
E14001384,North Bedfordshire,E60000143,Bedford Local Planning Authority,Local Planning Authority,52.6
E14001384,North Bedfordshire,E60000144,Central Bedfordshire Local Planning Authority,Local Planning Authority,47.4
E14001385,North Cornwall,E60000291,Cornwall Local Planning Authority,Local Planning Authority,100
E14001386,North Cotswolds,E60000309,Cotswold Local Planning Authority,Local Planning Authority,43.8
E14001386,North Cotswolds,E60000312,Stroud Local Planning Authority,Local Planning Authority,25
E14001386,North Cotswolds,E60000313,Tewkesbury Local Planning Authority,Local Planning Authority,31.2
E14001387,North Devon,E60000319,Exmoor Local Planning Authority,Local Planning Authority,2.2
E14001387,North Devon,E60000303,North Devon Local Planning Authority,Local Planning Authority,97.8
E14001388,North Dorset,E60000292,Dorset Local Planning Authority,Local Planning Authority,100
E14001389,North Durham,E60000001,County Durham Local Planning Authority,Local Planning Authority,100
E14001390,North East Cambridgeshire,E60000151,Fenland Local Planning Authority,Local Planning Authority,100
E14001391,North East Derbyshire,E60000079,Chesterfield Local Planning Authority,Local Planning Authority,10.9
E14001391,North East Derbyshire,E60000083,North East Derbyshire Local Planning Authority,Local Planning Authority,89.1
E14001391,North East Derbyshire,E60000324,Peak District Local Planning Authority,Local Planning Authority,0
E14001392,North East Hampshire,E60000242,Basingstoke and Deane Local Planning Authority,Local Planning Authority,19.2
E14001392,North East Hampshire,E60000247,Hart Local Planning Authority,Local Planning Authority,80.8
E14001393,North East Hertfordshire,E60000168,East Hertfordshire Local Planning Authority,Local Planning Authority,31.7
E14001393,North East Hertfordshire,E60000170,North Hertfordshire Local Planning Authority,Local Planning Authority,68.3
E14001394,North East Somerset and Hanham,E60000288,Bath and North East Somerset Local Planning Authority,Local Planning Authority,56.7
E14001394,North East Somerset and Hanham,E60000296,South Gloucestershire Local Planning Authority,Local Planning Authority,43.3
E14001395,North Herefordshire,E60000113,Herefordshire Local Planning Authority,Local Planning Authority,100
E14001396,North Norfolk,E60000180,North Norfolk Local Planning Authority,Local Planning Authority,99.4
E14001396,North Norfolk,E60000326,The Broads Local Planning Authority,Local Planning Authority,0.6
E14001397,North Northumberland,E60000005,Northumberland Local Planning Authority,Local Planning Authority,99.3
E14001397,North Northumberland,E60000323,Northumberland Local Planning Authority,Local Planning Authority,0.7
E14001398,North Shropshire,E60000114,Shropshire Local Planning Authority,Local Planning Authority,100
E14001399,North Somerset,E60000294,North Somerset Local Planning Authority,Local Planning Authority,100
E14001400,North Warwickshire and Bedworth,E60000125,North Warwickshire Local Planning Authority,Local Planning Authority,59.5
E14001400,North Warwickshire and Bedworth,E60000126,Nuneaton and Bedworth Local Planning Authority,Local Planning Authority,40.5
E14001401,North West Cambridgeshire,E60000152,Huntingdonshire Local Planning Authority,Local Planning Authority,24.7
E14001401,North West Cambridgeshire,E60000146,Peterborough Local Planning Authority,Local Planning Authority,75.3
E14001402,North West Essex,E60000158,Chelmsford Local Planning Authority,Local Planning Authority,25.7
E14001402,North West Essex,E60000165,Uttlesford Local Planning Authority,Local Planning Authority,74.3
E14001403,North West Hampshire,E60000242,Basingstoke and Deane Local Planning Authority,Local Planning Authority,49.9
E14001403,North West Hampshire,E60000251,Test Valley Local Planning Authority,Local Planning Authority,50.1
E14001404,North West Leicestershire,E60000090,North West Leicestershire Local Planning Authority,Local Planning Authority,100
E14001405,North West Norfolk,E60000179,King's Lynn and West Norfolk Local Planning Authority,Local Planning Authority,100
E14001406,Northampton North,E60000333,West Northamptonshire Local Planning Authority,Local Planning Authority,100
E14001407,Northampton South,E60000333,West Northamptonshire Local Planning Authority,Local Planning Authority,100
E14001408,Norwich North,E60000177,Broadland Local Planning Authority,Local Planning Authority,55.1
E14001408,Norwich North,E60000181,Norwich Local Planning Authority,Local Planning Authority,44.5
E14001408,Norwich North,E60000326,The Broads Local Planning Authority,Local Planning Authority,0.4
E14001409,Norwich South,E60000181,Norwich Local Planning Authority,Local Planning Authority,93.9
E14001409,Norwich South,E60000182,South Norfolk Local Planning Authority,Local Planning Authority,5.8
E14001409,Norwich South,E60000326,The Broads Local Planning Authority,Local Planning Authority,0.3
E14001410,Nottingham East,E60000075,Nottingham Local Planning Authority,Local Planning Authority,100
E14001411,Nottingham North and Kimberley,E60000108,Broxtowe Local Planning Authority,Local Planning Authority,15.1
E14001411,Nottingham North and Kimberley,E60000075,Nottingham Local Planning Authority,Local Planning Authority,84.9
E14001412,Nottingham South,E60000075,Nottingham Local Planning Authority,Local Planning Authority,100
E14001413,Nuneaton,E60000125,North Warwickshire Local Planning Authority,Local Planning Authority,9.7
E14001413,Nuneaton,E60000126,Nuneaton and Bedworth Local Planning Authority,Local Planning Authority,90.3
E14001414,Old Bexley and Sidcup,E60000204,Bexley Local Planning Authority,Local Planning Authority,100
E14001415,Oldham East and Saddleworth,E60000028,Oldham Local Planning Authority,Local Planning Authority,100
E14001415,Oldham East and Saddleworth,E60000324,Peak District Local Planning Authority,Local Planning Authority,0
E14001416,"Oldham West, Chadderton and Royton",E60000028,Oldham Local Planning Authority,Local Planning Authority,100
E14001417,Orpington,E60000206,Bromley Local Planning Authority,Local Planning Authority,100
E14001418,Ossett and Denby Dale,E60000070,Kirklees Local Planning Authority,Local Planning Authority,31.3
E14001418,Ossett and Denby Dale,E60000072,Wakefield Local Planning Authority,Local Planning Authority,68.7
E14001419,Oxford East,E60000266,Oxford Local Planning Authority,Local Planning Authority,100
E14001420,Oxford West and Abingdon,E60000266,Oxford Local Planning Authority,Local Planning Authority,41.8
E14001420,Oxford West and Abingdon,E60000268,Vale of White Horse Local Planning Authority,Local Planning Authority,58.2
E14001421,Peckham,E60000198,Southwark Local Planning Authority,Local Planning Authority,100
E14001422,Pendle and Clitheroe,E60000040,Pendle Local Planning Authority,Local Planning Authority,73.9
E14001422,Pendle and Clitheroe,E60000042,Ribble Valley Local Planning Authority,Local Planning Authority,26.1
E14001423,Penistone and Stocksbridge,E60000064,Barnsley Local Planning Authority,Local Planning Authority,39.6
E14001423,Penistone and Stocksbridge,E60000324,Peak District Local Planning Authority,Local Planning Authority,0
E14001423,Penistone and Stocksbridge,E60000067,Sheffield Local Planning Authority,Local Planning Authority,60.4
E14001424,Penrith and Solway,E60000334,Cumberland Local Planning Authority,Local Planning Authority,59.8
E14001424,Penrith and Solway,E60000320,Lake District Local Planning Authority,Local Planning Authority,9.5
E14001424,Penrith and Solway,E60000335,Westmorland and Furness Local Planning Authority,Local Planning Authority,30.8
E14001425,Peterborough,E60000146,Peterborough Local Planning Authority,Local Planning Authority,100
E14001426,Plymouth Moor View,E60000295,Plymouth Local Planning Authority,Local Planning Authority,100
E14001427,Plymouth Sutton and Devonport,E60000295,Plymouth Local Planning Authority,Local Planning Authority,100
E14001428,"Pontefract, Castleford and Knottingley",E60000072,Wakefield Local Planning Authority,Local Planning Authority,100
E14001429,Poole,E60000289,"Bournemouth, Christchurch and Poole Local Planning Authority",Local Planning Authority,100
E14001430,Poplar and Limehouse,E60000199,Tower Hamlets Local Planning Authority,Local Planning Authority,100
E14001431,Portsmouth North,E60000226,Portsmouth Local Planning Authority,Local Planning Authority,100
E14001432,Portsmouth South,E60000226,Portsmouth Local Planning Authority,Local Planning Authority,100
E14001433,Preston,E60000041,Preston Local Planning Authority,Local Planning Authority,100
E14001434,Putney,E60000200,Wandsworth Local Planning Authority,Local Planning Authority,100
E14001435,Queen's Park and Maida Vale,E60000205,Brent Local Planning Authority,Local Planning Authority,43.1
E14001435,Queen's Park and Maida Vale,E60000201,Westminster Local Planning Authority,Local Planning Authority,56.9
E14001436,Rawmarsh and Conisbrough,E60000065,Doncaster Local Planning Authority,Local Planning Authority,30
E14001436,Rawmarsh and Conisbrough,E60000066,Rotherham Local Planning Authority,Local Planning Authority,70
E14001437,Rayleigh and Wickford,E60000154,Basildon Local Planning Authority,Local Planning Authority,32.2
E14001437,Rayleigh and Wickford,E60000163,Rochford Local Planning Authority,Local Planning Authority,67.8
E14001438,Reading Central,E60000227,Reading Local Planning Authority,Local Planning Authority,100
E14001439,Reading West and Mid Berkshire,E60000227,Reading Local Planning Authority,Local Planning Authority,32.8
E14001439,Reading West and Mid Berkshire,E60000230,West Berkshire Local Planning Authority,Local Planning Authority,67.2
E14001440,Redcar,E60000006,Redcar and Cleveland Local Planning Authority,Local Planning Authority,100
E14001441,Redditch,E60000139,Redditch Local Planning Authority,Local Planning Authority,87.9
E14001441,Redditch,E60000141,Wychavon Local Planning Authority,Local Planning Authority,12.1
E14001442,Reigate,E60000274,Reigate and Banstead Local Planning Authority,Local Planning Authority,100
E14001443,Ribble Valley,E60000041,Preston Local Planning Authority,Local Planning Authority,33.4
E14001443,Ribble Valley,E60000042,Ribble Valley Local Planning Authority,Local Planning Authority,33.8
E14001443,Ribble Valley,E60000044,South Ribble Local Planning Authority,Local Planning Authority,32.8
E14001444,Richmond and Northallerton,E60000322,North York Moors Local Planning Authority,Local Planning Authority,2.8
E14001444,Richmond and Northallerton,E60000336,North Yorkshire Local Planning Authority,Local Planning Authority,91.2
E14001444,Richmond and Northallerton,E60000327,Yorkshire Dales Local Planning Authority,Local Planning Authority,6
E14001445,Richmond Park,E60000215,Kingston upon Thames Local Planning Authority,Local Planning Authority,30.6
E14001445,Richmond Park,E60000218,Richmond upon Thames Local Planning Authority,Local Planning Authority,69.4
E14001446,Rochdale,E60000029,Rochdale Local Planning Authority,Local Planning Authority,100
E14001447,Rochester and Strood,E60000224,Medway Local Planning Authority,Local Planning Authority,100
E14001448,Romford,E60000212,Havering Local Planning Authority,Local Planning Authority,100
E14001449,Romsey and Southampton North,E60000321,New Forest National Park Local Planning Authority,Local Planning Authority,0.3
E14001449,Romsey and Southampton North,E60000229,Southampton Local Planning Authority,Local Planning Authority,29
E14001449,Romsey and Southampton North,E60000251,Test Valley Local Planning Authority,Local Planning Authority,70.7
E14001450,Rossendale and Darwen,E60000013,Blackburn with Darwen Local Planning Authority,Local Planning Authority,41.6
E14001450,Rossendale and Darwen,E60000043,Rossendale Local Planning Authority,Local Planning Authority,58.4
E14001451,Rother Valley,E60000066,Rotherham Local Planning Authority,Local Planning Authority,100
E14001452,Rotherham,E60000066,Rotherham Local Planning Authority,Local Planning Authority,100
E14001453,Rugby,E60000126,Nuneaton and Bedworth Local Planning Authority,Local Planning Authority,5.5
E14001453,Rugby,E60000127,Rugby Local Planning Authority,Local Planning Authority,94.5
E14001454,"Ruislip, Northwood and Pinner",E60000211,Harrow Local Planning Authority,Local Planning Authority,38.4
E14001454,"Ruislip, Northwood and Pinner",E60000213,Hillingdon Local Planning Authority,Local Planning Authority,61.6
E14001455,Runcorn and Helsby,E60000016,Cheshire West and Chester Local Planning Authority,Local Planning Authority,31.1
E14001455,Runcorn and Helsby,E60000017,Halton Local Planning Authority,Local Planning Authority,68.9
E14001456,Runnymede and Weybridge,E60000270,Elmbridge Local Planning Authority,Local Planning Authority,33.6
E14001456,Runnymede and Weybridge,E60000275,Runnymede Local Planning Authority,Local Planning Authority,66.4
E14001457,Rushcliffe,E60000112,Rushcliffe Local Planning Authority,Local Planning Authority,100
E14001458,Rutland and Stamford,E60000087,Harborough Local Planning Authority,Local Planning Authority,16.2
E14001458,Rutland and Stamford,E60000076,Rutland Local Planning Authority,Local Planning Authority,43.4
E14001458,Rutland and Stamford,E60000097,South Kesteven Local Planning Authority,Local Planning Authority,40.4
E14001459,Salford,E60000030,Salford Local Planning Authority,Local Planning Authority,100
E14001460,Salisbury,E60000321,New Forest National Park Local Planning Authority,Local Planning Authority,2.6
E14001460,Salisbury,E60000299,Wiltshire Local Planning Authority,Local Planning Authority,97.4
E14001461,Scarborough and Whitby,E60000322,North York Moors Local Planning Authority,Local Planning Authority,11.2
E14001461,Scarborough and Whitby,E60000336,North Yorkshire Local Planning Authority,Local Planning Authority,88.8
E14001462,Scunthorpe,E60000055,North Lincolnshire Local Planning Authority,Local Planning Authority,100
E14001463,Sefton Central,E60000049,Sefton Local Planning Authority,Local Planning Authority,100
E14001464,Selby,E60000071,Leeds Local Planning Authority,Local Planning Authority,22.4
E14001464,Selby,E60000336,North Yorkshire Local Planning Authority,Local Planning Authority,77.6
E14001465,Sevenoaks,E60000255,Dartford Local Planning Authority,Local Planning Authority,7.9
E14001465,Sevenoaks,E60000260,Sevenoaks Local Planning Authority,Local Planning Authority,92.1
E14001466,Sheffield Brightside and Hillsborough,E60000067,Sheffield Local Planning Authority,Local Planning Authority,100
E14001467,Sheffield Central,E60000067,Sheffield Local Planning Authority,Local Planning Authority,100
E14001468,Sheffield Hallam,E60000324,Peak District Local Planning Authority,Local Planning Authority,0.9
E14001468,Sheffield Hallam,E60000067,Sheffield Local Planning Authority,Local Planning Authority,99.1
E14001469,Sheffield Heeley,E60000067,Sheffield Local Planning Authority,Local Planning Authority,100
E14001470,Sheffield South East,E60000067,Sheffield Local Planning Authority,Local Planning Authority,100
E14001471,Sherwood Forest,E60000106,Ashfield Local Planning Authority,Local Planning Authority,35.4
E14001471,Sherwood Forest,E60000109,Gedling Local Planning Authority,Local Planning Authority,15.6
E14001471,Sherwood Forest,E60000111,Newark and Sherwood Local Planning Authority,Local Planning Authority,49
E14001472,Shipley,E60000068,Bradford Local Planning Authority,Local Planning Authority,100
E14001473,Shrewsbury,E60000114,Shropshire Local Planning Authority,Local Planning Authority,100
E14001474,Sittingbourne and Sheppey,E60000261,Swale Local Planning Authority,Local Planning Authority,100
E14001475,Skipton and Ripon,E60000336,North Yorkshire Local Planning Authority,Local Planning Authority,90
E14001475,Skipton and Ripon,E60000327,Yorkshire Dales Local Planning Authority,Local Planning Authority,10
E14001476,Sleaford and North Hykeham,E60000095,North Kesteven Local Planning Authority,Local Planning Authority,100
E14001477,Slough,E60000228,Slough Local Planning Authority,Local Planning Authority,100
E14001478,Smethwick,E60000133,Sandwell Local Planning Authority,Local Planning Authority,100
E14001479,Solihull West and Shirley,E60000134,Solihull Local Planning Authority,Local Planning Authority,100
E14001480,South Basildon and East Thurrock,E60000154,Basildon Local Planning Authority,Local Planning Authority,45.7
E14001480,South Basildon and East Thurrock,E60000148,Thurrock Local Planning Authority,Local Planning Authority,54.3
E14001481,South Cambridgeshire,E60000149,Cambridge Local Planning Authority,Local Planning Authority,20.3
E14001481,South Cambridgeshire,E60000153,South Cambridgeshire Local Planning Authority,Local Planning Authority,79.7
E14001482,South Cotswolds,E60000309,Cotswold Local Planning Authority,Local Planning Authority,52.3
E14001482,South Cotswolds,E60000312,Stroud Local Planning Authority,Local Planning Authority,2.3
E14001482,South Cotswolds,E60000299,Wiltshire Local Planning Authority,Local Planning Authority,45.3
E14001483,South Derbyshire,E60000084,South Derbyshire Local Planning Authority,Local Planning Authority,100
E14001484,South Devon,E60000318,Dartmoor Local Planning Authority,Local Planning Authority,4.1
E14001484,South Devon,E60000304,South Hams Local Planning Authority,Local Planning Authority,57.4
E14001484,South Devon,E60000298,Torbay Local Planning Authority,Local Planning Authority,38.5
E14001485,South Dorset,E60000292,Dorset Local Planning Authority,Local Planning Authority,100
E14001486,South East Cornwall,E60000291,Cornwall Local Planning Authority,Local Planning Authority,100
E14001487,South Holland and The Deepings,E60000096,South Holland Local Planning Authority,Local Planning Authority,87
E14001487,South Holland and The Deepings,E60000097,South Kesteven Local Planning Authority,Local Planning Authority,13
E14001488,South Leicestershire,E60000085,Blaby Local Planning Authority,Local Planning Authority,61
E14001488,South Leicestershire,E60000087,Harborough Local Planning Authority,Local Planning Authority,39
E14001489,South Norfolk,E60000182,South Norfolk Local Planning Authority,Local Planning Authority,100
E14001489,South Norfolk,E60000326,The Broads Local Planning Authority,Local Planning Authority,0
E14001490,South Northamptonshire,E60000332,North Northamptonshire Local Planning Authority,Local Planning Authority,6.1
E14001490,South Northamptonshire,E60000333,West Northamptonshire Local Planning Authority,Local Planning Authority,93.9
E14001491,South Ribble,E60000036,Chorley Local Planning Authority,Local Planning Authority,17.7
E14001491,South Ribble,E60000044,South Ribble Local Planning Authority,Local Planning Authority,82.3
E14001492,South Shields,E60000011,South Tyneside Local Planning Authority,Local Planning Authority,100
E14001493,South Shropshire,E60000114,Shropshire Local Planning Authority,Local Planning Authority,100
E14001494,South Suffolk,E60000183,Babergh Local Planning Authority,Local Planning Authority,100
E14001495,South West Devon,E60000318,Dartmoor Local Planning Authority,Local Planning Authority,7.5
E14001495,South West Devon,E60000295,Plymouth Local Planning Authority,Local Planning Authority,57.9
E14001495,South West Devon,E60000304,South Hams Local Planning Authority,Local Planning Authority,32.4
E14001495,South West Devon,E60000307,West Devon Local Planning Authority,Local Planning Authority,2.2
E14001496,South West Hertfordshire,E60000167,Dacorum Local Planning Authority,Local Planning Authority,5.4
E14001496,South West Hertfordshire,E60000173,Three Rivers Local Planning Authority,Local Planning Authority,94.6
E14001497,South West Norfolk,E60000176,Breckland Local Planning Authority,Local Planning Authority,50.3
E14001497,South West Norfolk,E60000179,King's Lynn and West Norfolk Local Planning Authority,Local Planning Authority,49.7
E14001498,South West Wiltshire,E60000299,Wiltshire Local Planning Authority,Local Planning Authority,100
E14001499,Southampton Itchen,E60000229,Southampton Local Planning Authority,Local Planning Authority,100
E14001500,Southampton Test,E60000229,Southampton Local Planning Authority,Local Planning Authority,100
E14001501,Southend East and Rochford,E60000163,Rochford Local Planning Authority,Local Planning Authority,21.2
E14001501,Southend East and Rochford,E60000147,Southend-on-Sea Local Planning Authority,Local Planning Authority,78.8
E14001502,Southend West and Leigh,E60000147,Southend-on-Sea Local Planning Authority,Local Planning Authority,100
E14001503,Southgate and Wood Green,E60000209,Enfield Local Planning Authority,Local Planning Authority,59
E14001503,Southgate and Wood Green,E60000192,Haringey Local Planning Authority,Local Planning Authority,41
E14001504,Southport,E60000049,Sefton Local Planning Authority,Local Planning Authority,82.3
E14001504,Southport,E60000045,West Lancashire Local Planning Authority,Local Planning Authority,17.7
E14001505,Spelthorne,E60000276,Spelthorne Local Planning Authority,Local Planning Authority,100
E14001506,Spen Valley,E60000070,Kirklees Local Planning Authority,Local Planning Authority,100
E14001507,St Albans,E60000171,St Albans Local Planning Authority,Local Planning Authority,100
E14001508,St Austell and Newquay,E60000291,Cornwall Local Planning Authority,Local Planning Authority,100
E14001509,St Helens North,E60000050,St. Helens Local Planning Authority,Local Planning Authority,100
E14001510,St Helens South and Whiston,E60000047,Knowsley Local Planning Authority,Local Planning Authority,12.4
E14001510,St Helens South and Whiston,E60000050,St. Helens Local Planning Authority,Local Planning Authority,87.6
E14001511,St Ives,E60000291,Cornwall Local Planning Authority,Local Planning Authority,97.4
E14001511,St Ives,E60000293,Isles of Scilly Local Planning Authority,Local Planning Authority,2.6
E14001512,St Neots and Mid Cambridgeshire,E60000152,Huntingdonshire Local Planning Authority,Local Planning Authority,41.7
E14001512,St Neots and Mid Cambridgeshire,E60000153,South Cambridgeshire Local Planning Authority,Local Planning Authority,58.3
E14001513,Stafford,E60000120,Newcastle-under-Lyme Local Planning Authority,Local Planning Authority,7.4
E14001513,Stafford,E60000122,Stafford Local Planning Authority,Local Planning Authority,92.6
E14001514,Staffordshire Moorlands,E60000324,Peak District Local Planning Authority,Local Planning Authority,4.8
E14001514,Staffordshire Moorlands,E60000123,Staffordshire Moorlands Local Planning Authority,Local Planning Authority,95.2
E14001515,Stalybridge and Hyde,E60000032,Tameside Local Planning Authority,Local Planning Authority,100
E14001516,Stevenage,E60000168,East Hertfordshire Local Planning Authority,Local Planning Authority,2.3
E14001516,Stevenage,E60000170,North Hertfordshire Local Planning Authority,Local Planning Authority,8.3
E14001516,Stevenage,E60000172,Stevenage Local Planning Authority,Local Planning Authority,89.4
E14001517,Stockport,E60000031,Stockport Local Planning Authority,Local Planning Authority,100
E14001518,Stockton North,E60000007,Stockton-on-Tees Local Planning Authority,Local Planning Authority,100
E14001519,Stockton West,E60000002,Darlington Local Planning Authority,Local Planning Authority,11.6
E14001519,Stockton West,E60000007,Stockton-on-Tees Local Planning Authority,Local Planning Authority,88.4
E14001520,Stoke-on-Trent Central,E60000115,Stoke-on-Trent Local Planning Authority,Local Planning Authority,100
E14001521,Stoke-on-Trent North,E60000120,Newcastle-under-Lyme Local Planning Authority,Local Planning Authority,23.3
E14001521,Stoke-on-Trent North,E60000115,Stoke-on-Trent Local Planning Authority,Local Planning Authority,76.7
E14001522,Stoke-on-Trent South,E60000122,Stafford Local Planning Authority,Local Planning Authority,16.1
E14001522,Stoke-on-Trent South,E60000123,Staffordshire Moorlands Local Planning Authority,Local Planning Authority,11.2
E14001522,Stoke-on-Trent South,E60000115,Stoke-on-Trent Local Planning Authority,Local Planning Authority,72.7
E14001523,"Stone, Great Wyrley and Penkridge",E60000121,South Staffordshire Local Planning Authority,Local Planning Authority,63.1
E14001523,"Stone, Great Wyrley and Penkridge",E60000122,Stafford Local Planning Authority,Local Planning Authority,36.9
E14001524,Stourbridge,E60000132,Dudley Local Planning Authority,Local Planning Authority,100
E14001525,Stratford and Bow,E60000329,London Legacy Development Corporation Local Planning Authority,Local Planning Authority,22.3
E14001525,Stratford and Bow,E60000197,Newham Local Planning Authority,Local Planning Authority,46.6
E14001525,Stratford and Bow,E60000199,Tower Hamlets Local Planning Authority,Local Planning Authority,31.1
E14001526,Stratford-on-Avon,E60000128,Stratford-on-Avon Local Planning Authority,Local Planning Authority,100
E14001527,Streatham and Croydon North,E60000207,Croydon Local Planning Authority,Local Planning Authority,48.7
E14001527,Streatham and Croydon North,E60000195,Lambeth Local Planning Authority,Local Planning Authority,51.3
E14001528,Stretford and Urmston,E60000033,Trafford Local Planning Authority,Local Planning Authority,100
E14001529,Stroud,E60000312,Stroud Local Planning Authority,Local Planning Authority,100
E14001530,Suffolk Coastal,E60000184,East Suffolk Local Planning Authority,Local Planning Authority,100
E14001531,Sunderland Central,E60000012,Sunderland Local Planning Authority,Local Planning Authority,100
E14001532,Surrey Heath,E60000272,Guildford Local Planning Authority,Local Planning Authority,7.8
E14001532,Surrey Heath,E60000277,Surrey Heath Local Planning Authority,Local Planning Authority,92.2
E14001533,Sussex Weald,E60000241,Wealden Local Planning Authority,Local Planning Authority,100
E14001534,Sutton and Cheam,E60000219,Sutton Local Planning Authority,Local Planning Authority,100
E14001535,Sutton Coldfield,E60000130,Birmingham Local Planning Authority,Local Planning Authority,100
E14001536,Swindon North,E60000297,Swindon Local Planning Authority,Local Planning Authority,100
E14001537,Swindon South,E60000297,Swindon Local Planning Authority,Local Planning Authority,100
E14001538,Tamworth,E60000119,Lichfield Local Planning Authority,Local Planning Authority,21.6
E14001538,Tamworth,E60000124,Tamworth Local Planning Authority,Local Planning Authority,78.4
E14001539,Tatton,E60000015,Cheshire East Local Planning Authority,Local Planning Authority,68.3
E14001539,Tatton,E60000016,Cheshire West and Chester Local Planning Authority,Local Planning Authority,18.7
E14001539,Tatton,E60000018,Warrington Local Planning Authority,Local Planning Authority,13
E14001540,Taunton and Wellington,E60000337,Somerset Local Planning Authority,Local Planning Authority,100
E14001541,Telford,E60000116,Telford and Wrekin Local Planning Authority,Local Planning Authority,100
E14001542,Tewkesbury,E60000308,Cheltenham Local Planning Authority,Local Planning Authority,19.3
E14001542,Tewkesbury,E60000311,Gloucester Local Planning Authority,Local Planning Authority,16.3
E14001542,Tewkesbury,E60000313,Tewkesbury Local Planning Authority,Local Planning Authority,64.5
E14001543,The Wrekin,E60000114,Shropshire Local Planning Authority,Local Planning Authority,25.6
E14001543,The Wrekin,E60000116,Telford and Wrekin Local Planning Authority,Local Planning Authority,74.4
E14001544,Thirsk and Malton,E60000322,North York Moors Local Planning Authority,Local Planning Authority,6.2
E14001544,Thirsk and Malton,E60000336,North Yorkshire Local Planning Authority,Local Planning Authority,93.8
E14001545,Thornbury and Yate,E60000296,South Gloucestershire Local Planning Authority,Local Planning Authority,100
E14001546,Thurrock,E60000148,Thurrock Local Planning Authority,Local Planning Authority,100
E14001547,Tipton and Wednesbury,E60000132,Dudley Local Planning Authority,Local Planning Authority,11.9
E14001547,Tipton and Wednesbury,E60000133,Sandwell Local Planning Authority,Local Planning Authority,88.1
E14001548,Tiverton and Minehead,E60000319,Exmoor Local Planning Authority,Local Planning Authority,8.4
E14001548,Tiverton and Minehead,E60000302,Mid Devon Local Planning Authority,Local Planning Authority,45.8
E14001548,Tiverton and Minehead,E60000337,Somerset Local Planning Authority,Local Planning Authority,45.8
E14001549,Tonbridge,E60000260,Sevenoaks Local Planning Authority,Local Planning Authority,29.7
E14001549,Tonbridge,E60000263,Tonbridge and Malling Local Planning Authority,Local Planning Authority,70.3
E14001550,Tooting,E60000200,Wandsworth Local Planning Authority,Local Planning Authority,100
E14001551,Torbay,E60000298,Torbay Local Planning Authority,Local Planning Authority,100
E14001552,Torridge and Tavistock,E60000318,Dartmoor Local Planning Authority,Local Planning Authority,4.4
E14001552,Torridge and Tavistock,E60000306,Torridge Local Planning Authority,Local Planning Authority,71.1
E14001552,Torridge and Tavistock,E60000307,West Devon Local Planning Authority,Local Planning Authority,24.5
E14001553,Tottenham,E60000190,Hackney Local Planning Authority,Local Planning Authority,15.6
E14001553,Tottenham,E60000192,Haringey Local Planning Authority,Local Planning Authority,84.4
E14001554,Truro and Falmouth,E60000291,Cornwall Local Planning Authority,Local Planning Authority,100
E14001555,Tunbridge Wells,E60000264,Tunbridge Wells Local Planning Authority,Local Planning Authority,100
E14001556,Twickenham,E60000218,Richmond upon Thames Local Planning Authority,Local Planning Authority,100
E14001557,Tynemouth,E60000010,North Tyneside Local Planning Authority,Local Planning Authority,100
E14001558,Uxbridge and South Ruislip,E60000213,Hillingdon Local Planning Authority,Local Planning Authority,100
E14001559,Vauxhall and Camberwell Green,E60000195,Lambeth Local Planning Authority,Local Planning Authority,72.5
E14001559,Vauxhall and Camberwell Green,E60000198,Southwark Local Planning Authority,Local Planning Authority,27.5
E14001560,Wakefield and Rothwell,E60000071,Leeds Local Planning Authority,Local Planning Authority,19.1
E14001560,Wakefield and Rothwell,E60000072,Wakefield Local Planning Authority,Local Planning Authority,80.9
E14001561,Wallasey,E60000051,Wirral Local Planning Authority,Local Planning Authority,100
E14001562,Walsall and Bloxwich,E60000135,Walsall Local Planning Authority,Local Planning Authority,100
E14001563,Walthamstow,E60000220,Waltham Forest Local Planning Authority,Local Planning Authority,100
E14001564,Warrington North,E60000018,Warrington Local Planning Authority,Local Planning Authority,100
E14001565,Warrington South,E60000018,Warrington Local Planning Authority,Local Planning Authority,100
E14001566,Warwick and Leamington,E60000129,Warwick Local Planning Authority,Local Planning Authority,100
E14001567,Washington and Gateshead South,E60000008,Gateshead Local Planning Authority,Local Planning Authority,19.5
E14001567,Washington and Gateshead South,E60000012,Sunderland Local Planning Authority,Local Planning Authority,80.5
E14001568,Watford,E60000169,Hertsmere Local Planning Authority,Local Planning Authority,7.1
E14001568,Watford,E60000174,Watford Local Planning Authority,Local Planning Authority,92.9
E14001569,Waveney Valley,E60000184,East Suffolk Local Planning Authority,Local Planning Authority,18.5
E14001569,Waveney Valley,E60000186,Mid Suffolk Local Planning Authority,Local Planning Authority,40.1
E14001569,Waveney Valley,E60000182,South Norfolk Local Planning Authority,Local Planning Authority,40.6
E14001569,Waveney Valley,E60000326,The Broads Local Planning Authority,Local Planning Authority,0.8
E14001570,Weald of Kent,E60000253,Ashford Local Planning Authority,Local Planning Authority,47
E14001570,Weald of Kent,E60000259,Maidstone Local Planning Authority,Local Planning Authority,42.7
E14001570,Weald of Kent,E60000264,Tunbridge Wells Local Planning Authority,Local Planning Authority,10.4
E14001571,Wellingborough and Rushden,E60000332,North Northamptonshire Local Planning Authority,Local Planning Authority,100
E14001572,Wells and Mendip Hills,E60000294,North Somerset Local Planning Authority,Local Planning Authority,29.5
E14001572,Wells and Mendip Hills,E60000337,Somerset Local Planning Authority,Local Planning Authority,70.5
E14001573,Welwyn Hatfield,E60000175,Welwyn Hatfield Local Planning Authority,Local Planning Authority,100
E14001574,West Bromwich,E60000133,Sandwell Local Planning Authority,Local Planning Authority,100
E14001575,West Dorset,E60000292,Dorset Local Planning Authority,Local Planning Authority,100
E14001576,West Ham and Beckton,E60000197,Newham Local Planning Authority,Local Planning Authority,100
E14001577,West Lancashire,E60000045,West Lancashire Local Planning Authority,Local Planning Authority,100
E14001578,West Suffolk,E60000187,West Suffolk Local Planning Authority,Local Planning Authority,100
E14001579,West Worcestershire,E60000138,Malvern Hills Local Planning Authority,Local Planning Authority,81.2
E14001579,West Worcestershire,E60000141,Wychavon Local Planning Authority,Local Planning Authority,18.8
E14001580,Westmorland and Lonsdale,E60000320,Lake District Local Planning Authority,Local Planning Authority,26.8
E14001580,Westmorland and Lonsdale,E60000335,Westmorland and Furness Local Planning Authority,Local Planning Authority,70.1
E14001580,Westmorland and Lonsdale,E60000327,Yorkshire Dales Local Planning Authority,Local Planning Authority,3.1
E14001581,Weston-super-Mare,E60000294,North Somerset Local Planning Authority,Local Planning Authority,100
E14001582,Wetherby and Easingwold,E60000071,Leeds Local Planning Authority,Local Planning Authority,43.6
E14001582,Wetherby and Easingwold,E60000322,North York Moors Local Planning Authority,Local Planning Authority,0.5
E14001582,Wetherby and Easingwold,E60000336,North Yorkshire Local Planning Authority,Local Planning Authority,55.9
E14001583,Whitehaven and Workington,E60000334,Cumberland Local Planning Authority,Local Planning Authority,97.8
E14001583,Whitehaven and Workington,E60000320,Lake District Local Planning Authority,Local Planning Authority,2.2
E14001584,Widnes and Halewood,E60000017,Halton Local Planning Authority,Local Planning Authority,69.5
E14001584,Widnes and Halewood,E60000047,Knowsley Local Planning Authority,Local Planning Authority,30.5
E14001585,Wigan,E60000034,Wigan Local Planning Authority,Local Planning Authority,100
E14001586,Wimbledon,E60000215,Kingston upon Thames Local Planning Authority,Local Planning Authority,17.2
E14001586,Wimbledon,E60000216,Merton Local Planning Authority,Local Planning Authority,82.8
E14001587,Winchester,E60000325,South Downs Local Planning Authority,Local Planning Authority,11.6
E14001587,Winchester,E60000252,Winchester Local Planning Authority,Local Planning Authority,88.4
E14001588,Windsor,E60000275,Runnymede Local Planning Authority,Local Planning Authority,16.1
E14001588,Windsor,E60000228,Slough Local Planning Authority,Local Planning Authority,18.8
E14001588,Windsor,E60000231,Windsor and Maidenhead Local Planning Authority,Local Planning Authority,65
E14001589,Wirral West,E60000051,Wirral Local Planning Authority,Local Planning Authority,100
E14001590,Witham,E60000155,Braintree Local Planning Authority,Local Planning Authority,56.7
E14001590,Witham,E60000159,Colchester Local Planning Authority,Local Planning Authority,29.8
E14001590,Witham,E60000162,Maldon Local Planning Authority,Local Planning Authority,13.6
E14001591,Witney,E60000268,Vale of White Horse Local Planning Authority,Local Planning Authority,25.7
E14001591,Witney,E60000269,West Oxfordshire Local Planning Authority,Local Planning Authority,74.3
E14001592,Woking,E60000280,Woking Local Planning Authority,Local Planning Authority,100
E14001593,Wokingham,E60000232,Wokingham Local Planning Authority,Local Planning Authority,100
E14001594,Wolverhampton North East,E60000135,Walsall Local Planning Authority,Local Planning Authority,23.1
E14001594,Wolverhampton North East,E60000136,Wolverhampton Local Planning Authority,Local Planning Authority,76.9
E14001595,Wolverhampton South East,E60000135,Walsall Local Planning Authority,Local Planning Authority,40.6
E14001595,Wolverhampton South East,E60000136,Wolverhampton Local Planning Authority,Local Planning Authority,59.4
E14001596,Wolverhampton West,E60000136,Wolverhampton Local Planning Authority,Local Planning Authority,100
E14001597,Worcester,E60000140,Worcester Local Planning Authority,Local Planning Authority,100
E14001598,Worsley and Eccles,E60000030,Salford Local Planning Authority,Local Planning Authority,87.4
E14001598,Worsley and Eccles,E60000034,Wigan Local Planning Authority,Local Planning Authority,12.6
E14001599,Worthing West,E60000282,Arun Local Planning Authority,Local Planning Authority,20.9
E14001599,Worthing West,E60000325,South Downs Local Planning Authority,Local Planning Authority,2.7
E14001599,Worthing West,E60000287,Worthing Local Planning Authority,Local Planning Authority,76.4
E14001600,Wycombe,E60000331,Buckinghamshire Local Planning Authority,Local Planning Authority,100
E14001601,Wyre Forest,E60000142,Wyre Forest Local Planning Authority,Local Planning Authority,100
E14001602,Wythenshawe and Sale East,E60000027,Manchester Local Planning Authority,Local Planning Authority,71.3
E14001602,Wythenshawe and Sale East,E60000033,Trafford Local Planning Authority,Local Planning Authority,28.7
E14001603,Yeovil,E60000337,Somerset Local Planning Authority,Local Planning Authority,100
E14001604,York Central,E60000056,York Local Planning Authority,Local Planning Authority,100
E14001605,York Outer,E60000056,York Local Planning Authority,Local Planning Authority,100
N05000001,Belfast East,N13000004,Belfast Local Planning Authority,Local Planning Authority,81
N05000001,Belfast East,N13000008,Lisburn and Castlereagh Local Planning Authority,Local Planning Authority,19
N05000002,Belfast North,N13000001,Antrim and Newtownabbey Local Planning Authority,Local Planning Authority,32
N05000002,Belfast North,N13000004,Belfast Local Planning Authority,Local Planning Authority,68
N05000003,Belfast South and Mid Down,N13000004,Belfast Local Planning Authority,Local Planning Authority,72
N05000003,Belfast South and Mid Down,N13000008,Lisburn and Castlereagh Local Planning Authority,Local Planning Authority,25
N05000003,Belfast South and Mid Down,N13000011,"Newry, Mourne and Down Local Planning Authority",Local Planning Authority,3
N05000004,Belfast West,N13000004,Belfast Local Planning Authority,Local Planning Authority,96
N05000004,Belfast West,N13000008,Lisburn and Castlereagh Local Planning Authority,Local Planning Authority,4
N05000005,East Antrim,N13000001,Antrim and Newtownabbey Local Planning Authority,Local Planning Authority,13
N05000005,East Antrim,N13000005,Causeway Coast and Glens Local Planning Authority,Local Planning Authority,2
N05000005,East Antrim,N13000009,Mid and East Antrim Local Planning Authority,Local Planning Authority,84
N05000006,East Londonderry,N13000005,Causeway Coast and Glens Local Planning Authority,Local Planning Authority,90
N05000006,East Londonderry,N13000006,Derry City and Strabane Local Planning Authority,Local Planning Authority,10
N05000007,Fermanagh and South Tyrone,N13000003,"Armagh City, Banbridge and Craigavon Local Planning Authority",Local Planning Authority,5
N05000007,Fermanagh and South Tyrone,N13000007,Fermanagh and Omagh Local Planning Authority,Local Planning Authority,57
N05000007,Fermanagh and South Tyrone,N13000010,Mid Ulster Local Planning Authority,Local Planning Authority,38
N05000008,Foyle,N13000006,Derry City and Strabane Local Planning Authority,Local Planning Authority,100
N05000009,Lagan Valley,N13000003,"Armagh City, Banbridge and Craigavon Local Planning Authority",Local Planning Authority,21
N05000009,Lagan Valley,N13000008,Lisburn and Castlereagh Local Planning Authority,Local Planning Authority,79
N05000010,Mid Ulster,N13000003,"Armagh City, Banbridge and Craigavon Local Planning Authority",Local Planning Authority,1
N05000010,Mid Ulster,N13000010,Mid Ulster Local Planning Authority,Local Planning Authority,99
N05000011,Newry and Armagh,N13000003,"Armagh City, Banbridge and Craigavon Local Planning Authority",Local Planning Authority,47
N05000011,Newry and Armagh,N13000011,"Newry, Mourne and Down Local Planning Authority",Local Planning Authority,53
N05000012,North Antrim,N13000005,Causeway Coast and Glens Local Planning Authority,Local Planning Authority,45
N05000012,North Antrim,N13000009,Mid and East Antrim Local Planning Authority,Local Planning Authority,55
N05000013,North Down,N13000002,Ards and North Down Local Planning Authority,Local Planning Authority,95
N05000013,North Down,N13000004,Belfast Local Planning Authority,Local Planning Authority,5
N05000014,South Antrim,N13000001,Antrim and Newtownabbey Local Planning Authority,Local Planning Authority,93
N05000014,South Antrim,N13000008,Lisburn and Castlereagh Local Planning Authority,Local Planning Authority,7
N05000015,South Down,N13000003,"Armagh City, Banbridge and Craigavon Local Planning Authority",Local Planning Authority,13
N05000015,South Down,N13000011,"Newry, Mourne and Down Local Planning Authority",Local Planning Authority,87
N05000016,Strangford,N13000002,Ards and North Down Local Planning Authority,Local Planning Authority,72
N05000016,Strangford,N13000011,"Newry, Mourne and Down Local Planning Authority",Local Planning Authority,28
N05000017,Upper Bann,N13000003,"Armagh City, Banbridge and Craigavon Local Planning Authority",Local Planning Authority,100
N05000018,West Tyrone,N13000006,Derry City and Strabane Local Planning Authority,Local Planning Authority,43
N05000018,West Tyrone,N13000007,Fermanagh and Omagh Local Planning Authority,Local Planning Authority,53
N05000018,West Tyrone,N13000010,Mid Ulster Local Planning Authority,Local Planning Authority,4
S14000021,East Renfrewshire,S44000012,East Renfrewshire Local Planning Authority,Local Planning Authority,100
S14000027,Na h-Eileanan an Iar,S44000020,Na h-Eileanan Siar Local Planning Authority,Local Planning Authority,100
S14000045,Midlothian,S44000018,Midlothian Local Planning Authority,Local Planning Authority,100
S14000048,North Ayrshire and Arran,S44000021,North Ayrshire Local Planning Authority,Local Planning Authority,100
S14000051,Orkney and Shetland,S44000023,Orkney Islands Local Planning Authority,Local Planning Authority,50.4
S14000051,Orkney and Shetland,S44000027,Shetland Islands Local Planning Authority,Local Planning Authority,49.6
S14000060,Aberdeen North,S44000001,Aberdeen City Local Planning Authority,Local Planning Authority,100
S14000061,Aberdeen South,S44000001,Aberdeen City Local Planning Authority,Local Planning Authority,100
S14000062,Aberdeenshire North and Moray East,S44000002,Aberdeenshire Local Planning Authority,Local Planning Authority,74.5
S14000062,Aberdeenshire North and Moray East,S44000019,Moray Local Planning Authority,Local Planning Authority,25.5
S14000063,Airdrie and Shotts,S44000022,North Lanarkshire Local Planning Authority,Local Planning Authority,100
S14000064,Alloa and Grangemouth,S44000006,Clackmannanshire Local Planning Authority,Local Planning Authority,51.2
S14000064,Alloa and Grangemouth,S44000013,Falkirk Local Planning Authority,Local Planning Authority,48.8
S14000065,Angus and Perthshire Glens,S44000003,Angus Local Planning Authority,Local Planning Authority,58.2
S14000065,Angus and Perthshire Glens,S44000031,Cairngorms Local Planning Authority,Local Planning Authority,1.1
S14000065,Angus and Perthshire Glens,S44000024,Perth and Kinross Local Planning Authority,Local Planning Authority,40.7
S14000066,Arbroath and Broughty Ferry,S44000003,Angus Local Planning Authority,Local Planning Authority,57.4
S14000066,Arbroath and Broughty Ferry,S44000008,Dundee City Local Planning Authority,Local Planning Authority,42.6
S14000067,"Argyll, Bute and South Lochaber",S44000004,Argyll and Bute Local Planning Authority,Local Planning Authority,90.2
S14000067,"Argyll, Bute and South Lochaber",S44000016,Highland Local Planning Authority,Local Planning Authority,5.9
S14000067,"Argyll, Bute and South Lochaber",S44000032,Loch Lomond and the Trossachs Local Planning Authority,Local Planning Authority,3.9
S14000068,Bathgate and Linlithgow,S44000013,Falkirk Local Planning Authority,Local Planning Authority,17.2
S14000068,Bathgate and Linlithgow,S44000034,West Lothian Local Planning Authority,Local Planning Authority,82.8
S14000069,"Caithness, Sutherland and Easter Ross",S44000016,Highland Local Planning Authority,Local Planning Authority,100
S14000070,Coatbridge and Bellshill,S44000022,North Lanarkshire Local Planning Authority,Local Planning Authority,100
S14000071,Cowdenbeath and Kirkcaldy,S44000014,Fife Local Planning Authority,Local Planning Authority,100
S14000072,Cumbernauld and Kirkintilloch,S44000010,East Dunbartonshire Local Planning Authority,Local Planning Authority,15
S14000072,Cumbernauld and Kirkintilloch,S44000022,North Lanarkshire Local Planning Authority,Local Planning Authority,85
S14000073,Dumfries and Galloway,S44000007,Dumfries and Galloway Local Planning Authority,Local Planning Authority,100
S14000074,"Dumfriesshire, Clydesdale and Tweeddale",S44000007,Dumfries and Galloway Local Planning Authority,Local Planning Authority,58.1
S14000074,"Dumfriesshire, Clydesdale and Tweeddale",S44000026,Scottish Borders Local Planning Authority,Local Planning Authority,22.4
S14000074,"Dumfriesshire, Clydesdale and Tweeddale",S44000029,South Lanarkshire Local Planning Authority,Local Planning Authority,19.5
S14000075,Dundee Central,S44000008,Dundee City Local Planning Authority,Local Planning Authority,100
S14000076,Dunfermline and Dollar,S44000006,Clackmannanshire Local Planning Authority,Local Planning Authority,4
S14000076,Dunfermline and Dollar,S44000014,Fife Local Planning Authority,Local Planning Authority,96
S14000077,East Kilbride and Strathaven,S44000029,South Lanarkshire Local Planning Authority,Local Planning Authority,100
S14000078,Edinburgh East and Musselburgh,S44000005,City of Edinburgh Local Planning Authority,Local Planning Authority,86.9
S14000078,Edinburgh East and Musselburgh,S44000011,East Lothian Local Planning Authority,Local Planning Authority,13.1
S14000079,Edinburgh North and Leith,S44000005,City of Edinburgh Local Planning Authority,Local Planning Authority,100
S14000080,Edinburgh South,S44000005,City of Edinburgh Local Planning Authority,Local Planning Authority,100
S14000081,Edinburgh South West,S44000005,City of Edinburgh Local Planning Authority,Local Planning Authority,100
S14000082,Edinburgh West,S44000005,City of Edinburgh Local Planning Authority,Local Planning Authority,100
S14000083,Falkirk,S44000013,Falkirk Local Planning Authority,Local Planning Authority,100
S14000084,Glasgow East,S44000015,Glasgow City Local Planning Authority,Local Planning Authority,100
S14000085,Glasgow North,S44000015,Glasgow City Local Planning Authority,Local Planning Authority,100
S14000086,Glasgow North East,S44000015,Glasgow City Local Planning Authority,Local Planning Authority,100
S14000087,Glasgow South,S44000015,Glasgow City Local Planning Authority,Local Planning Authority,100
S14000088,Glasgow South West,S44000015,Glasgow City Local Planning Authority,Local Planning Authority,100
S14000089,Glasgow West,S44000015,Glasgow City Local Planning Authority,Local Planning Authority,100
S14000090,Glenrothes and Mid Fife,S44000014,Fife Local Planning Authority,Local Planning Authority,100
S14000091,Gordon and Buchan,S44000002,Aberdeenshire Local Planning Authority,Local Planning Authority,100
S14000092,Hamilton and Clyde Valley,S44000029,South Lanarkshire Local Planning Authority,Local Planning Authority,100
S14000093,Inverclyde and Renfrewshire West,S44000017,Inverclyde Local Planning Authority,Local Planning Authority,88.9
S14000093,Inverclyde and Renfrewshire West,S44000025,Renfrewshire Local Planning Authority,Local Planning Authority,11.1
S14000094,"Inverness, Skye and West Ross-shire",S44000016,Highland Local Planning Authority,Local Planning Authority,100
S14000095,Livingston,S44000034,West Lothian Local Planning Authority,Local Planning Authority,100
S14000096,Lothian East,S44000011,East Lothian Local Planning Authority,Local Planning Authority,100
S14000097,Mid Dunbartonshire,S44000010,East Dunbartonshire Local Planning Authority,Local Planning Authority,100
S14000098,"Moray West, Nairn and Strathspey",S44000031,Cairngorms Local Planning Authority,Local Planning Authority,16.5
S14000098,"Moray West, Nairn and Strathspey",S44000016,Highland Local Planning Authority,Local Planning Authority,16.4
S14000098,"Moray West, Nairn and Strathspey",S44000019,Moray Local Planning Authority,Local Planning Authority,67.1
S14000099,"Motherwell, Wishaw and Carluke",S44000022,North Lanarkshire Local Planning Authority,Local Planning Authority,76.8
S14000099,"Motherwell, Wishaw and Carluke",S44000029,South Lanarkshire Local Planning Authority,Local Planning Authority,23.2
S14000100,North East Fife,S44000014,Fife Local Planning Authority,Local Planning Authority,100
S14000101,Paisley and Renfrewshire North,S44000015,Glasgow City Local Planning Authority,Local Planning Authority,15.9
S14000101,Paisley and Renfrewshire North,S44000025,Renfrewshire Local Planning Authority,Local Planning Authority,84.1
S14000102,Paisley and Renfrewshire South,S44000025,Renfrewshire Local Planning Authority,Local Planning Authority,100
S14000103,Perth and Kinross-shire,S44000032,Loch Lomond and the Trossachs Local Planning Authority,Local Planning Authority,0.3
S14000103,Perth and Kinross-shire,S44000024,Perth and Kinross Local Planning Authority,Local Planning Authority,99.7
S14000104,Rutherglen,S44000029,South Lanarkshire Local Planning Authority,Local Planning Authority,100
S14000105,Stirling and Strathallan,S44000032,Loch Lomond and the Trossachs Local Planning Authority,Local Planning Authority,9.5
S14000105,Stirling and Strathallan,S44000024,Perth and Kinross Local Planning Authority,Local Planning Authority,9.5
S14000105,Stirling and Strathallan,S44000030,Stirling Local Planning Authority,Local Planning Authority,81
S14000106,West Dunbartonshire,S44000015,Glasgow City Local Planning Authority,Local Planning Authority,2.8
S14000106,West Dunbartonshire,S44000032,Loch Lomond and the Trossachs Local Planning Authority,Local Planning Authority,3
S14000106,West Dunbartonshire,S44000033,West Dunbartonshire Local Planning Authority,Local Planning Authority,94.2
S14000107,"Ayr, Carrick and Cumnock",S44000009,East Ayrshire Local Planning Authority,Local Planning Authority,25.8
S14000107,"Ayr, Carrick and Cumnock",S44000028,South Ayrshire Local Planning Authority,Local Planning Authority,74.2
S14000108,"Berwickshire, Roxburgh and Selkirk",S44000026,Scottish Borders Local Planning Authority,Local Planning Authority,100
S14000109,Central Ayrshire,S44000021,North Ayrshire Local Planning Authority,Local Planning Authority,47.4
S14000109,Central Ayrshire,S44000028,South Ayrshire Local Planning Authority,Local Planning Authority,52.6
S14000110,Kilmarnock and Loudoun,S44000009,East Ayrshire Local Planning Authority,Local Planning Authority,100
S14000111,West Aberdeenshire and Kincardine,S44000002,Aberdeenshire Local Planning Authority,Local Planning Authority,95.1
S14000111,West Aberdeenshire and Kincardine,S44000031,Cairngorms Local Planning Authority,Local Planning Authority,4.9
W07000081,Aberafan Maesteg,W43000016,Bridgend Local Planning Authority,Local Planning Authority,37.6
W07000081,Aberafan Maesteg,W43000015,Neath Port Talbot Local Planning Authority,Local Planning Authority,62.4
W07000082,Alyn and Deeside,W43000006,Flintshire Local Planning Authority,Local Planning Authority,100
W07000083,Bangor Aberconwy,W43000004,Conwy Local Planning Authority,Local Planning Authority,62.9
W07000083,Bangor Aberconwy,W43000005,Denbighshire Local Planning Authority,Local Planning Authority,3.8
W07000083,Bangor Aberconwy,W43000003,Eryri Local Planning Authority,Local Planning Authority,4.6
W07000083,Bangor Aberconwy,W43000002,Gwynedd Local Planning Authority,Local Planning Authority,28.6
W07000084,Blaenau Gwent and Rhymney,W43000013,Bannau Brycheiniog Local Planning Authority,Local Planning Authority,0
W07000084,Blaenau Gwent and Rhymney,W43000022,Blaenau Gwent Local Planning Authority,Local Planning Authority,70.8
W07000084,Blaenau Gwent and Rhymney,W43000021,Caerphilly Local Planning Authority,Local Planning Authority,29.2
W07000085,"Brecon, Radnor and Cwm Tawe",W43000013,Bannau Brycheiniog Local Planning Authority,Local Planning Authority,25.3
W07000085,"Brecon, Radnor and Cwm Tawe",W43000015,Neath Port Talbot Local Planning Authority,Local Planning Authority,24.5
W07000085,"Brecon, Radnor and Cwm Tawe",W43000008,Powys Local Planning Authority,Local Planning Authority,50.2
W07000086,Bridgend,W43000016,Bridgend Local Planning Authority,Local Planning Authority,100
W07000087,Caerfyrddin,W43000013,Bannau Brycheiniog Local Planning Authority,Local Planning Authority,0.9
W07000087,Caerfyrddin,W43000012,Carmarthenshire Local Planning Authority,Local Planning Authority,99.1
W07000088,Caerphilly,W43000021,Caerphilly Local Planning Authority,Local Planning Authority,100
W07000089,Cardiff East,W43000018,Cardiff Local Planning Authority,Local Planning Authority,100
W07000090,Cardiff North,W43000018,Cardiff Local Planning Authority,Local Planning Authority,96.3
W07000090,Cardiff North,W43000019,Rhondda Cynon Taf Local Planning Authority,Local Planning Authority,3.7
W07000091,Cardiff South and Penarth,W43000018,Cardiff Local Planning Authority,Local Planning Authority,65.5
W07000091,Cardiff South and Penarth,W43000017,Vale of Glamorgan Local Planning Authority,Local Planning Authority,34.5
W07000092,Cardiff West,W43000018,Cardiff Local Planning Authority,Local Planning Authority,92.8
W07000092,Cardiff West,W43000019,Rhondda Cynon Taf Local Planning Authority,Local Planning Authority,7.2
W07000093,Ceredigion Preseli,W43000009,Ceredigion Local Planning Authority,Local Planning Authority,76.1
W07000093,Ceredigion Preseli,W43000010,Pembrokeshire Coast Local Planning Authority,Local Planning Authority,4.3
W07000093,Ceredigion Preseli,W43000011,Pembrokeshire Local Planning Authority,Local Planning Authority,19.6
W07000094,Clwyd East,W43000005,Denbighshire Local Planning Authority,Local Planning Authority,43.1
W07000094,Clwyd East,W43000006,Flintshire Local Planning Authority,Local Planning Authority,54.8
W07000094,Clwyd East,W43000007,Wrexham Local Planning Authority,Local Planning Authority,2.1
W07000095,Clwyd North,W43000004,Conwy Local Planning Authority,Local Planning Authority,52
W07000095,Clwyd North,W43000005,Denbighshire Local Planning Authority,Local Planning Authority,48
W07000096,Dwyfor Meirionnydd,W43000005,Denbighshire Local Planning Authority,Local Planning Authority,3.7
W07000096,Dwyfor Meirionnydd,W43000003,Eryri Local Planning Authority,Local Planning Authority,20.7
W07000096,Dwyfor Meirionnydd,W43000002,Gwynedd Local Planning Authority,Local Planning Authority,75.5
W07000097,Gower,W43000014,Swansea Local Planning Authority,Local Planning Authority,100
W07000098,Llanelli,W43000012,Carmarthenshire Local Planning Authority,Local Planning Authority,100
W07000099,Merthyr Tydfil and Aberdare,W43000013,Bannau Brycheiniog Local Planning Authority,Local Planning Authority,1.3
W07000099,Merthyr Tydfil and Aberdare,W43000020,Merthyr Tydfil Local Planning Authority,Local Planning Authority,58.6
W07000099,Merthyr Tydfil and Aberdare,W43000019,Rhondda Cynon Taf Local Planning Authority,Local Planning Authority,40.1
W07000100,Mid and South Pembrokeshire,W43000010,Pembrokeshire Coast Local Planning Authority,Local Planning Authority,15.5
W07000100,Mid and South Pembrokeshire,W43000011,Pembrokeshire Local Planning Authority,Local Planning Authority,84.5
W07000101,Monmouthshire,W43000013,Bannau Brycheiniog Local Planning Authority,Local Planning Authority,7.5
W07000101,Monmouthshire,W43000024,Monmouthshire Local Planning Authority,Local Planning Authority,92.5
W07000102,Montgomeryshire and Glyndwr,W43000003,Eryri Local Planning Authority,Local Planning Authority,0
W07000102,Montgomeryshire and Glyndwr,W43000008,Powys Local Planning Authority,Local Planning Authority,65.5
W07000102,Montgomeryshire and Glyndwr,W43000007,Wrexham Local Planning Authority,Local Planning Authority,34.5
W07000103,Neath and Swansea East,W43000015,Neath Port Talbot Local Planning Authority,Local Planning Authority,62.2
W07000103,Neath and Swansea East,W43000014,Swansea Local Planning Authority,Local Planning Authority,37.8
W07000104,Newport East,W43000025,Newport Local Planning Authority,Local Planning Authority,100
W07000105,Newport West and Islwyn,W43000021,Caerphilly Local Planning Authority,Local Planning Authority,51.2
W07000105,Newport West and Islwyn,W43000025,Newport Local Planning Authority,Local Planning Authority,48.8
W07000106,Pontypridd,W43000019,Rhondda Cynon Taf Local Planning Authority,Local Planning Authority,100
W07000107,Rhondda and Ogmore,W43000016,Bridgend Local Planning Authority,Local Planning Authority,15.6
W07000107,Rhondda and Ogmore,W43000019,Rhondda Cynon Taf Local Planning Authority,Local Planning Authority,84.4
W07000108,Swansea West,W43000014,Swansea Local Planning Authority,Local Planning Authority,100
W07000109,Torfaen,W43000013,Bannau Brycheiniog Local Planning Authority,Local Planning Authority,0
W07000109,Torfaen,W43000023,Torfaen Local Planning Authority,Local Planning Authority,100
W07000110,Vale of Glamorgan,W43000017,Vale of Glamorgan Local Planning Authority,Local Planning Authority,100
W07000111,Wrexham,W43000007,Wrexham Local Planning Authority,Local Planning Authority,100
W07000112,Ynys Môn,W43000001,Isle of Anglesey Local Planning Authority,Local Planning Authority,100
W07000081,Aberafan Maesteg,WSH,Dŵr Cymru,Water company,0
E14001063,Aldershot,SEW,South East Water,Water company,0
E14001064,Aldridge-Brownhills,SSC,South Staffordshire Water,Water company,0
E14001065,Altrincham and Sale West,UUW,United Utilities,Water company,0
W07000082,Alyn and Deeside,WSH,Dŵr Cymru,Water company,0
W07000082,Alyn and Deeside,HDD,Hafren Dyfrdwy,Water company,0
E14001066,Amber Valley,SVE,Severn Trent Water,Water company,0
E14001067,Arundel and South Downs,SRN,Southern Water,Water company,0
E14001067,Arundel and South Downs,PRT,Portsmouth Water,Water company,0
E14001067,Arundel and South Downs,SEW,South East Water,Water company,0
E14001067,Arundel and South Downs,TMS,Thames Water,Water company,0
E14001068,Ashfield,SVE,Severn Trent Water,Water company,0
E14001069,Ashford,SEW,South East Water,Water company,0
E14001069,Ashford,AFW,Affinity Water,Water company,0
E14001070,Ashton-under-Lyne,UUW,United Utilities,Water company,0
E14001071,Aylesbury,TMS,Thames Water,Water company,0
E14001071,Aylesbury,ANH,Anglian Water,Water company,0
E14001071,Aylesbury,AFW,Affinity Water,Water company,0
E14001072,Banbury,TMS,Thames Water,Water company,0
E14001072,Banbury,ANH,Anglian Water,Water company,0
E14001072,Banbury,SVE,Severn Trent Water,Water company,0
W07000083,Bangor Aberconwy,WSH,Dŵr Cymru,Water company,0
E14001073,Barking,NES,Essex and Suffolk Water (part of Northumbrian Water),Water company,0
E14001074,Barnsley North,YKY,Yorkshire Water,Water company,0
E14001075,Barnsley South,YKY,Yorkshire Water,Water company,0
E14001076,Barrow and Furness,UUW,United Utilities,Water company,0
E14001077,Basildon and Billericay,NES,Essex and Suffolk Water (part of Northumbrian Water),Water company,0
E14001078,Basingstoke,SEW,South East Water,Water company,0
E14001078,Basingstoke,SRN,Southern Water,Water company,0
E14001079,Bassetlaw,SVE,Severn Trent Water,Water company,0
E14001079,Bassetlaw,ANH,Anglian Water,Water company,0
E14001079,Bassetlaw,YKY,Yorkshire Water,Water company,0
E14001080,Bath,WSX,Wessex Water,Water company,0
E14001080,Bath,SBB,Bristol Water (part of South West Water),Water company,0
E14001081,Battersea,TMS,Thames Water,Water company,0
E14001082,Beaconsfield,TMS,Thames Water,Water company,0
E14001082,Beaconsfield,AFW,Affinity Water,Water company,0
E14001082,Beaconsfield,SEW,South East Water,Water company,0
E14001083,Beckenham and Penge,TMS,Thames Water,Water company,0
E14001084,Bedford,ANH,Anglian Water,Water company,0
E14001085,Bermondsey and Old Southwark,TMS,Thames Water,Water company,0
E14001086,Bethnal Green and Stepney,TMS,Thames Water,Water company,0
E14001087,Beverley and Holderness,YKY,Yorkshire Water,Water company,0
E14001088,Bexhill and Battle,SEW,South East Water,Water company,0
E14001088,Bexhill and Battle,SRN,Southern Water,Water company,0
E14001089,Bexleyheath and Crayford,TMS,Thames Water,Water company,0
E14001090,Bicester and Woodstock,TMS,Thames Water,Water company,0
E14001090,Bicester and Woodstock,ANH,Anglian Water,Water company,0
E14001091,Birkenhead,UUW,United Utilities,Water company,0
E14001092,Birmingham Edgbaston,SVE,Severn Trent Water,Water company,0
E14001092,Birmingham Edgbaston,SSC,South Staffordshire Water,Water company,0
E14001093,Birmingham Erdington,SVE,Severn Trent Water,Water company,0
E14001093,Birmingham Erdington,SSC,South Staffordshire Water,Water company,0
E14001094,Birmingham Hall Green and Moseley,SVE,Severn Trent Water,Water company,0
E14001095,Birmingham Hodge Hill and Solihull North,SVE,Severn Trent Water,Water company,0
E14001096,Birmingham Ladywood,SVE,Severn Trent Water,Water company,0
E14001097,Birmingham Northfield,SVE,Severn Trent Water,Water company,0
E14001098,Birmingham Perry Barr,SVE,Severn Trent Water,Water company,0
E14001098,Birmingham Perry Barr,SSC,South Staffordshire Water,Water company,0
E14001099,Birmingham Selly Oak,SVE,Severn Trent Water,Water company,0
E14001100,Birmingham Yardley,SVE,Severn Trent Water,Water company,0
E14001101,Bishop Auckland,NES,Northumbrian Water,Water company,0
E14001101,Bishop Auckland,YKY,Yorkshire Water,Water company,0
E14001102,Blackburn,UUW,United Utilities,Water company,0
E14001103,Blackley and Middleton South,UUW,United Utilities,Water company,0
E14001104,Blackpool North and Fleetwood,UUW,United Utilities,Water company,0
E14001105,Blackpool South,UUW,United Utilities,Water company,0
W07000084,Blaenau Gwent and Rhymney,WSH,Dŵr Cymru,Water company,0
E14001106,Blaydon and Consett,NES,Northumbrian Water,Water company,0
E14001107,Blyth and Ashington,NES,Northumbrian Water,Water company,0
E14001108,Bognor Regis and Littlehampton,PRT,Portsmouth Water,Water company,0
E14001108,Bognor Regis and Littlehampton,SRN,Southern Water,Water company,0
E14001109,Bolsover,SVE,Severn Trent Water,Water company,0
E14001110,Bolton North East,UUW,United Utilities,Water company,0
E14001111,Bolton South and Walkden,UUW,United Utilities,Water company,0
E14001112,Bolton West,UUW,United Utilities,Water company,0
E14001113,Bootle,UUW,United Utilities,Water company,0
E14001114,Boston and Skegness,ANH,Anglian Water,Water company,0
E14001115,Bournemouth East,SBB,Bournemouth Water (part of South West Water),Water company,0
E14001116,Bournemouth West,SBB,Bournemouth Water (part of South West Water),Water company,0
E14001116,Bournemouth West,WSX,Wessex Water,Water company,0
E14001117,Bracknell,SEW,South East Water,Water company,0
E14001117,Bracknell,AFW,Affinity Water,Water company,0
E14001118,Bradford East,YKY,Yorkshire Water,Water company,0
E14001119,Bradford South,YKY,Yorkshire Water,Water company,0
E14001120,Bradford West,YKY,Yorkshire Water,Water company,0
E14001121,Braintree,ANH,Anglian Water,Water company,0
E14001121,Braintree,AFW,Affinity Water,Water company,0
E14001121,Braintree,NES,Essex and Suffolk Water (part of Northumbrian Water),Water company,0
W07000085,"Brecon, Radnor and Cwm Tawe",WSH,Dŵr Cymru,Water company,0
W07000085,"Brecon, Radnor and Cwm Tawe",SVE,Severn Trent Water,Water company,0
W07000085,"Brecon, Radnor and Cwm Tawe",HDD,Hafren Dyfrdwy,Water company,0
E14001122,Brent East,TMS,Thames Water,Water company,0
E14001122,Brent East,AFW,Affinity Water,Water company,0
E14001123,Brent West,AFW,Affinity Water,Water company,0
E14001124,Brentford and Isleworth,TMS,Thames Water,Water company,0
E14001125,Brentwood and Ongar,NES,Essex and Suffolk Water (part of Northumbrian Water),Water company,0
E14001125,Brentwood and Ongar,AFW,Affinity Water,Water company,0
E14001125,Brentwood and Ongar,TMS,Thames Water,Water company,0
W07000086,Bridgend,WSH,Dŵr Cymru,Water company,0
E14001126,Bridgwater,WSX,Wessex Water,Water company,0
E14001126,Bridgwater,SBB,Bristol Water (part of South West Water),Water company,0
E14001127,Bridlington and The Wolds,YKY,Yorkshire Water,Water company,0
E14001128,Brigg and Immingham,ANH,Anglian Water,Water company,0
E14001129,Brighton Kemptown and Peacehaven,SRN,Southern Water,Water company,0
E14001129,Brighton Kemptown and Peacehaven,SEW,South East Water,Water company,0
E14001130,Brighton Pavilion,SRN,Southern Water,Water company,0
E14001131,Bristol Central,SBB,Bristol Water (part of South West Water),Water company,0
E14001132,Bristol East,SBB,Bristol Water (part of South West Water),Water company,0
E14001133,Bristol North East,SBB,Bristol Water (part of South West Water),Water company,0
E14001134,Bristol North West,SBB,Bristol Water (part of South West Water),Water company,0
E14001135,Bristol South,SBB,Bristol Water (part of South West Water),Water company,0
E14001136,Broadland and Fakenham,ANH,Anglian Water,Water company,0
E14001137,Bromley and Biggin Hill,TMS,Thames Water,Water company,0
E14001138,Bromsgrove,SVE,Severn Trent Water,Water company,0
E14001138,Bromsgrove,SSC,South Staffordshire Water,Water company,0
E14001139,Broxbourne,TMS,Thames Water,Water company,0
E14001139,Broxbourne,AFW,Affinity Water,Water company,0
E14001140,Broxtowe,SVE,Severn Trent Water,Water company,0
E14001141,Buckingham and Bletchley,ANH,Anglian Water,Water company,0
E14001141,Buckingham and Bletchley,TMS,Thames Water,Water company,0
E14001142,Burnley,UUW,United Utilities,Water company,0
E14001143,Burton and Uttoxeter,SSC,South Staffordshire Water,Water company,0
E14001143,Burton and Uttoxeter,SVE,Severn Trent Water,Water company,0
E14001144,Bury North,UUW,United Utilities,Water company,0
E14001145,Bury South,UUW,United Utilities,Water company,0
E14001146,Bury St Edmunds and Stowmarket,ANH,Anglian Water,Water company,0
W07000087,Caerfyrddin,WSH,Dŵr Cymru,Water company,0
W07000088,Caerphilly,WSH,Dŵr Cymru,Water company,0
E14001147,Calder Valley,YKY,Yorkshire Water,Water company,0
E14001147,Calder Valley,UUW,United Utilities,Water company,0
E14001148,Camborne and Redruth,SBB,South West Water,Water company,0
E14001149,Cambridge,SSC,Cambridge Water (part of South Staffs Water),Water company,0
E14001150,Cannock Chase,SSC,South Staffordshire Water,Water company,0
E14001150,Cannock Chase,SVE,Severn Trent Water,Water company,0
E14001151,Canterbury,SEW,South East Water,Water company,0
E14001151,Canterbury,SRN,Southern Water,Water company,0
E14001151,Canterbury,AFW,Affinity Water,Water company,0
W07000089,Cardiff East,WSH,Dŵr Cymru,Water company,0
W07000090,Cardiff North,WSH,Dŵr Cymru,Water company,0
W07000091,Cardiff South and Penarth,WSH,Dŵr Cymru,Water company,0
W07000092,Cardiff West,WSH,Dŵr Cymru,Water company,0
E14001152,Carlisle,UUW,United Utilities,Water company,0
E14001152,Carlisle,NES,Northumbrian Water,Water company,0
E14001153,Carshalton and Wallington,SES,Sutton & East Surrey Water,Water company,0
E14001153,Carshalton and Wallington,TMS,Thames Water,Water company,0
E14001154,Castle Point,NES,Essex and Suffolk Water (part of Northumbrian Water),Water company,0
E14001155,Central Devon,SBB,South West Water,Water company,0
E14001156,Central Suffolk and North Ipswich,ANH,Anglian Water,Water company,0
E14001156,Central Suffolk and North Ipswich,NES,Essex and Suffolk Water (part of Northumbrian Water),Water company,0
W07000093,Ceredigion Preseli,WSH,Dŵr Cymru,Water company,0
E14001157,Chatham and Aylesford,SRN,Southern Water,Water company,0
E14001157,Chatham and Aylesford,SEW,South East Water,Water company,0
E14001158,Cheadle,UUW,United Utilities,Water company,0
E14001159,Chelmsford,NES,Essex and Suffolk Water (part of Northumbrian Water),Water company,0
E14001160,Chelsea and Fulham,TMS,Thames Water,Water company,0
E14001161,Cheltenham,SVE,Severn Trent Water,Water company,0
E14001162,Chesham and Amersham,AFW,Affinity Water,Water company,0
E14001162,Chesham and Amersham,TMS,Thames Water,Water company,0
E14001163,Chester North and Neston,SVE,Severn Trent Water,Water company,0
E14001163,Chester North and Neston,UUW,United Utilities,Water company,0
E14001164,Chester South and Eddisbury,UUW,United Utilities,Water company,0
E14001164,Chester South and Eddisbury,SVE,Severn Trent Water,Water company,0
E14001165,Chesterfield,SVE,Severn Trent Water,Water company,0
E14001166,Chichester,PRT,Portsmouth Water,Water company,0
E14001167,Chingford and Woodford Green,TMS,Thames Water,Water company,0
E14001168,Chippenham,WSX,Wessex Water,Water company,0
E14001168,Chippenham,TMS,Thames Water,Water company,0
E14001169,Chipping Barnet,AFW,Affinity Water,Water company,0
E14001170,Chorley,UUW,United Utilities,Water company,0
E14001171,Christchurch,SBB,Bournemouth Water (part of South West Water),Water company,0
E14001172,Cities of London and Westminster,TMS,Thames Water,Water company,0
E14001173,City of Durham,NES,Northumbrian Water,Water company,0
E14001174,Clacton,AFW,Affinity Water,Water company,0
E14001175,Clapham and Brixton Hill,TMS,Thames Water,Water company,0
W07000094,Clwyd East,WSH,Dŵr Cymru,Water company,0
W07000094,Clwyd East,HDD,Hafren Dyfrdwy,Water company,0
W07000095,Clwyd North,WSH,Dŵr Cymru,Water company,0
E14001176,Colchester,ANH,Anglian Water,Water company,0
E14001176,Colchester,AFW,Affinity Water,Water company,0
E14001177,Colne Valley,YKY,Yorkshire Water,Water company,0
E14001178,Congleton,UUW,United Utilities,Water company,0
E14001178,Congleton,SVE,Severn Trent Water,Water company,0
E14001179,Corby and East Northamptonshire,ANH,Anglian Water,Water company,0
E14001180,Coventry East,SVE,Severn Trent Water,Water company,0
E14001181,Coventry North West,SVE,Severn Trent Water,Water company,0
E14001182,Coventry South,SVE,Severn Trent Water,Water company,0
E14001183,Cramlington and Killingworth,NES,Northumbrian Water,Water company,0
E14001184,Crawley,SRN,Southern Water,Water company,0
E14001184,Crawley,SEW,South East Water,Water company,0
E14001184,Crawley,SES,Sutton & East Surrey Water,Water company,0
E14001185,Crewe and Nantwich,UUW,United Utilities,Water company,0
E14001185,Crewe and Nantwich,SVE,Severn Trent Water,Water company,0
E14001186,Croydon East,TMS,Thames Water,Water company,0
E14001186,Croydon East,SES,Sutton & East Surrey Water,Water company,0
E14001187,Croydon South,SES,Sutton & East Surrey Water,Water company,0
E14001187,Croydon South,TMS,Thames Water,Water company,0
E14001188,Croydon West,TMS,Thames Water,Water company,0
E14001188,Croydon West,SES,Sutton & East Surrey Water,Water company,0
E14001189,Dagenham and Rainham,NES,Essex and Suffolk Water (part of Northumbrian Water),Water company,0
E14001190,Darlington,NES,Northumbrian Water,Water company,0
E14001191,Dartford,TMS,Thames Water,Water company,0
E14001191,Dartford,SEW,South East Water,Water company,0
E14001191,Dartford,SRN,Southern Water,Water company,0
E14001192,Daventry,ANH,Anglian Water,Water company,0
E14001192,Daventry,SVE,Severn Trent Water,Water company,0
E14001193,Derby North,SVE,Severn Trent Water,Water company,0
E14001193,Derby North,SSC,South Staffordshire Water,Water company,0
E14001194,Derby South,SVE,Severn Trent Water,Water company,0
E14001195,Derbyshire Dales,SVE,Severn Trent Water,Water company,0
E14001195,Derbyshire Dales,SSC,South Staffordshire Water,Water company,0
E14001196,Dewsbury and Batley,YKY,Yorkshire Water,Water company,0
E14001197,Didcot and Wantage,TMS,Thames Water,Water company,0
E14001198,Doncaster Central,YKY,Yorkshire Water,Water company,0
E14001199,Doncaster East and the Isle of Axholme,YKY,Yorkshire Water,Water company,0
E14001199,Doncaster East and the Isle of Axholme,ANH,Anglian Water,Water company,0
E14001199,Doncaster East and the Isle of Axholme,SVE,Severn Trent Water,Water company,0
E14001200,Doncaster North,YKY,Yorkshire Water,Water company,0
E14001201,Dorking and Horley,SES,Sutton & East Surrey Water,Water company,0
E14001201,Dorking and Horley,TMS,Thames Water,Water company,0
E14001202,Dover and Deal,AFW,Affinity Water,Water company,0
E14001202,Dover and Deal,SRN,Southern Water,Water company,0
E14001203,Droitwich and Evesham,SVE,Severn Trent Water,Water company,0
E14001204,Dudley,SSC,South Staffordshire Water,Water company,0
E14001204,Dudley,SVE,Severn Trent Water,Water company,0
E14001205,Dulwich and West Norwood,TMS,Thames Water,Water company,0
E14001206,Dunstable and Leighton Buzzard,AFW,Affinity Water,Water company,0
E14001206,Dunstable and Leighton Buzzard,ANH,Anglian Water,Water company,0
W07000096,Dwyfor Meirionnydd,WSH,Dŵr Cymru,Water company,0
W07000096,Dwyfor Meirionnydd,HDD,Hafren Dyfrdwy,Water company,0
E14001207,Ealing Central and Acton,TMS,Thames Water,Water company,0
E14001207,Ealing Central and Acton,AFW,Affinity Water,Water company,0
E14001208,Ealing North,AFW,Affinity Water,Water company,0
E14001208,Ealing North,TMS,Thames Water,Water company,0
E14001209,Ealing Southall,AFW,Affinity Water,Water company,0
E14001209,Ealing Southall,TMS,Thames Water,Water company,0
E14001210,Earley and Woodley,TMS,Thames Water,Water company,0
E14001211,Easington,NES,Northumbrian Water,Water company,0
E14001211,Easington,ANH,Anglian Water,Water company,0
E14001212,East Grinstead and Uckfield,SEW,South East Water,Water company,0
E14001212,East Grinstead and Uckfield,SES,Sutton & East Surrey Water,Water company,0
E14001212,East Grinstead and Uckfield,SRN,Southern Water,Water company,0
E14001213,East Ham,TMS,Thames Water,Water company,0
E14001213,East Ham,NES,Essex and Suffolk Water (part of Northumbrian Water),Water company,0
E14001214,East Hampshire,SEW,South East Water,Water company,0
E14001214,East Hampshire,PRT,Portsmouth Water,Water company,0
E14001214,East Hampshire,SRN,Southern Water,Water company,0
E14001215,East Surrey,SES,Sutton & East Surrey Water,Water company,0
E14001215,East Surrey,TMS,Thames Water,Water company,0
E14001215,East Surrey,SEW,South East Water,Water company,0
E14001216,East Thanet,SRN,Southern Water,Water company,0
E14001217,East Wiltshire,WSX,Wessex Water,Water company,0
E14001217,East Wiltshire,TMS,Thames Water,Water company,0
E14001217,East Wiltshire,SRN,Southern Water,Water company,0
E14001218,East Worthing and Shoreham,SRN,Southern Water,Water company,0
E14001219,Eastbourne,SEW,South East Water,Water company,0
E14001220,Eastleigh,SRN,Southern Water,Water company,0
E14001220,Eastleigh,PRT,Portsmouth Water,Water company,0
E14001221,Edmonton and Winchmore Hill,TMS,Thames Water,Water company,0
E14001222,Ellesmere Port and Bromborough,UUW,United Utilities,Water company,0
E14001223,Eltham and Chislehurst,TMS,Thames Water,Water company,0
E14001224,Ely and East Cambridgeshire,ANH,Anglian Water,Water company,0
E14001224,Ely and East Cambridgeshire,SSC,Cambridge Water (part of South Staffs Water),Water company,0
E14001225,Enfield North,TMS,Thames Water,Water company,0
E14001225,Enfield North,AFW,Affinity Water,Water company,0
E14001226,Epping Forest,TMS,Thames Water,Water company,0
E14001226,Epping Forest,AFW,Affinity Water,Water company,0
E14001227,Epsom and Ewell,SES,Sutton & East Surrey Water,Water company,0
E14001227,Epsom and Ewell,TMS,Thames Water,Water company,0
E14001228,Erewash,SVE,Severn Trent Water,Water company,0
E14001229,Erith and Thamesmead,TMS,Thames Water,Water company,0
E14001230,Esher and Walton,TMS,Thames Water,Water company,0
E14001230,Esher and Walton,AFW,Affinity Water,Water company,0
E14001230,Esher and Walton,SES,Sutton & East Surrey Water,Water company,0
E14001231,Exeter,SBB,South West Water,Water company,0
E14001232,Exmouth and Exeter East,SBB,South West Water,Water company,0
E14001233,Fareham and Waterlooville,PRT,Portsmouth Water,Water company,0
E14001233,Fareham and Waterlooville,SRN,Southern Water,Water company,0
E14001234,Farnham and Bordon,SEW,South East Water,Water company,0
E14001234,Farnham and Bordon,TMS,Thames Water,Water company,0
E14001235,Faversham and Mid Kent,SEW,South East Water,Water company,0
E14001235,Faversham and Mid Kent,SRN,Southern Water,Water company,0
E14001236,Feltham and Heston,TMS,Thames Water,Water company,0
E14001236,Feltham and Heston,AFW,Affinity Water,Water company,0
E14001237,Filton and Bradley Stoke,SBB,Bristol Water (part of South West Water),Water company,0
E14001237,Filton and Bradley Stoke,SBB,South West Water,Water company,0
E14001238,Finchley and Golders Green,AFW,Affinity Water,Water company,0
E14001238,Finchley and Golders Green,TMS,Thames Water,Water company,0
E14001239,Folkestone and Hythe,AFW,Affinity Water,Water company,0
E14001239,Folkestone and Hythe,SEW,South East Water,Water company,0
E14001240,Forest of Dean,SVE,Severn Trent Water,Water company,0
E14001240,Forest of Dean,WSH,Dŵr Cymru,Water company,0
E14001241,Frome and East Somerset,SBB,Bristol Water (part of South West Water),Water company,0
E14001241,Frome and East Somerset,WSX,Wessex Water,Water company,0
E14001242,Fylde,UUW,United Utilities,Water company,0
E14001243,Gainsborough,ANH,Anglian Water,Water company,0
E14001244,Gateshead Central and Whickham,NES,Northumbrian Water,Water company,0
E14001245,Gedling,SVE,Severn Trent Water,Water company,0
E14001246,Gillingham and Rainham,SRN,Southern Water,Water company,0
E14001247,Glastonbury and Somerton,WSX,Wessex Water,Water company,0
E14001247,Glastonbury and Somerton,SBB,Bristol Water (part of South West Water),Water company,0
E14001248,Gloucester,SVE,Severn Trent Water,Water company,0
E14001249,Godalming and Ash,TMS,Thames Water,Water company,0
E14001249,Godalming and Ash,SEW,South East Water,Water company,0
E14001249,Godalming and Ash,AFW,Affinity Water,Water company,0
E14001249,Godalming and Ash,SRN,Southern Water,Water company,0
E14001250,Goole and Pocklington,YKY,Yorkshire Water,Water company,0
E14001251,Gorton and Denton,UUW,United Utilities,Water company,0
E14001252,Gosport,PRT,Portsmouth Water,Water company,0
W07000097,Gower,WSH,Dŵr Cymru,Water company,0
E14001253,Grantham and Bourne,ANH,Anglian Water,Water company,0
E14001253,Grantham and Bourne,SVE,Severn Trent Water,Water company,0
E14001254,Gravesham,SRN,Southern Water,Water company,0
E14001254,Gravesham,SEW,South East Water,Water company,0
E14001255,Great Grimsby and Cleethorpes,ANH,Anglian Water,Water company,0
E14001256,Great Yarmouth,NES,Essex and Suffolk Water (part of Northumbrian Water),Water company,0
E14001256,Great Yarmouth,ANH,Anglian Water,Water company,0
E14001257,Greenwich and Woolwich,TMS,Thames Water,Water company,0
E14001258,Guildford,TMS,Thames Water,Water company,0
E14001258,Guildford,AFW,Affinity Water,Water company,0
E14001258,Guildford,SES,Sutton & East Surrey Water,Water company,0
E14001259,Hackney North and Stoke Newington,TMS,Thames Water,Water company,0
E14001260,Hackney South and Shoreditch,TMS,Thames Water,Water company,0
E14001261,Halesowen,SSC,South Staffordshire Water,Water company,0
E14001261,Halesowen,SVE,Severn Trent Water,Water company,0
E14001262,Halifax,YKY,Yorkshire Water,Water company,0
E14001263,Hamble Valley,SRN,Southern Water,Water company,0
E14001263,Hamble Valley,PRT,Portsmouth Water,Water company,0
E14001264,Hammersmith and Chiswick,TMS,Thames Water,Water company,0
E14001265,Hampstead and Highgate,TMS,Thames Water,Water company,0
E14001265,Hampstead and Highgate,AFW,Affinity Water,Water company,0
E14001266,"Harborough, Oadby and Wigston",SVE,Severn Trent Water,Water company,0
E14001267,Harlow,AFW,Affinity Water,Water company,0
E14001267,Harlow,TMS,Thames Water,Water company,0
E14001268,Harpenden and Berkhamsted,AFW,Affinity Water,Water company,0
E14001268,Harpenden and Berkhamsted,TMS,Thames Water,Water company,0
E14001269,Harrogate and Knaresborough,YKY,Yorkshire Water,Water company,0
E14001270,Harrow East,AFW,Affinity Water,Water company,0
E14001271,Harrow West,AFW,Affinity Water,Water company,0
E14001272,Hartlepool,ANH,Anglian Water,Water company,0
E14001272,Hartlepool,NES,Northumbrian Water,Water company,0
E14001273,Harwich and North Essex,AFW,Affinity Water,Water company,0
E14001273,Harwich and North Essex,ANH,Anglian Water,Water company,0
E14001274,Hastings and Rye,SRN,Southern Water,Water company,0
E14001274,Hastings and Rye,SEW,South East Water,Water company,0
E14001275,Havant,PRT,Portsmouth Water,Water company,0
E14001276,Hayes and Harlington,AFW,Affinity Water,Water company,0
E14001277,Hazel Grove,UUW,United Utilities,Water company,0
E14001278,Hemel Hempstead,AFW,Affinity Water,Water company,0
E14001279,Hendon,AFW,Affinity Water,Water company,0
E14001279,Hendon,TMS,Thames Water,Water company,0
E14001280,Henley and Thame,TMS,Thames Water,Water company,0
E14001281,Hereford and South Herefordshire,WSH,Dŵr Cymru,Water company,0
E14001281,Hereford and South Herefordshire,SVE,Severn Trent Water,Water company,0
E14001282,Herne Bay and Sandwich,SRN,Southern Water,Water company,0
E14001282,Herne Bay and Sandwich,SEW,South East Water,Water company,0
E14001283,Hertford and Stortford,AFW,Affinity Water,Water company,0
E14001283,Hertford and Stortford,TMS,Thames Water,Water company,0
E14001284,Hertsmere,AFW,Affinity Water,Water company,0
E14001284,Hertsmere,TMS,Thames Water,Water company,0
E14001285,Hexham,NES,Northumbrian Water,Water company,0
E14001285,Hexham,UUW,United Utilities,Water company,0
E14001286,Heywood and Middleton North,UUW,United Utilities,Water company,0
E14001287,High Peak,UUW,United Utilities,Water company,0
E14001287,High Peak,SVE,Severn Trent Water,Water company,0
E14001288,Hinckley and Bosworth,SVE,Severn Trent Water,Water company,0
E14001288,Hinckley and Bosworth,SSC,South Staffordshire Water,Water company,0
E14001289,Hitchin,AFW,Affinity Water,Water company,0
E14001289,Hitchin,ANH,Anglian Water,Water company,0
E14001290,Holborn and St Pancras,TMS,Thames Water,Water company,0
E14001291,Honiton and Sidmouth,SBB,South West Water,Water company,0
E14001291,Honiton and Sidmouth,WSX,Wessex Water,Water company,0
E14001292,Hornchurch and Upminster,NES,Essex and Suffolk Water (part of Northumbrian Water),Water company,0
E14001293,Hornsey and Friern Barnet,TMS,Thames Water,Water company,0
E14001293,Hornsey and Friern Barnet,AFW,Affinity Water,Water company,0
E14001294,Horsham,SRN,Southern Water,Water company,0
E14001294,Horsham,TMS,Thames Water,Water company,0
E14001294,Horsham,SEW,South East Water,Water company,0
E14001294,Horsham,SES,Sutton & East Surrey Water,Water company,0
E14001295,Houghton and Sunderland South,NES,Northumbrian Water,Water company,0
E14001296,Hove and Portslade,SRN,Southern Water,Water company,0
E14001297,Huddersfield,YKY,Yorkshire Water,Water company,0
E14001298,Huntingdon,ANH,Anglian Water,Water company,0
E14001298,Huntingdon,SSC,Cambridge Water (part of South Staffs Water),Water company,0
E14001299,Hyndburn,UUW,United Utilities,Water company,0
E14001300,Ilford North,TMS,Thames Water,Water company,0
E14001300,Ilford North,NES,Essex and Suffolk Water (part of Northumbrian Water),Water company,0
E14001301,Ilford South,NES,Essex and Suffolk Water (part of Northumbrian Water),Water company,0
E14001301,Ilford South,TMS,Thames Water,Water company,0
E14001302,Ipswich,ANH,Anglian Water,Water company,0
E14001303,Isle of Wight East,SRN,Southern Water,Water company,0
E14001304,Isle of Wight West,SRN,Southern Water,Water company,0
E14001305,Islington North,TMS,Thames Water,Water company,0
E14001306,Islington South and Finsbury,TMS,Thames Water,Water company,0
E14001307,Jarrow and Gateshead East,NES,Northumbrian Water,Water company,0
E14001308,Keighley and Ilkley,YKY,Yorkshire Water,Water company,0
E14001309,Kenilworth and Southam,SVE,Severn Trent Water,Water company,0
E14001309,Kenilworth and Southam,ANH,Anglian Water,Water company,0
E14001310,Kensington and Bayswater,TMS,Thames Water,Water company,0
E14001311,Kettering,ANH,Anglian Water,Water company,0
E14001312,Kingston and Surbiton,TMS,Thames Water,Water company,0
E14001312,Kingston and Surbiton,SES,Sutton & East Surrey Water,Water company,0
E14001313,Kingston upon Hull East,YKY,Yorkshire Water,Water company,0
E14001314,Kingston upon Hull North and Cottingham,YKY,Yorkshire Water,Water company,0
E14001315,Kingston upon Hull West and Haltemprice,YKY,Yorkshire Water,Water company,0
E14001316,Kingswinford and South Staffordshire,SVE,Severn Trent Water,Water company,0
E14001316,Kingswinford and South Staffordshire,SSC,South Staffordshire Water,Water company,0
E14001317,Knowsley,UUW,United Utilities,Water company,0
E14001318,Lancaster and Wyre,UUW,United Utilities,Water company,0
E14001319,Leeds Central and Headingley,YKY,Yorkshire Water,Water company,0
E14001320,Leeds East,YKY,Yorkshire Water,Water company,0
E14001321,Leeds North East,YKY,Yorkshire Water,Water company,0
E14001322,Leeds North West,YKY,Yorkshire Water,Water company,0
E14001323,Leeds South,YKY,Yorkshire Water,Water company,0
E14001324,Leeds South West and Morley,YKY,Yorkshire Water,Water company,0
E14001325,Leeds West and Pudsey,YKY,Yorkshire Water,Water company,0
E14001326,Leicester East,SVE,Severn Trent Water,Water company,0
E14001327,Leicester South,SVE,Severn Trent Water,Water company,0
E14001328,Leicester West,SVE,Severn Trent Water,Water company,0
E14001329,Leigh and Atherton,UUW,United Utilities,Water company,0
E14001330,Lewes,SEW,South East Water,Water company,0
E14001330,Lewes,SRN,Southern Water,Water company,0
E14001331,Lewisham East,TMS,Thames Water,Water company,0
E14001332,Lewisham North,TMS,Thames Water,Water company,0
E14001333,Lewisham West and East Dulwich,TMS,Thames Water,Water company,0
E14001334,Leyton and Wanstead,TMS,Thames Water,Water company,0
E14001335,Lichfield,SSC,South Staffordshire Water,Water company,0
E14001336,Lincoln,ANH,Anglian Water,Water company,0
E14001337,Liverpool Garston,UUW,United Utilities,Water company,0
E14001338,Liverpool Riverside,UUW,United Utilities,Water company,0
E14001339,Liverpool Walton,UUW,United Utilities,Water company,0
E14001340,Liverpool Wavertree,UUW,United Utilities,Water company,0
E14001341,Liverpool West Derby,UUW,United Utilities,Water company,0
W07000098,Llanelli,WSH,Dŵr Cymru,Water company,0
E14001342,Loughborough,SVE,Severn Trent Water,Water company,0
E14001343,Louth and Horncastle,ANH,Anglian Water,Water company,0
E14001344,Lowestoft,NES,Essex and Suffolk Water (part of Northumbrian Water),Water company,0
E14001344,Lowestoft,ANH,Anglian Water,Water company,0
E14001345,Luton North,AFW,Affinity Water,Water company,0
E14001345,Luton North,ANH,Anglian Water,Water company,0
E14001346,Luton South and South Bedfordshire,AFW,Affinity Water,Water company,0
E14001346,Luton South and South Bedfordshire,ANH,Anglian Water,Water company,0
E14001347,Macclesfield,UUW,United Utilities,Water company,0
E14001348,Maidenhead,SEW,South East Water,Water company,0
E14001348,Maidenhead,AFW,Affinity Water,Water company,0
E14001348,Maidenhead,TMS,Thames Water,Water company,0
E14001349,Maidstone and Malling,SEW,South East Water,Water company,0
E14001350,Makerfield,UUW,United Utilities,Water company,0
E14001351,Maldon,NES,Essex and Suffolk Water (part of Northumbrian Water),Water company,0
E14001351,Maldon,ANH,Anglian Water,Water company,0
E14001352,Manchester Central,UUW,United Utilities,Water company,0
E14001353,Manchester Rusholme,UUW,United Utilities,Water company,0
E14001354,Manchester Withington,UUW,United Utilities,Water company,0
E14001355,Mansfield,SVE,Severn Trent Water,Water company,0
E14001356,Melksham and Devizes,WSX,Wessex Water,Water company,0
E14001357,Melton and Syston,SVE,Severn Trent Water,Water company,0
E14001357,Melton and Syston,ANH,Anglian Water,Water company,0
E14001358,Meriden and Solihull East,SVE,Severn Trent Water,Water company,0
W07000099,Merthyr Tydfil and Aberdare,WSH,Dŵr Cymru,Water company,0
E14001359,Mid Bedfordshire,ANH,Anglian Water,Water company,0
E14001359,Mid Bedfordshire,AFW,Affinity Water,Water company,0
E14001360,Mid Buckinghamshire,TMS,Thames Water,Water company,0
E14001360,Mid Buckinghamshire,AFW,Affinity Water,Water company,0
E14001360,Mid Buckinghamshire,ANH,Anglian Water,Water company,0
E14001361,Mid Cheshire,UUW,United Utilities,Water company,0
E14001362,Mid Derbyshire,SVE,Severn Trent Water,Water company,0
E14001363,Mid Dorset and North Poole,WSX,Wessex Water,Water company,0
E14001363,Mid Dorset and North Poole,SBB,Bournemouth Water (part of South West Water),Water company,0
E14001364,Mid Leicestershire,SVE,Severn Trent Water,Water company,0
E14001365,Mid Norfolk,ANH,Anglian Water,Water company,0
E14001366,Mid Sussex,SEW,South East Water,Water company,0
E14001366,Mid Sussex,SRN,Southern Water,Water company,0
W07000100,Mid and South Pembrokeshire,WSH,Dŵr Cymru,Water company,0
E14001368,Middlesbrough South and East Cleveland,NES,Northumbrian Water,Water company,0
E14001368,Middlesbrough South and East Cleveland,YKY,Yorkshire Water,Water company,0
E14001367,Middlesbrough and Thornaby East,NES,Northumbrian Water,Water company,0
E14001369,Milton Keynes Central,ANH,Anglian Water,Water company,0
E14001370,Milton Keynes North,ANH,Anglian Water,Water company,0
E14001371,Mitcham and Morden,TMS,Thames Water,Water company,0
E14001371,Mitcham and Morden,SES,Sutton & East Surrey Water,Water company,0
W07000101,Monmouthshire,WSH,Dŵr Cymru,Water company,0
W07000101,Monmouthshire,SVE,Severn Trent Water,Water company,0
W07000102,Montgomeryshire and Glyndwr,HDD,Hafren Dyfrdwy,Water company,0
W07000102,Montgomeryshire and Glyndwr,SVE,Severn Trent Water,Water company,0
W07000102,Montgomeryshire and Glyndwr,WSH,Dŵr Cymru,Water company,0
E14001372,Morecambe and Lunesdale,UUW,United Utilities,Water company,0
E14001372,Morecambe and Lunesdale,YKY,Yorkshire Water,Water company,0
W07000103,Neath and Swansea East,WSH,Dŵr Cymru,Water company,0
E14001373,New Forest East,SRN,Southern Water,Water company,0
E14001373,New Forest East,SBB,Bournemouth Water (part of South West Water),Water company,0
E14001373,New Forest East,SBB,South West Water,Water company,0
E14001374,New Forest West,SBB,Bournemouth Water (part of South West Water),Water company,0
E14001375,Newark,SVE,Severn Trent Water,Water company,0
E14001375,Newark,ANH,Anglian Water,Water company,0
E14001376,Newbury,TMS,Thames Water,Water company,0
E14001377,Newcastle upon Tyne Central and West,NES,Northumbrian Water,Water company,0
E14001378,Newcastle upon Tyne East and Wallsend,NES,Northumbrian Water,Water company,0
E14001379,Newcastle upon Tyne North,NES,Northumbrian Water,Water company,0
E14001380,Newcastle-under-Lyme,SVE,Severn Trent Water,Water company,0
E14001380,Newcastle-under-Lyme,UUW,United Utilities,Water company,0
W07000104,Newport East,WSH,Dŵr Cymru,Water company,0
W07000105,Newport West and Islwyn,WSH,Dŵr Cymru,Water company,0
E14001381,Newton Abbot,SBB,South West Water,Water company,0
E14001382,Newton Aycliffe and Spennymoor,NES,Northumbrian Water,Water company,0
E14001383,Normanton and Hemsworth,YKY,Yorkshire Water,Water company,0
E14001384,North Bedfordshire,ANH,Anglian Water,Water company,0
E14001384,North Bedfordshire,SSC,Cambridge Water (part of South Staffs Water),Water company,0
E14001385,North Cornwall,SBB,South West Water,Water company,0
E14001386,North Cotswolds,SVE,Severn Trent Water,Water company,0
E14001386,North Cotswolds,TMS,Thames Water,Water company,0
E14001387,North Devon,SBB,South West Water,Water company,0
E14001388,North Dorset,WSX,Wessex Water,Water company,0
E14001388,North Dorset,SBB,Bournemouth Water (part of South West Water),Water company,0
E14001389,North Durham,NES,Northumbrian Water,Water company,0
E14001390,North East Cambridgeshire,ANH,Anglian Water,Water company,0
E14001390,North East Cambridgeshire,SSC,Cambridge Water (part of South Staffs Water),Water company,0
E14001391,North East Derbyshire,SVE,Severn Trent Water,Water company,0
E14001391,North East Derbyshire,YKY,Yorkshire Water,Water company,0
E14001392,North East Hampshire,SEW,South East Water,Water company,0
E14001392,North East Hampshire,TMS,Thames Water,Water company,0
E14001393,North East Hertfordshire,AFW,Affinity Water,Water company,0
E14001393,North East Hertfordshire,ANH,Anglian Water,Water company,0
E14001394,North East Somerset and Hanham,SBB,Bristol Water (part of South West Water),Water company,0
E14001394,North East Somerset and Hanham,WSX,Wessex Water,Water company,0
E14001395,North Herefordshire,WSH,Dŵr Cymru,Water company,0
E14001395,North Herefordshire,SVE,Severn Trent Water,Water company,0
E14001396,North Norfolk,ANH,Anglian Water,Water company,0
E14001397,North Northumberland,NES,Northumbrian Water,Water company,0
E14001398,North Shropshire,SVE,Severn Trent Water,Water company,0
E14001399,North Somerset,SBB,Bristol Water (part of South West Water),Water company,0
E14001400,North Warwickshire and Bedworth,SVE,Severn Trent Water,Water company,0
E14001400,North Warwickshire and Bedworth,SSC,South Staffordshire Water,Water company,0
E14001401,North West Cambridgeshire,ANH,Anglian Water,Water company,0
E14001401,North West Cambridgeshire,SSC,Cambridge Water (part of South Staffs Water),Water company,0
E14001402,North West Essex,AFW,Affinity Water,Water company,0
E14001402,North West Essex,NES,Essex and Suffolk Water (part of Northumbrian Water),Water company,0
E14001402,North West Essex,SSC,Cambridge Water (part of South Staffs Water),Water company,0
E14001403,North West Hampshire,SRN,Southern Water,Water company,0
E14001403,North West Hampshire,SEW,South East Water,Water company,0
E14001403,North West Hampshire,TMS,Thames Water,Water company,0
E14001403,North West Hampshire,WSX,Wessex Water,Water company,0
E14001404,North West Leicestershire,SVE,Severn Trent Water,Water company,0
E14001405,North West Norfolk,ANH,Anglian Water,Water company,0
E14001406,Northampton North,ANH,Anglian Water,Water company,0
E14001407,Northampton South,ANH,Anglian Water,Water company,0
E14001408,Norwich North,ANH,Anglian Water,Water company,0
E14001409,Norwich South,ANH,Anglian Water,Water company,0
E14001410,Nottingham East,SVE,Severn Trent Water,Water company,0
E14001411,Nottingham North and Kimberley,SVE,Severn Trent Water,Water company,0
E14001412,Nottingham South,SVE,Severn Trent Water,Water company,0
E14001413,Nuneaton,SVE,Severn Trent Water,Water company,0
E14001414,Old Bexley and Sidcup,TMS,Thames Water,Water company,0
E14001415,Oldham East and Saddleworth,UUW,United Utilities,Water company,0
E14001416,"Oldham West, Chadderton and Royton",UUW,United Utilities,Water company,0
E14001417,Orpington,TMS,Thames Water,Water company,0
E14001418,Ossett and Denby Dale,YKY,Yorkshire Water,Water company,0
E14001419,Oxford East,TMS,Thames Water,Water company,0
E14001420,Oxford West and Abingdon,TMS,Thames Water,Water company,0
E14001421,Peckham,TMS,Thames Water,Water company,0
E14001422,Pendle and Clitheroe,UUW,United Utilities,Water company,0
E14001422,Pendle and Clitheroe,YKY,Yorkshire Water,Water company,0
E14001423,Penistone and Stocksbridge,YKY,Yorkshire Water,Water company,0
E14001424,Penrith and Solway,UUW,United Utilities,Water company,0
E14001425,Peterborough,ANH,Anglian Water,Water company,0
E14001426,Plymouth Moor View,SBB,South West Water,Water company,0
E14001427,Plymouth Sutton and Devonport,SBB,South West Water,Water company,0
E14001428,"Pontefract, Castleford and Knottingley",YKY,Yorkshire Water,Water company,0
W07000106,Pontypridd,WSH,Dŵr Cymru,Water company,0
E14001429,Poole,WSX,Wessex Water,Water company,0
E14001429,Poole,SBB,Bournemouth Water (part of South West Water),Water company,0
E14001430,Poplar and Limehouse,TMS,Thames Water,Water company,0
E14001431,Portsmouth North,PRT,Portsmouth Water,Water company,0
E14001432,Portsmouth South,PRT,Portsmouth Water,Water company,0
E14001433,Preston,UUW,United Utilities,Water company,0
E14001434,Putney,TMS,Thames Water,Water company,0
E14001435,Queen's Park and Maida Vale,TMS,Thames Water,Water company,0
E14001436,Rawmarsh and Conisbrough,YKY,Yorkshire Water,Water company,0
E14001437,Rayleigh and Wickford,NES,Essex and Suffolk Water (part of Northumbrian Water),Water company,0
E14001438,Reading Central,TMS,Thames Water,Water company,0
E14001439,Reading West and Mid Berkshire,TMS,Thames Water,Water company,0
E14001440,Redcar,NES,Northumbrian Water,Water company,0
E14001441,Redditch,SVE,Severn Trent Water,Water company,0
E14001442,Reigate,SES,Sutton & East Surrey Water,Water company,0
W07000107,Rhondda and Ogmore,WSH,Dŵr Cymru,Water company,0
E14001443,Ribble Valley,UUW,United Utilities,Water company,0
E14001443,Ribble Valley,YKY,Yorkshire Water,Water company,0
E14001445,Richmond Park,TMS,Thames Water,Water company,0
E14001444,Richmond and Northallerton,YKY,Yorkshire Water,Water company,0
E14001444,Richmond and Northallerton,NES,Northumbrian Water,Water company,0
E14001446,Rochdale,UUW,United Utilities,Water company,0
E14001446,Rochdale,YKY,Yorkshire Water,Water company,0
E14001447,Rochester and Strood,SRN,Southern Water,Water company,0
E14001447,Rochester and Strood,SEW,South East Water,Water company,0
E14001448,Romford,NES,Essex and Suffolk Water (part of Northumbrian Water),Water company,0
E14001449,Romsey and Southampton North,SRN,Southern Water,Water company,0
E14001449,Romsey and Southampton North,SBB,Bournemouth Water (part of South West Water),Water company,0
E14001449,Romsey and Southampton North,WSX,Wessex Water,Water company,0
E14001450,Rossendale and Darwen,UUW,United Utilities,Water company,0
E14001450,Rossendale and Darwen,YKY,Yorkshire Water,Water company,0
E14001451,Rother Valley,YKY,Yorkshire Water,Water company,0
E14001451,Rother Valley,SVE,Severn Trent Water,Water company,0
E14001452,Rotherham,YKY,Yorkshire Water,Water company,0
E14001453,Rugby,SVE,Severn Trent Water,Water company,0
E14001454,"Ruislip, Northwood and Pinner",AFW,Affinity Water,Water company,0
E14001455,Runcorn and Helsby,UUW,United Utilities,Water company,0
E14001455,Runcorn and Helsby,SVE,Severn Trent Water,Water company,0
E14001456,Runnymede and Weybridge,AFW,Affinity Water,Water company,0
E14001456,Runnymede and Weybridge,SES,Sutton & East Surrey Water,Water company,0
E14001457,Rushcliffe,SVE,Severn Trent Water,Water company,0
E14001458,Rutland and Stamford,SVE,Severn Trent Water,Water company,0
E14001458,Rutland and Stamford,ANH,Anglian Water,Water company,0
E14001459,Salford,UUW,United Utilities,Water company,0
E14001460,Salisbury,WSX,Wessex Water,Water company,0
E14001460,Salisbury,SBB,Bournemouth Water (part of South West Water),Water company,0
E14001460,Salisbury,SRN,Southern Water,Water company,0
E14001461,Scarborough and Whitby,YKY,Yorkshire Water,Water company,0
E14001462,Scunthorpe,ANH,Anglian Water,Water company,0
E14001463,Sefton Central,UUW,United Utilities,Water company,0
E14001464,Selby,YKY,Yorkshire Water,Water company,0
E14001465,Sevenoaks,TMS,Thames Water,Water company,0
E14001465,Sevenoaks,SEW,South East Water,Water company,0
E14001465,Sevenoaks,SES,Sutton & East Surrey Water,Water company,0
E14001466,Sheffield Brightside and Hillsborough,YKY,Yorkshire Water,Water company,0
E14001467,Sheffield Central,YKY,Yorkshire Water,Water company,0
E14001468,Sheffield Hallam,YKY,Yorkshire Water,Water company,0
E14001468,Sheffield Hallam,SVE,Severn Trent Water,Water company,0
E14001469,Sheffield Heeley,YKY,Yorkshire Water,Water company,0
E14001470,Sheffield South East,YKY,Yorkshire Water,Water company,0
E14001470,Sheffield South East,SVE,Severn Trent Water,Water company,0
E14001471,Sherwood Forest,SVE,Severn Trent Water,Water company,0
E14001472,Shipley,YKY,Yorkshire Water,Water company,0
E14001473,Shrewsbury,SVE,Severn Trent Water,Water company,0
E14001474,Sittingbourne and Sheppey,SRN,Southern Water,Water company,0
E14001474,Sittingbourne and Sheppey,SEW,South East Water,Water company,0
E14001475,Skipton and Ripon,YKY,Yorkshire Water,Water company,0
E14001475,Skipton and Ripon,UUW,United Utilities,Water company,0
E14001476,Sleaford and North Hykeham,ANH,Anglian Water,Water company,0
E14001477,Slough,TMS,Thames Water,Water company,0
E14001477,Slough,AFW,Affinity Water,Water company,0
E14001478,Smethwick,SSC,South Staffordshire Water,Water company,0
E14001478,Smethwick,SVE,Severn Trent Water,Water company,0
E14001479,Solihull West and Shirley,SVE,Severn Trent Water,Water company,0
E14001480,South Basildon and East Thurrock,NES,Essex and Suffolk Water (part of Northumbrian Water),Water company,0
E14001481,South Cambridgeshire,SSC,Cambridge Water (part of South Staffs Water),Water company,0
E14001481,South Cambridgeshire,AFW,Affinity Water,Water company,0
E14001481,South Cambridgeshire,ANH,Anglian Water,Water company,0
E14001482,South Cotswolds,TMS,Thames Water,Water company,0
E14001482,South Cotswolds,WSX,Wessex Water,Water company,0
E14001482,South Cotswolds,SBB,Bristol Water (part of South West Water),Water company,0
E14001482,South Cotswolds,SVE,Severn Trent Water,Water company,0
E14001483,South Derbyshire,SVE,Severn Trent Water,Water company,0
E14001483,South Derbyshire,SSC,South Staffordshire Water,Water company,0
E14001484,South Devon,SBB,South West Water,Water company,0
E14001485,South Dorset,WSX,Wessex Water,Water company,0
E14001486,South East Cornwall,SBB,South West Water,Water company,0
E14001487,South Holland and The Deepings,ANH,Anglian Water,Water company,0
E14001488,South Leicestershire,SVE,Severn Trent Water,Water company,0
E14001489,South Norfolk,ANH,Anglian Water,Water company,0
E14001489,South Norfolk,NES,Essex and Suffolk Water (part of Northumbrian Water),Water company,0
E14001490,South Northamptonshire,ANH,Anglian Water,Water company,0
E14001490,South Northamptonshire,TMS,Thames Water,Water company,0
E14001491,South Ribble,UUW,United Utilities,Water company,0
E14001492,South Shields,NES,Northumbrian Water,Water company,0
E14001493,South Shropshire,SVE,Severn Trent Water,Water company,0
E14001493,South Shropshire,WSH,Dŵr Cymru,Water company,0
E14001493,South Shropshire,SSC,South Staffordshire Water,Water company,0
E14001494,South Suffolk,ANH,Anglian Water,Water company,0
E14001495,South West Devon,SBB,South West Water,Water company,0
E14001496,South West Hertfordshire,AFW,Affinity Water,Water company,0
E14001497,South West Norfolk,ANH,Anglian Water,Water company,0
E14001498,South West Wiltshire,WSX,Wessex Water,Water company,0
E14001498,South West Wiltshire,SBB,Bristol Water (part of South West Water),Water company,0
E14001499,Southampton Itchen,SRN,Southern Water,Water company,0
E14001500,Southampton Test,SRN,Southern Water,Water company,0
E14001501,Southend East and Rochford,NES,Essex and Suffolk Water (part of Northumbrian Water),Water company,0
E14001502,Southend West and Leigh,NES,Essex and Suffolk Water (part of Northumbrian Water),Water company,0
E14001503,Southgate and Wood Green,TMS,Thames Water,Water company,0
E14001503,Southgate and Wood Green,AFW,Affinity Water,Water company,0
E14001504,Southport,UUW,United Utilities,Water company,0
E14001505,Spelthorne,AFW,Affinity Water,Water company,0
E14001505,Spelthorne,TMS,Thames Water,Water company,0
E14001506,Spen Valley,YKY,Yorkshire Water,Water company,0
E14001507,St Albans,AFW,Affinity Water,Water company,0
E14001508,St Austell and Newquay,SBB,South West Water,Water company,0
E14001509,St Helens North,UUW,United Utilities,Water company,0
E14001510,St Helens South and Whiston,UUW,United Utilities,Water company,0
E14001511,St Ives,SBB,South West Water,Water company,0
E14001512,St Neots and Mid Cambridgeshire,SSC,Cambridge Water (part of South Staffs Water),Water company,0
E14001512,St Neots and Mid Cambridgeshire,ANH,Anglian Water,Water company,0
E14001513,Stafford,SVE,Severn Trent Water,Water company,0
E14001513,Stafford,SSC,South Staffordshire Water,Water company,0
E14001514,Staffordshire Moorlands,SVE,Severn Trent Water,Water company,0
E14001514,Staffordshire Moorlands,SSC,South Staffordshire Water,Water company,0
E14001514,Staffordshire Moorlands,UUW,United Utilities,Water company,0
E14001515,Stalybridge and Hyde,UUW,United Utilities,Water company,0
E14001516,Stevenage,AFW,Affinity Water,Water company,0
E14001517,Stockport,UUW,United Utilities,Water company,0
E14001518,Stockton North,NES,Northumbrian Water,Water company,0
E14001518,Stockton North,ANH,Anglian Water,Water company,0
E14001519,Stockton West,NES,Northumbrian Water,Water company,0
E14001520,Stoke-on-Trent Central,SVE,Severn Trent Water,Water company,0
E14001521,Stoke-on-Trent North,SVE,Severn Trent Water,Water company,0
E14001521,Stoke-on-Trent North,UUW,United Utilities,Water company,0
E14001522,Stoke-on-Trent South,SVE,Severn Trent Water,Water company,0
E14001523,"Stone, Great Wyrley and Penkridge",SVE,Severn Trent Water,Water company,0
E14001523,"Stone, Great Wyrley and Penkridge",SSC,South Staffordshire Water,Water company,0
E14001524,Stourbridge,SVE,Severn Trent Water,Water company,0
E14001524,Stourbridge,SSC,South Staffordshire Water,Water company,0
E14001525,Stratford and Bow,TMS,Thames Water,Water company,0
E14001526,Stratford-on-Avon,SVE,Severn Trent Water,Water company,0
E14001526,Stratford-on-Avon,TMS,Thames Water,Water company,0
E14001527,Streatham and Croydon North,TMS,Thames Water,Water company,0
E14001528,Stretford and Urmston,UUW,United Utilities,Water company,0
E14001529,Stroud,SVE,Severn Trent Water,Water company,0
E14001529,Stroud,SBB,Bristol Water (part of South West Water),Water company,0
E14001530,Suffolk Coastal,ANH,Anglian Water,Water company,0
E14001530,Suffolk Coastal,NES,Essex and Suffolk Water (part of Northumbrian Water),Water company,0
E14001531,Sunderland Central,NES,Northumbrian Water,Water company,0
E14001532,Surrey Heath,SEW,South East Water,Water company,0
E14001532,Surrey Heath,AFW,Affinity Water,Water company,0
E14001533,Sussex Weald,SEW,South East Water,Water company,0
E14001533,Sussex Weald,SES,Sutton & East Surrey Water,Water company,0
E14001535,Sutton Coldfield,SSC,South Staffordshire Water,Water company,0
E14001535,Sutton Coldfield,SVE,Severn Trent Water,Water company,0
E14001534,Sutton and Cheam,SES,Sutton & East Surrey Water,Water company,0
E14001534,Sutton and Cheam,TMS,Thames Water,Water company,0
W07000108,Swansea West,WSH,Dŵr Cymru,Water company,0
E14001536,Swindon North,TMS,Thames Water,Water company,0
E14001537,Swindon South,TMS,Thames Water,Water company,0
E14001538,Tamworth,SSC,South Staffordshire Water,Water company,0
E14001538,Tamworth,SVE,Severn Trent Water,Water company,0
E14001539,Tatton,UUW,United Utilities,Water company,0
E14001540,Taunton and Wellington,WSX,Wessex Water,Water company,0
E14001540,Taunton and Wellington,SBB,South West Water,Water company,0
E14001541,Telford,SVE,Severn Trent Water,Water company,0
E14001542,Tewkesbury,SVE,Severn Trent Water,Water company,0
E14001542,Tewkesbury,TMS,Thames Water,Water company,0
E14001543,The Wrekin,SVE,Severn Trent Water,Water company,0
E14001544,Thirsk and Malton,YKY,Yorkshire Water,Water company,0
E14001544,Thirsk and Malton,NES,Northumbrian Water,Water company,0
E14001545,Thornbury and Yate,SBB,Bristol Water (part of South West Water),Water company,0
E14001545,Thornbury and Yate,SVE,Severn Trent Water,Water company,0
E14001545,Thornbury and Yate,WSX,Wessex Water,Water company,0
E14001546,Thurrock,NES,Essex and Suffolk Water (part of Northumbrian Water),Water company,0
E14001547,Tipton and Wednesbury,SSC,South Staffordshire Water,Water company,0
E14001547,Tipton and Wednesbury,SVE,Severn Trent Water,Water company,0
E14001548,Tiverton and Minehead,WSX,Wessex Water,Water company,0
E14001548,Tiverton and Minehead,SBB,South West Water,Water company,0
E14001549,Tonbridge,SEW,South East Water,Water company,0
E14001549,Tonbridge,SES,Sutton & East Surrey Water,Water company,0
E14001549,Tonbridge,TMS,Thames Water,Water company,0
E14001550,Tooting,TMS,Thames Water,Water company,0
E14001551,Torbay,SBB,South West Water,Water company,0
W07000109,Torfaen,WSH,Dŵr Cymru,Water company,0
E14001552,Torridge and Tavistock,SBB,South West Water,Water company,0
E14001553,Tottenham,TMS,Thames Water,Water company,0
E14001554,Truro and Falmouth,SBB,South West Water,Water company,0
E14001555,Tunbridge Wells,SEW,South East Water,Water company,0
E14001556,Twickenham,TMS,Thames Water,Water company,0
E14001557,Tynemouth,NES,Northumbrian Water,Water company,0
E14001558,Uxbridge and South Ruislip,AFW,Affinity Water,Water company,0
W07000110,Vale of Glamorgan,WSH,Dŵr Cymru,Water company,0
E14001559,Vauxhall and Camberwell Green,TMS,Thames Water,Water company,0
E14001560,Wakefield and Rothwell,YKY,Yorkshire Water,Water company,0
E14001561,Wallasey,UUW,United Utilities,Water company,0
E14001562,Walsall and Bloxwich,SSC,South Staffordshire Water,Water company,0
E14001562,Walsall and Bloxwich,SVE,Severn Trent Water,Water company,0
E14001563,Walthamstow,TMS,Thames Water,Water company,0
E14001564,Warrington North,UUW,United Utilities,Water company,0
E14001565,Warrington South,UUW,United Utilities,Water company,0
E14001566,Warwick and Leamington,SVE,Severn Trent Water,Water company,0
E14001567,Washington and Gateshead South,NES,Northumbrian Water,Water company,0
E14001568,Watford,AFW,Affinity Water,Water company,0
E14001569,Waveney Valley,ANH,Anglian Water,Water company,0
E14001569,Waveney Valley,NES,Essex and Suffolk Water (part of Northumbrian Water),Water company,0
E14001570,Weald of Kent,SEW,South East Water,Water company,0
E14001571,Wellingborough and Rushden,ANH,Anglian Water,Water company,0
E14001572,Wells and Mendip Hills,SBB,Bristol Water (part of South West Water),Water company,0
E14001572,Wells and Mendip Hills,WSX,Wessex Water,Water company,0
E14001573,Welwyn Hatfield,AFW,Affinity Water,Water company,0
E14001574,West Bromwich,SSC,South Staffordshire Water,Water company,0
E14001574,West Bromwich,SVE,Severn Trent Water,Water company,0
E14001575,West Dorset,WSX,Wessex Water,Water company,0
E14001575,West Dorset,SBB,South West Water,Water company,0
E14001576,West Ham and Beckton,TMS,Thames Water,Water company,0
E14001577,West Lancashire,UUW,United Utilities,Water company,0
E14001578,West Suffolk,ANH,Anglian Water,Water company,0
E14001579,West Worcestershire,SVE,Severn Trent Water,Water company,0
E14001579,West Worcestershire,WSH,Dŵr Cymru,Water company,0
E14001580,Westmorland and Lonsdale,UUW,United Utilities,Water company,0
E14001581,Weston-Super-Mare,SBB,Bristol Water (part of South West Water),Water company,0
E14001582,Wetherby and Easingwold,YKY,Yorkshire Water,Water company,0
E14001583,Whitehaven and Workington,UUW,United Utilities,Water company,0
E14001584,Widnes and Halewood,UUW,United Utilities,Water company,0
E14001585,Wigan,UUW,United Utilities,Water company,0
E14001586,Wimbledon,TMS,Thames Water,Water company,0
E14001586,Wimbledon,SES,Sutton & East Surrey Water,Water company,0
E14001587,Winchester,SRN,Southern Water,Water company,0
E14001587,Winchester,PRT,Portsmouth Water,Water company,0
E14001587,Winchester,SEW,South East Water,Water company,0
E14001588,Windsor,TMS,Thames Water,Water company,0
E14001588,Windsor,AFW,Affinity Water,Water company,0
E14001588,Windsor,SEW,South East Water,Water company,0
E14001589,Wirral West,UUW,United Utilities,Water company,0
E14001590,Witham,ANH,Anglian Water,Water company,0
E14001590,Witham,NES,Essex and Suffolk Water (part of Northumbrian Water),Water company,0
E14001590,Witham,NES,Northumbrian Water,Water company,0
E14001591,Witney,TMS,Thames Water,Water company,0
E14001592,Woking,AFW,Affinity Water,Water company,0
E14001593,Wokingham,SEW,South East Water,Water company,0
E14001593,Wokingham,TMS,Thames Water,Water company,0
E14001594,Wolverhampton North East,SVE,Severn Trent Water,Water company,0
E14001595,Wolverhampton South East,SVE,Severn Trent Water,Water company,0
E14001595,Wolverhampton South East,SSC,South Staffordshire Water,Water company,0
E14001596,Wolverhampton West,SVE,Severn Trent Water,Water company,0
E14001597,Worcester,SVE,Severn Trent Water,Water company,0
E14001598,Worsley and Eccles,UUW,United Utilities,Water company,0
E14001599,Worthing West,SRN,Southern Water,Water company,0
W07000111,Wrexham,HDD,Hafren Dyfrdwy,Water company,0
W07000111,Wrexham,SVE,Severn Trent Water,Water company,0
E14001600,Wycombe,TMS,Thames Water,Water company,0
E14001600,Wycombe,AFW,Affinity Water,Water company,0
E14001601,Wyre Forest,SVE,Severn Trent Water,Water company,0
E14001601,Wyre Forest,SSC,South Staffordshire Water,Water company,0
E14001602,Wythenshawe and Sale East,UUW,United Utilities,Water company,0
E14001603,Yeovil,WSX,Wessex Water,Water company,0
E14001603,Yeovil,SBB,South West Water,Water company,0
W07000112,Ynys Môn,WSH,Dŵr Cymru,Water company,0
E14001604,York Central,YKY,Yorkshire Water,Water company,0
E14001605,York Outer,YKY,Yorkshire Water,Water company,0
W07000081,Aberafan Maesteg,WSH,Dŵr Cymru,Sewerage company,0
E14001063,Aldershot,TMS,Thames Water,Sewerage company,0
E14001064,Aldridge-Brownhills,SVE,Severn Trent Water,Sewerage company,0
E14001065,Altrincham and Sale West,UUW,United Utilities,Sewerage company,0
W07000082,Alyn and Deeside,WSH,Dŵr Cymru,Sewerage company,0
E14001066,Amber Valley,SVE,Severn Trent Water,Sewerage company,0
E14001067,Arundel and South Downs,SRN,Southern Water,Sewerage company,0
E14001067,Arundel and South Downs,TMS,Thames Water,Sewerage company,0
E14001068,Ashfield,SVE,Severn Trent Water,Sewerage company,0
E14001068,Ashfield,YKY,Yorkshire Water,Sewerage company,0
E14001069,Ashford,SRN,Southern Water,Sewerage company,0
E14001070,Ashton-under-Lyne,UUW,United Utilities,Sewerage company,0
E14001071,Aylesbury,TMS,Thames Water,Sewerage company,0
E14001071,Aylesbury,ANH,Anglian Water,Sewerage company,0
E14001072,Banbury,TMS,Thames Water,Sewerage company,0
E14001072,Banbury,SVE,Severn Trent Water,Sewerage company,0
E14001072,Banbury,ANH,Anglian Water,Sewerage company,0
W07000083,Bangor Aberconwy,WSH,Dŵr Cymru,Sewerage company,0
E14001073,Barking,TMS,Thames Water,Sewerage company,0
E14001074,Barnsley North,YKY,Yorkshire Water,Sewerage company,0
E14001075,Barnsley South,YKY,Yorkshire Water,Sewerage company,0
E14001076,Barrow and Furness,UUW,United Utilities,Sewerage company,0
E14001077,Basildon and Billericay,ANH,Anglian Water,Sewerage company,0
E14001078,Basingstoke,TMS,Thames Water,Sewerage company,0
E14001078,Basingstoke,SRN,Southern Water,Sewerage company,0
E14001079,Bassetlaw,SVE,Severn Trent Water,Sewerage company,0
E14001080,Bath,WSX,Wessex Water,Sewerage company,0
E14001081,Battersea,TMS,Thames Water,Sewerage company,0
E14001082,Beaconsfield,TMS,Thames Water,Sewerage company,0
E14001083,Beckenham and Penge,TMS,Thames Water,Sewerage company,0
E14001084,Bedford,ANH,Anglian Water,Sewerage company,0
E14001085,Bermondsey and Old Southwark,TMS,Thames Water,Sewerage company,0
E14001086,Bethnal Green and Stepney,TMS,Thames Water,Sewerage company,0
E14001087,Beverley and Holderness,YKY,Yorkshire Water,Sewerage company,0
E14001088,Bexhill and Battle,SRN,Southern Water,Sewerage company,0
E14001089,Bexleyheath and Crayford,TMS,Thames Water,Sewerage company,0
E14001090,Bicester and Woodstock,TMS,Thames Water,Sewerage company,0
E14001090,Bicester and Woodstock,ANH,Anglian Water,Sewerage company,0
E14001091,Birkenhead,UUW,United Utilities,Sewerage company,0
E14001092,Birmingham Edgbaston,SVE,Severn Trent Water,Sewerage company,0
E14001093,Birmingham Erdington,SVE,Severn Trent Water,Sewerage company,0
E14001094,Birmingham Hall Green and Moseley,SVE,Severn Trent Water,Sewerage company,0
E14001095,Birmingham Hodge Hill and Solihull North,SVE,Severn Trent Water,Sewerage company,0
E14001096,Birmingham Ladywood,SVE,Severn Trent Water,Sewerage company,0
E14001097,Birmingham Northfield,SVE,Severn Trent Water,Sewerage company,0
E14001098,Birmingham Perry Barr,SVE,Severn Trent Water,Sewerage company,0
E14001099,Birmingham Selly Oak,SVE,Severn Trent Water,Sewerage company,0
E14001100,Birmingham Yardley,SVE,Severn Trent Water,Sewerage company,0
E14001101,Bishop Auckland,NES,Northumbrian Water,Sewerage company,0
E14001101,Bishop Auckland,YKY,Yorkshire Water,Sewerage company,0
E14001102,Blackburn,UUW,United Utilities,Sewerage company,0
E14001103,Blackley and Middleton South,UUW,United Utilities,Sewerage company,0
E14001104,Blackpool North and Fleetwood,UUW,United Utilities,Sewerage company,0
E14001105,Blackpool South,UUW,United Utilities,Sewerage company,0
W07000084,Blaenau Gwent and Rhymney,WSH,Dŵr Cymru,Sewerage company,0
E14001106,Blaydon and Consett,NES,Northumbrian Water,Sewerage company,0
E14001107,Blyth and Ashington,NES,Northumbrian Water,Sewerage company,0
E14001108,Bognor Regis and Littlehampton,SRN,Southern Water,Sewerage company,0
E14001109,Bolsover,SVE,Severn Trent Water,Sewerage company,0
E14001109,Bolsover,YKY,Yorkshire Water,Sewerage company,0
E14001110,Bolton North East,UUW,United Utilities,Sewerage company,0
E14001111,Bolton South and Walkden,UUW,United Utilities,Sewerage company,0
E14001112,Bolton West,UUW,United Utilities,Sewerage company,0
E14001113,Bootle,UUW,United Utilities,Sewerage company,0
E14001114,Boston and Skegness,ANH,Anglian Water,Sewerage company,0
E14001115,Bournemouth East,WSX,Wessex Water,Sewerage company,0
E14001116,Bournemouth West,WSX,Wessex Water,Sewerage company,0
E14001117,Bracknell,TMS,Thames Water,Sewerage company,0
E14001118,Bradford East,YKY,Yorkshire Water,Sewerage company,0
E14001119,Bradford South,YKY,Yorkshire Water,Sewerage company,0
E14001120,Bradford West,YKY,Yorkshire Water,Sewerage company,0
E14001121,Braintree,ANH,Anglian Water,Sewerage company,0
W07000085,"Brecon, Radnor and Cwm Tawe",WSH,Dŵr Cymru,Sewerage company,0
W07000085,"Brecon, Radnor and Cwm Tawe",HDD,Hafren Dyfrdwy,Sewerage company,0
E14001122,Brent East,TMS,Thames Water,Sewerage company,0
E14001123,Brent West,TMS,Thames Water,Sewerage company,0
E14001124,Brentford and Isleworth,TMS,Thames Water,Sewerage company,0
E14001125,Brentwood and Ongar,ANH,Anglian Water,Sewerage company,0
E14001125,Brentwood and Ongar,TMS,Thames Water,Sewerage company,0
W07000086,Bridgend,WSH,Dŵr Cymru,Sewerage company,0
E14001126,Bridgwater,WSX,Wessex Water,Sewerage company,0
E14001127,Bridlington and The Wolds,YKY,Yorkshire Water,Sewerage company,0
E14001128,Brigg and Immingham,ANH,Anglian Water,Sewerage company,0
E14001128,Brigg and Immingham,SVE,Severn Trent Water,Sewerage company,0
E14001129,Brighton Kemptown and Peacehaven,SRN,Southern Water,Sewerage company,0
E14001130,Brighton Pavilion,SRN,Southern Water,Sewerage company,0
E14001131,Bristol Central,WSX,Wessex Water,Sewerage company,0
E14001132,Bristol East,WSX,Wessex Water,Sewerage company,0
E14001133,Bristol North East,WSX,Wessex Water,Sewerage company,0
E14001134,Bristol North West,WSX,Wessex Water,Sewerage company,0
E14001135,Bristol South,WSX,Wessex Water,Sewerage company,0
E14001136,Broadland and Fakenham,ANH,Anglian Water,Sewerage company,0
E14001137,Bromley and Biggin Hill,TMS,Thames Water,Sewerage company,0
E14001138,Bromsgrove,SVE,Severn Trent Water,Sewerage company,0
E14001139,Broxbourne,TMS,Thames Water,Sewerage company,0
E14001140,Broxtowe,SVE,Severn Trent Water,Sewerage company,0
E14001141,Buckingham and Bletchley,ANH,Anglian Water,Sewerage company,0
E14001141,Buckingham and Bletchley,TMS,Thames Water,Sewerage company,0
E14001142,Burnley,UUW,United Utilities,Sewerage company,0
E14001142,Burnley,YKY,Yorkshire Water,Sewerage company,0
E14001143,Burton and Uttoxeter,SVE,Severn Trent Water,Sewerage company,0
E14001144,Bury North,UUW,United Utilities,Sewerage company,0
E14001145,Bury South,UUW,United Utilities,Sewerage company,0
E14001146,Bury St Edmunds and Stowmarket,ANH,Anglian Water,Sewerage company,0
W07000087,Caerfyrddin,WSH,Dŵr Cymru,Sewerage company,0
W07000088,Caerphilly,WSH,Dŵr Cymru,Sewerage company,0
E14001147,Calder Valley,YKY,Yorkshire Water,Sewerage company,0
E14001148,Camborne and Redruth,SBB,South West Water,Sewerage company,0
E14001149,Cambridge,ANH,Anglian Water,Sewerage company,0
E14001150,Cannock Chase,SVE,Severn Trent Water,Sewerage company,0
E14001151,Canterbury,SRN,Southern Water,Sewerage company,0
W07000089,Cardiff East,WSH,Dŵr Cymru,Sewerage company,0
W07000090,Cardiff North,WSH,Dŵr Cymru,Sewerage company,0
W07000091,Cardiff South and Penarth,WSH,Dŵr Cymru,Sewerage company,0
W07000092,Cardiff West,WSH,Dŵr Cymru,Sewerage company,0
E14001152,Carlisle,UUW,United Utilities,Sewerage company,0
E14001152,Carlisle,NES,Northumbrian Water,Sewerage company,0
E14001153,Carshalton and Wallington,TMS,Thames Water,Sewerage company,0
E14001154,Castle Point,ANH,Anglian Water,Sewerage company,0
E14001155,Central Devon,SBB,South West Water,Sewerage company,0
E14001156,Central Suffolk and North Ipswich,ANH,Anglian Water,Sewerage company,0
W07000093,Ceredigion Preseli,WSH,Dŵr Cymru,Sewerage company,0
E14001157,Chatham and Aylesford,SRN,Southern Water,Sewerage company,0
E14001158,Cheadle,UUW,United Utilities,Sewerage company,0
E14001159,Chelmsford,ANH,Anglian Water,Sewerage company,0
E14001160,Chelsea and Fulham,TMS,Thames Water,Sewerage company,0
E14001161,Cheltenham,SVE,Severn Trent Water,Sewerage company,0
E14001162,Chesham and Amersham,TMS,Thames Water,Sewerage company,0
E14001163,Chester North and Neston,WSH,Dŵr Cymru,Sewerage company,0
E14001163,Chester North and Neston,UUW,United Utilities,Sewerage company,0
E14001164,Chester South and Eddisbury,UUW,United Utilities,Sewerage company,0
E14001164,Chester South and Eddisbury,WSH,Dŵr Cymru,Sewerage company,0
E14001165,Chesterfield,YKY,Yorkshire Water,Sewerage company,0
E14001166,Chichester,SRN,Southern Water,Sewerage company,0
E14001167,Chingford and Woodford Green,TMS,Thames Water,Sewerage company,0
E14001168,Chippenham,WSX,Wessex Water,Sewerage company,0
E14001168,Chippenham,TMS,Thames Water,Sewerage company,0
E14001169,Chipping Barnet,TMS,Thames Water,Sewerage company,0
E14001170,Chorley,UUW,United Utilities,Sewerage company,0
E14001171,Christchurch,WSX,Wessex Water,Sewerage company,0
E14001172,Cities of London and Westminster,TMS,Thames Water,Sewerage company,0
E14001173,City of Durham,NES,Northumbrian Water,Sewerage company,0
E14001174,Clacton,ANH,Anglian Water,Sewerage company,0
E14001175,Clapham and Brixton Hill,TMS,Thames Water,Sewerage company,0
W07000094,Clwyd East,WSH,Dŵr Cymru,Sewerage company,0
W07000095,Clwyd North,WSH,Dŵr Cymru,Sewerage company,0
E14001176,Colchester,ANH,Anglian Water,Sewerage company,0
E14001177,Colne Valley,YKY,Yorkshire Water,Sewerage company,0
E14001178,Congleton,UUW,United Utilities,Sewerage company,0
E14001179,Corby and East Northamptonshire,ANH,Anglian Water,Sewerage company,0
E14001180,Coventry East,SVE,Severn Trent Water,Sewerage company,0
E14001181,Coventry North West,SVE,Severn Trent Water,Sewerage company,0
E14001182,Coventry South,SVE,Severn Trent Water,Sewerage company,0
E14001183,Cramlington and Killingworth,NES,Northumbrian Water,Sewerage company,0
E14001184,Crawley,TMS,Thames Water,Sewerage company,0
E14001185,Crewe and Nantwich,UUW,United Utilities,Sewerage company,0
E14001186,Croydon East,TMS,Thames Water,Sewerage company,0
E14001187,Croydon South,TMS,Thames Water,Sewerage company,0
E14001188,Croydon West,TMS,Thames Water,Sewerage company,0
E14001189,Dagenham and Rainham,TMS,Thames Water,Sewerage company,0
E14001189,Dagenham and Rainham,ANH,Anglian Water,Sewerage company,0
E14001190,Darlington,NES,Northumbrian Water,Sewerage company,0
E14001191,Dartford,TMS,Thames Water,Sewerage company,0
E14001191,Dartford,SRN,Southern Water,Sewerage company,0
E14001192,Daventry,ANH,Anglian Water,Sewerage company,0
E14001192,Daventry,SVE,Severn Trent Water,Sewerage company,0
E14001192,Daventry,TMS,Thames Water,Sewerage company,0
E14001193,Derby North,SVE,Severn Trent Water,Sewerage company,0
E14001194,Derby South,SVE,Severn Trent Water,Sewerage company,0
E14001195,Derbyshire Dales,SVE,Severn Trent Water,Sewerage company,0
E14001195,Derbyshire Dales,YKY,Yorkshire Water,Sewerage company,0
E14001196,Dewsbury and Batley,YKY,Yorkshire Water,Sewerage company,0
E14001197,Didcot and Wantage,TMS,Thames Water,Sewerage company,0
E14001198,Doncaster Central,YKY,Yorkshire Water,Sewerage company,0
E14001198,Doncaster Central,SVE,Severn Trent Water,Sewerage company,0
E14001199,Doncaster East and the Isle of Axholme,SVE,Severn Trent Water,Sewerage company,0
E14001199,Doncaster East and the Isle of Axholme,YKY,Yorkshire Water,Sewerage company,0
E14001199,Doncaster East and the Isle of Axholme,ANH,Anglian Water,Sewerage company,0
E14001200,Doncaster North,YKY,Yorkshire Water,Sewerage company,0
E14001200,Doncaster North,SVE,Severn Trent Water,Sewerage company,0
E14001201,Dorking and Horley,TMS,Thames Water,Sewerage company,0
E14001201,Dorking and Horley,SRN,Southern Water,Sewerage company,0
E14001202,Dover and Deal,SRN,Southern Water,Sewerage company,0
E14001203,Droitwich and Evesham,SVE,Severn Trent Water,Sewerage company,0
E14001204,Dudley,SVE,Severn Trent Water,Sewerage company,0
E14001205,Dulwich and West Norwood,TMS,Thames Water,Sewerage company,0
E14001206,Dunstable and Leighton Buzzard,ANH,Anglian Water,Sewerage company,0
E14001206,Dunstable and Leighton Buzzard,TMS,Thames Water,Sewerage company,0
W07000096,Dwyfor Meirionnydd,WSH,Dŵr Cymru,Sewerage company,0
E14001207,Ealing Central and Acton,TMS,Thames Water,Sewerage company,0
E14001208,Ealing North,TMS,Thames Water,Sewerage company,0
E14001209,Ealing Southall,TMS,Thames Water,Sewerage company,0
E14001210,Earley and Woodley,TMS,Thames Water,Sewerage company,0
E14001211,Easington,NES,Northumbrian Water,Sewerage company,0
E14001212,East Grinstead and Uckfield,SRN,Southern Water,Sewerage company,0
E14001212,East Grinstead and Uckfield,TMS,Thames Water,Sewerage company,0
E14001213,East Ham,TMS,Thames Water,Sewerage company,0
E14001214,East Hampshire,SRN,Southern Water,Sewerage company,0
E14001214,East Hampshire,TMS,Thames Water,Sewerage company,0
E14001215,East Surrey,TMS,Thames Water,Sewerage company,0
E14001215,East Surrey,SRN,Southern Water,Sewerage company,0
E14001216,East Thanet,SRN,Southern Water,Sewerage company,0
E14001217,East Wiltshire,WSX,Wessex Water,Sewerage company,0
E14001217,East Wiltshire,TMS,Thames Water,Sewerage company,0
E14001217,East Wiltshire,SRN,Southern Water,Sewerage company,0
E14001218,East Worthing and Shoreham,SRN,Southern Water,Sewerage company,0
E14001219,Eastbourne,SRN,Southern Water,Sewerage company,0
E14001220,Eastleigh,SRN,Southern Water,Sewerage company,0
E14001221,Edmonton and Winchmore Hill,TMS,Thames Water,Sewerage company,0
E14001222,Ellesmere Port and Bromborough,UUW,United Utilities,Sewerage company,0
E14001223,Eltham and Chislehurst,TMS,Thames Water,Sewerage company,0
E14001224,Ely and East Cambridgeshire,ANH,Anglian Water,Sewerage company,0
E14001225,Enfield North,TMS,Thames Water,Sewerage company,0
E14001226,Epping Forest,TMS,Thames Water,Sewerage company,0
E14001227,Epsom and Ewell,TMS,Thames Water,Sewerage company,0
E14001228,Erewash,SVE,Severn Trent Water,Sewerage company,0
E14001229,Erith and Thamesmead,TMS,Thames Water,Sewerage company,0
E14001230,Esher and Walton,TMS,Thames Water,Sewerage company,0
E14001231,Exeter,SBB,South West Water,Sewerage company,0
E14001232,Exmouth and Exeter East,SBB,South West Water,Sewerage company,0
E14001233,Fareham and Waterlooville,SRN,Southern Water,Sewerage company,0
E14001234,Farnham and Bordon,TMS,Thames Water,Sewerage company,0
E14001234,Farnham and Bordon,SRN,Southern Water,Sewerage company,0
E14001235,Faversham and Mid Kent,SRN,Southern Water,Sewerage company,0
E14001236,Feltham and Heston,TMS,Thames Water,Sewerage company,0
E14001237,Filton and Bradley Stoke,WSX,Wessex Water,Sewerage company,0
E14001238,Finchley and Golders Green,TMS,Thames Water,Sewerage company,0
E14001239,Folkestone and Hythe,SRN,Southern Water,Sewerage company,0
E14001240,Forest of Dean,SVE,Severn Trent Water,Sewerage company,0
E14001240,Forest of Dean,WSH,Dŵr Cymru,Sewerage company,0
E14001241,Frome and East Somerset,WSX,Wessex Water,Sewerage company,0
E14001242,Fylde,UUW,United Utilities,Sewerage company,0
E14001243,Gainsborough,ANH,Anglian Water,Sewerage company,0
E14001243,Gainsborough,SVE,Severn Trent Water,Sewerage company,0
E14001244,Gateshead Central and Whickham,NES,Northumbrian Water,Sewerage company,0
E14001245,Gedling,SVE,Severn Trent Water,Sewerage company,0
E14001246,Gillingham and Rainham,SRN,Southern Water,Sewerage company,0
E14001247,Glastonbury and Somerton,WSX,Wessex Water,Sewerage company,0
E14001248,Gloucester,SVE,Severn Trent Water,Sewerage company,0
E14001249,Godalming and Ash,TMS,Thames Water,Sewerage company,0
E14001249,Godalming and Ash,SRN,Southern Water,Sewerage company,0
E14001250,Goole and Pocklington,YKY,Yorkshire Water,Sewerage company,0
E14001250,Goole and Pocklington,SVE,Severn Trent Water,Sewerage company,0
E14001251,Gorton and Denton,UUW,United Utilities,Sewerage company,0
E14001252,Gosport,SRN,Southern Water,Sewerage company,0
W07000097,Gower,WSH,Dŵr Cymru,Sewerage company,0
E14001253,Grantham and Bourne,ANH,Anglian Water,Sewerage company,0
E14001253,Grantham and Bourne,SVE,Severn Trent Water,Sewerage company,0
E14001254,Gravesham,SRN,Southern Water,Sewerage company,0
E14001255,Great Grimsby and Cleethorpes,ANH,Anglian Water,Sewerage company,0
E14001256,Great Yarmouth,ANH,Anglian Water,Sewerage company,0
E14001257,Greenwich and Woolwich,TMS,Thames Water,Sewerage company,0
E14001258,Guildford,TMS,Thames Water,Sewerage company,0
E14001259,Hackney North and Stoke Newington,TMS,Thames Water,Sewerage company,0
E14001260,Hackney South and Shoreditch,TMS,Thames Water,Sewerage company,0
E14001261,Halesowen,SVE,Severn Trent Water,Sewerage company,0
E14001262,Halifax,YKY,Yorkshire Water,Sewerage company,0
E14001263,Hamble Valley,SRN,Southern Water,Sewerage company,0
E14001264,Hammersmith and Chiswick,TMS,Thames Water,Sewerage company,0
E14001265,Hampstead and Highgate,TMS,Thames Water,Sewerage company,0
E14001266,"Harborough, Oadby and Wigston",SVE,Severn Trent Water,Sewerage company,0
E14001266,"Harborough, Oadby and Wigston",ANH,Anglian Water,Sewerage company,0
E14001267,Harlow,TMS,Thames Water,Sewerage company,0
E14001268,Harpenden and Berkhamsted,TMS,Thames Water,Sewerage company,0
E14001269,Harrogate and Knaresborough,YKY,Yorkshire Water,Sewerage company,0
E14001270,Harrow East,TMS,Thames Water,Sewerage company,0
E14001271,Harrow West,TMS,Thames Water,Sewerage company,0
E14001272,Hartlepool,NES,Northumbrian Water,Sewerage company,0
E14001273,Harwich and North Essex,ANH,Anglian Water,Sewerage company,0
E14001274,Hastings and Rye,SRN,Southern Water,Sewerage company,0
E14001275,Havant,SRN,Southern Water,Sewerage company,0
E14001276,Hayes and Harlington,TMS,Thames Water,Sewerage company,0
E14001277,Hazel Grove,UUW,United Utilities,Sewerage company,0
E14001278,Hemel Hempstead,TMS,Thames Water,Sewerage company,0
E14001279,Hendon,TMS,Thames Water,Sewerage company,0
E14001280,Henley and Thame,TMS,Thames Water,Sewerage company,0
E14001281,Hereford and South Herefordshire,WSH,Dŵr Cymru,Sewerage company,0
E14001281,Hereford and South Herefordshire,SVE,Severn Trent Water,Sewerage company,0
E14001282,Herne Bay and Sandwich,SRN,Southern Water,Sewerage company,0
E14001283,Hertford and Stortford,TMS,Thames Water,Sewerage company,0
E14001284,Hertsmere,TMS,Thames Water,Sewerage company,0
E14001285,Hexham,NES,Northumbrian Water,Sewerage company,0
E14001285,Hexham,UUW,United Utilities,Sewerage company,0
E14001286,Heywood and Middleton North,UUW,United Utilities,Sewerage company,0
E14001287,High Peak,UUW,United Utilities,Sewerage company,0
E14001287,High Peak,SVE,Severn Trent Water,Sewerage company,0
E14001288,Hinckley and Bosworth,SVE,Severn Trent Water,Sewerage company,0
E14001289,Hitchin,ANH,Anglian Water,Sewerage company,0
E14001289,Hitchin,TMS,Thames Water,Sewerage company,0
E14001290,Holborn and St Pancras,TMS,Thames Water,Sewerage company,0
E14001291,Honiton and Sidmouth,SBB,South West Water,Sewerage company,0
E14001291,Honiton and Sidmouth,WSX,Wessex Water,Sewerage company,0
E14001292,Hornchurch and Upminster,TMS,Thames Water,Sewerage company,0
E14001292,Hornchurch and Upminster,ANH,Anglian Water,Sewerage company,0
E14001293,Hornsey and Friern Barnet,TMS,Thames Water,Sewerage company,0
E14001294,Horsham,SRN,Southern Water,Sewerage company,0
E14001294,Horsham,TMS,Thames Water,Sewerage company,0
E14001295,Houghton and Sunderland South,NES,Northumbrian Water,Sewerage company,0
E14001296,Hove and Portslade,SRN,Southern Water,Sewerage company,0
E14001297,Huddersfield,YKY,Yorkshire Water,Sewerage company,0
E14001298,Huntingdon,ANH,Anglian Water,Sewerage company,0
E14001299,Hyndburn,UUW,United Utilities,Sewerage company,0
E14001300,Ilford North,TMS,Thames Water,Sewerage company,0
E14001301,Ilford South,TMS,Thames Water,Sewerage company,0
E14001302,Ipswich,ANH,Anglian Water,Sewerage company,0
E14001303,Isle of Wight East,SRN,Southern Water,Sewerage company,0
E14001304,Isle of Wight West,SRN,Southern Water,Sewerage company,0
E14001305,Islington North,TMS,Thames Water,Sewerage company,0
E14001306,Islington South and Finsbury,TMS,Thames Water,Sewerage company,0
E14001307,Jarrow and Gateshead East,NES,Northumbrian Water,Sewerage company,0
E14001308,Keighley and Ilkley,YKY,Yorkshire Water,Sewerage company,0
E14001309,Kenilworth and Southam,SVE,Severn Trent Water,Sewerage company,0
E14001309,Kenilworth and Southam,TMS,Thames Water,Sewerage company,0
E14001310,Kensington and Bayswater,TMS,Thames Water,Sewerage company,0
E14001311,Kettering,ANH,Anglian Water,Sewerage company,0
E14001312,Kingston and Surbiton,TMS,Thames Water,Sewerage company,0
E14001313,Kingston upon Hull East,YKY,Yorkshire Water,Sewerage company,0
E14001314,Kingston upon Hull North and Cottingham,YKY,Yorkshire Water,Sewerage company,0
E14001315,Kingston upon Hull West and Haltemprice,YKY,Yorkshire Water,Sewerage company,0
E14001316,Kingswinford and South Staffordshire,SVE,Severn Trent Water,Sewerage company,0
E14001317,Knowsley,UUW,United Utilities,Sewerage company,0
E14001318,Lancaster and Wyre,UUW,United Utilities,Sewerage company,0
E14001319,Leeds Central and Headingley,YKY,Yorkshire Water,Sewerage company,0
E14001320,Leeds East,YKY,Yorkshire Water,Sewerage company,0
E14001321,Leeds North East,YKY,Yorkshire Water,Sewerage company,0
E14001322,Leeds North West,YKY,Yorkshire Water,Sewerage company,0
E14001323,Leeds South,YKY,Yorkshire Water,Sewerage company,0
E14001324,Leeds South West and Morley,YKY,Yorkshire Water,Sewerage company,0
E14001325,Leeds West and Pudsey,YKY,Yorkshire Water,Sewerage company,0
E14001326,Leicester East,SVE,Severn Trent Water,Sewerage company,0
E14001327,Leicester South,SVE,Severn Trent Water,Sewerage company,0
E14001328,Leicester West,SVE,Severn Trent Water,Sewerage company,0
E14001329,Leigh and Atherton,UUW,United Utilities,Sewerage company,0
E14001330,Lewes,SRN,Southern Water,Sewerage company,0
E14001331,Lewisham East,TMS,Thames Water,Sewerage company,0
E14001332,Lewisham North,TMS,Thames Water,Sewerage company,0
E14001333,Lewisham West and East Dulwich,TMS,Thames Water,Sewerage company,0
E14001334,Leyton and Wanstead,TMS,Thames Water,Sewerage company,0
E14001335,Lichfield,SVE,Severn Trent Water,Sewerage company,0
E14001336,Lincoln,ANH,Anglian Water,Sewerage company,0
E14001337,Liverpool Garston,UUW,United Utilities,Sewerage company,0
E14001338,Liverpool Riverside,UUW,United Utilities,Sewerage company,0
E14001339,Liverpool Walton,UUW,United Utilities,Sewerage company,0
E14001340,Liverpool Wavertree,UUW,United Utilities,Sewerage company,0
E14001341,Liverpool West Derby,UUW,United Utilities,Sewerage company,0
W07000098,Llanelli,WSH,Dŵr Cymru,Sewerage company,0
E14001342,Loughborough,SVE,Severn Trent Water,Sewerage company,0
E14001343,Louth and Horncastle,ANH,Anglian Water,Sewerage company,0
E14001344,Lowestoft,ANH,Anglian Water,Sewerage company,0
E14001345,Luton North,TMS,Thames Water,Sewerage company,0
E14001345,Luton North,ANH,Anglian Water,Sewerage company,0
E14001346,Luton South and South Bedfordshire,TMS,Thames Water,Sewerage company,0
E14001346,Luton South and South Bedfordshire,ANH,Anglian Water,Sewerage company,0
E14001347,Macclesfield,UUW,United Utilities,Sewerage company,0
E14001348,Maidenhead,TMS,Thames Water,Sewerage company,0
E14001349,Maidstone and Malling,SRN,Southern Water,Sewerage company,0
E14001350,Makerfield,UUW,United Utilities,Sewerage company,0
E14001351,Maldon,ANH,Anglian Water,Sewerage company,0
E14001352,Manchester Central,UUW,United Utilities,Sewerage company,0
E14001353,Manchester Rusholme,UUW,United Utilities,Sewerage company,0
E14001354,Manchester Withington,UUW,United Utilities,Sewerage company,0
E14001355,Mansfield,SVE,Severn Trent Water,Sewerage company,0
E14001356,Melksham and Devizes,WSX,Wessex Water,Sewerage company,0
E14001356,Melksham and Devizes,TMS,Thames Water,Sewerage company,0
E14001357,Melton and Syston,SVE,Severn Trent Water,Sewerage company,0
E14001357,Melton and Syston,ANH,Anglian Water,Sewerage company,0
E14001358,Meriden and Solihull East,SVE,Severn Trent Water,Sewerage company,0
W07000099,Merthyr Tydfil and Aberdare,WSH,Dŵr Cymru,Sewerage company,0
E14001359,Mid Bedfordshire,ANH,Anglian Water,Sewerage company,0
E14001359,Mid Bedfordshire,TMS,Thames Water,Sewerage company,0
E14001360,Mid Buckinghamshire,TMS,Thames Water,Sewerage company,0
E14001360,Mid Buckinghamshire,ANH,Anglian Water,Sewerage company,0
E14001361,Mid Cheshire,UUW,United Utilities,Sewerage company,0
E14001362,Mid Derbyshire,SVE,Severn Trent Water,Sewerage company,0
E14001363,Mid Dorset and North Poole,WSX,Wessex Water,Sewerage company,0
E14001364,Mid Leicestershire,SVE,Severn Trent Water,Sewerage company,0
E14001365,Mid Norfolk,ANH,Anglian Water,Sewerage company,0
E14001366,Mid Sussex,SRN,Southern Water,Sewerage company,0
W07000100,Mid and South Pembrokeshire,WSH,Dŵr Cymru,Sewerage company,0
E14001368,Middlesbrough South and East Cleveland,NES,Northumbrian Water,Sewerage company,0
E14001368,Middlesbrough South and East Cleveland,YKY,Yorkshire Water,Sewerage company,0
E14001367,Middlesbrough and Thornaby East,NES,Northumbrian Water,Sewerage company,0
E14001369,Milton Keynes Central,ANH,Anglian Water,Sewerage company,0
E14001370,Milton Keynes North,ANH,Anglian Water,Sewerage company,0
E14001371,Mitcham and Morden,TMS,Thames Water,Sewerage company,0
W07000101,Monmouthshire,WSH,Dŵr Cymru,Sewerage company,0
W07000102,Montgomeryshire and Glyndwr,HDD,Hafren Dyfrdwy,Sewerage company,0
W07000102,Montgomeryshire and Glyndwr,WSH,Dŵr Cymru,Sewerage company,0
E14001372,Morecambe and Lunesdale,UUW,United Utilities,Sewerage company,0
W07000103,Neath and Swansea East,WSH,Dŵr Cymru,Sewerage company,0
E14001373,New Forest East,SRN,Southern Water,Sewerage company,0
E14001373,New Forest East,WSX,Wessex Water,Sewerage company,0
E14001374,New Forest West,SRN,Southern Water,Sewerage company,0
E14001374,New Forest West,WSX,Wessex Water,Sewerage company,0
E14001375,Newark,SVE,Severn Trent Water,Sewerage company,0
E14001375,Newark,ANH,Anglian Water,Sewerage company,0
E14001376,Newbury,TMS,Thames Water,Sewerage company,0
E14001376,Newbury,SRN,Southern Water,Sewerage company,0
E14001377,Newcastle upon Tyne Central and West,NES,Northumbrian Water,Sewerage company,0
E14001378,Newcastle upon Tyne East and Wallsend,NES,Northumbrian Water,Sewerage company,0
E14001379,Newcastle upon Tyne North,NES,Northumbrian Water,Sewerage company,0
E14001380,Newcastle-under-Lyme,SVE,Severn Trent Water,Sewerage company,0
E14001380,Newcastle-under-Lyme,UUW,United Utilities,Sewerage company,0
W07000104,Newport East,WSH,Dŵr Cymru,Sewerage company,0
W07000105,Newport West and Islwyn,WSH,Dŵr Cymru,Sewerage company,0
E14001381,Newton Abbot,SBB,South West Water,Sewerage company,0
E14001382,Newton Aycliffe and Spennymoor,NES,Northumbrian Water,Sewerage company,0
E14001383,Normanton and Hemsworth,YKY,Yorkshire Water,Sewerage company,0
E14001384,North Bedfordshire,ANH,Anglian Water,Sewerage company,0
E14001385,North Cornwall,SBB,South West Water,Sewerage company,0
E14001386,North Cotswolds,SVE,Severn Trent Water,Sewerage company,0
E14001386,North Cotswolds,TMS,Thames Water,Sewerage company,0
E14001387,North Devon,SBB,South West Water,Sewerage company,0
E14001387,North Devon,WSX,Wessex Water,Sewerage company,0
E14001388,North Dorset,WSX,Wessex Water,Sewerage company,0
E14001389,North Durham,NES,Northumbrian Water,Sewerage company,0
E14001390,North East Cambridgeshire,ANH,Anglian Water,Sewerage company,0
E14001391,North East Derbyshire,YKY,Yorkshire Water,Sewerage company,0
E14001391,North East Derbyshire,SVE,Severn Trent Water,Sewerage company,0
E14001392,North East Hampshire,TMS,Thames Water,Sewerage company,0
E14001392,North East Hampshire,SRN,Southern Water,Sewerage company,0
E14001393,North East Hertfordshire,ANH,Anglian Water,Sewerage company,0
E14001393,North East Hertfordshire,TMS,Thames Water,Sewerage company,0
E14001394,North East Somerset and Hanham,WSX,Wessex Water,Sewerage company,0
E14001395,North Herefordshire,WSH,Dŵr Cymru,Sewerage company,0
E14001395,North Herefordshire,SVE,Severn Trent Water,Sewerage company,0
E14001396,North Norfolk,ANH,Anglian Water,Sewerage company,0
E14001397,North Northumberland,NES,Northumbrian Water,Sewerage company,0
E14001398,North Shropshire,SVE,Severn Trent Water,Sewerage company,0
E14001398,North Shropshire,WSH,Dŵr Cymru,Sewerage company,0
E14001398,North Shropshire,UUW,United Utilities,Sewerage company,0
E14001399,North Somerset,WSX,Wessex Water,Sewerage company,0
E14001400,North Warwickshire and Bedworth,SVE,Severn Trent Water,Sewerage company,0
E14001401,North West Cambridgeshire,ANH,Anglian Water,Sewerage company,0
E14001402,North West Essex,ANH,Anglian Water,Sewerage company,0
E14001402,North West Essex,TMS,Thames Water,Sewerage company,0
E14001403,North West Hampshire,SRN,Southern Water,Sewerage company,0
E14001403,North West Hampshire,TMS,Thames Water,Sewerage company,0
E14001404,North West Leicestershire,SVE,Severn Trent Water,Sewerage company,0
E14001405,North West Norfolk,ANH,Anglian Water,Sewerage company,0
E14001406,Northampton North,ANH,Anglian Water,Sewerage company,0
E14001407,Northampton South,ANH,Anglian Water,Sewerage company,0
E14001408,Norwich North,ANH,Anglian Water,Sewerage company,0
E14001409,Norwich South,ANH,Anglian Water,Sewerage company,0
E14001410,Nottingham East,SVE,Severn Trent Water,Sewerage company,0
E14001411,Nottingham North and Kimberley,SVE,Severn Trent Water,Sewerage company,0
E14001412,Nottingham South,SVE,Severn Trent Water,Sewerage company,0
E14001413,Nuneaton,SVE,Severn Trent Water,Sewerage company,0
E14001414,Old Bexley and Sidcup,TMS,Thames Water,Sewerage company,0
E14001415,Oldham East and Saddleworth,UUW,United Utilities,Sewerage company,0
E14001416,"Oldham West, Chadderton and Royton",UUW,United Utilities,Sewerage company,0
E14001417,Orpington,TMS,Thames Water,Sewerage company,0
E14001418,Ossett and Denby Dale,YKY,Yorkshire Water,Sewerage company,0
E14001419,Oxford East,TMS,Thames Water,Sewerage company,0
E14001420,Oxford West and Abingdon,TMS,Thames Water,Sewerage company,0
E14001421,Peckham,TMS,Thames Water,Sewerage company,0
E14001422,Pendle and Clitheroe,UUW,United Utilities,Sewerage company,0
E14001422,Pendle and Clitheroe,YKY,Yorkshire Water,Sewerage company,0
E14001423,Penistone and Stocksbridge,YKY,Yorkshire Water,Sewerage company,0
E14001424,Penrith and Solway,UUW,United Utilities,Sewerage company,0
E14001424,Penrith and Solway,NES,Northumbrian Water,Sewerage company,0
E14001425,Peterborough,ANH,Anglian Water,Sewerage company,0
E14001426,Plymouth Moor View,SBB,South West Water,Sewerage company,0
E14001427,Plymouth Sutton and Devonport,SBB,South West Water,Sewerage company,0
E14001428,"Pontefract, Castleford and Knottingley",YKY,Yorkshire Water,Sewerage company,0
W07000106,Pontypridd,WSH,Dŵr Cymru,Sewerage company,0
E14001429,Poole,WSX,Wessex Water,Sewerage company,0
E14001430,Poplar and Limehouse,TMS,Thames Water,Sewerage company,0
E14001431,Portsmouth North,SRN,Southern Water,Sewerage company,0
E14001432,Portsmouth South,SRN,Southern Water,Sewerage company,0
E14001433,Preston,UUW,United Utilities,Sewerage company,0
E14001434,Putney,TMS,Thames Water,Sewerage company,0
E14001435,Queen's Park and Maida Vale,TMS,Thames Water,Sewerage company,0
E14001436,Rawmarsh and Conisbrough,YKY,Yorkshire Water,Sewerage company,0
E14001436,Rawmarsh and Conisbrough,SVE,Severn Trent Water,Sewerage company,0
E14001437,Rayleigh and Wickford,ANH,Anglian Water,Sewerage company,0
E14001438,Reading Central,TMS,Thames Water,Sewerage company,0
E14001439,Reading West and Mid Berkshire,TMS,Thames Water,Sewerage company,0
E14001440,Redcar,NES,Northumbrian Water,Sewerage company,0
E14001441,Redditch,SVE,Severn Trent Water,Sewerage company,0
E14001442,Reigate,TMS,Thames Water,Sewerage company,0
W07000107,Rhondda and Ogmore,WSH,Dŵr Cymru,Sewerage company,0
E14001443,Ribble Valley,UUW,United Utilities,Sewerage company,0
E14001445,Richmond Park,TMS,Thames Water,Sewerage company,0
E14001444,Richmond and Northallerton,YKY,Yorkshire Water,Sewerage company,0
E14001444,Richmond and Northallerton,NES,Northumbrian Water,Sewerage company,0
E14001446,Rochdale,UUW,United Utilities,Sewerage company,0
E14001446,Rochdale,YKY,Yorkshire Water,Sewerage company,0
E14001447,Rochester and Strood,SRN,Southern Water,Sewerage company,0
E14001448,Romford,TMS,Thames Water,Sewerage company,0
E14001449,Romsey and Southampton North,SRN,Southern Water,Sewerage company,0
E14001449,Romsey and Southampton North,WSX,Wessex Water,Sewerage company,0
E14001450,Rossendale and Darwen,UUW,United Utilities,Sewerage company,0
E14001451,Rother Valley,SVE,Severn Trent Water,Sewerage company,0
E14001451,Rother Valley,YKY,Yorkshire Water,Sewerage company,0
E14001452,Rotherham,YKY,Yorkshire Water,Sewerage company,0
E14001452,Rotherham,SVE,Severn Trent Water,Sewerage company,0
E14001453,Rugby,SVE,Severn Trent Water,Sewerage company,0
E14001454,"Ruislip, Northwood and Pinner",TMS,Thames Water,Sewerage company,0
E14001455,Runcorn and Helsby,UUW,United Utilities,Sewerage company,0
E14001455,Runcorn and Helsby,WSH,Dŵr Cymru,Sewerage company,0
E14001456,Runnymede and Weybridge,TMS,Thames Water,Sewerage company,0
E14001457,Rushcliffe,SVE,Severn Trent Water,Sewerage company,0
E14001458,Rutland and Stamford,ANH,Anglian Water,Sewerage company,0
E14001458,Rutland and Stamford,SVE,Severn Trent Water,Sewerage company,0
E14001459,Salford,UUW,United Utilities,Sewerage company,0
E14001460,Salisbury,WSX,Wessex Water,Sewerage company,0
E14001460,Salisbury,SRN,Southern Water,Sewerage company,0
E14001461,Scarborough and Whitby,YKY,Yorkshire Water,Sewerage company,0
E14001462,Scunthorpe,SVE,Severn Trent Water,Sewerage company,0
E14001462,Scunthorpe,ANH,Anglian Water,Sewerage company,0
E14001463,Sefton Central,UUW,United Utilities,Sewerage company,0
E14001464,Selby,YKY,Yorkshire Water,Sewerage company,0
E14001465,Sevenoaks,TMS,Thames Water,Sewerage company,0
E14001465,Sevenoaks,SRN,Southern Water,Sewerage company,0
E14001466,Sheffield Brightside and Hillsborough,YKY,Yorkshire Water,Sewerage company,0
E14001467,Sheffield Central,YKY,Yorkshire Water,Sewerage company,0
E14001468,Sheffield Hallam,YKY,Yorkshire Water,Sewerage company,0
E14001468,Sheffield Hallam,SVE,Severn Trent Water,Sewerage company,0
E14001469,Sheffield Heeley,YKY,Yorkshire Water,Sewerage company,0
E14001470,Sheffield South East,YKY,Yorkshire Water,Sewerage company,0
E14001471,Sherwood Forest,SVE,Severn Trent Water,Sewerage company,0
E14001472,Shipley,YKY,Yorkshire Water,Sewerage company,0
E14001473,Shrewsbury,SVE,Severn Trent Water,Sewerage company,0
E14001474,Sittingbourne and Sheppey,SRN,Southern Water,Sewerage company,0
E14001475,Skipton and Ripon,YKY,Yorkshire Water,Sewerage company,0
E14001475,Skipton and Ripon,UUW,United Utilities,Sewerage company,0
E14001476,Sleaford and North Hykeham,ANH,Anglian Water,Sewerage company,0
E14001476,Sleaford and North Hykeham,SVE,Severn Trent Water,Sewerage company,0
E14001477,Slough,TMS,Thames Water,Sewerage company,0
E14001478,Smethwick,SVE,Severn Trent Water,Sewerage company,0
E14001479,Solihull West and Shirley,SVE,Severn Trent Water,Sewerage company,0
E14001480,South Basildon and East Thurrock,ANH,Anglian Water,Sewerage company,0
E14001481,South Cambridgeshire,ANH,Anglian Water,Sewerage company,0
E14001482,South Cotswolds,TMS,Thames Water,Sewerage company,0
E14001482,South Cotswolds,WSX,Wessex Water,Sewerage company,0
E14001482,South Cotswolds,SVE,Severn Trent Water,Sewerage company,0
E14001483,South Derbyshire,SVE,Severn Trent Water,Sewerage company,0
E14001484,South Devon,SBB,South West Water,Sewerage company,0
E14001485,South Dorset,WSX,Wessex Water,Sewerage company,0
E14001486,South East Cornwall,SBB,South West Water,Sewerage company,0
E14001487,South Holland and The Deepings,ANH,Anglian Water,Sewerage company,0
E14001488,South Leicestershire,SVE,Severn Trent Water,Sewerage company,0
E14001488,South Leicestershire,ANH,Anglian Water,Sewerage company,0
E14001489,South Norfolk,ANH,Anglian Water,Sewerage company,0
E14001490,South Northamptonshire,ANH,Anglian Water,Sewerage company,0
E14001490,South Northamptonshire,TMS,Thames Water,Sewerage company,0
E14001491,South Ribble,UUW,United Utilities,Sewerage company,0
E14001492,South Shields,NES,Northumbrian Water,Sewerage company,0
E14001493,South Shropshire,SVE,Severn Trent Water,Sewerage company,0
E14001494,South Suffolk,ANH,Anglian Water,Sewerage company,0
E14001495,South West Devon,SBB,South West Water,Sewerage company,0
E14001496,South West Hertfordshire,TMS,Thames Water,Sewerage company,0
E14001497,South West Norfolk,ANH,Anglian Water,Sewerage company,0
E14001498,South West Wiltshire,WSX,Wessex Water,Sewerage company,0
E14001499,Southampton Itchen,SRN,Southern Water,Sewerage company,0
E14001500,Southampton Test,SRN,Southern Water,Sewerage company,0
E14001501,Southend East and Rochford,ANH,Anglian Water,Sewerage company,0
E14001502,Southend West and Leigh,ANH,Anglian Water,Sewerage company,0
E14001503,Southgate and Wood Green,TMS,Thames Water,Sewerage company,0
E14001504,Southport,UUW,United Utilities,Sewerage company,0
E14001505,Spelthorne,TMS,Thames Water,Sewerage company,0
E14001506,Spen Valley,YKY,Yorkshire Water,Sewerage company,0
E14001507,St Albans,TMS,Thames Water,Sewerage company,0
E14001508,St Austell and Newquay,SBB,South West Water,Sewerage company,0
E14001509,St Helens North,UUW,United Utilities,Sewerage company,0
E14001510,St Helens South and Whiston,UUW,United Utilities,Sewerage company,0
E14001511,St Ives,SBB,South West Water,Sewerage company,0
E14001512,St Neots and Mid Cambridgeshire,ANH,Anglian Water,Sewerage company,0
E14001513,Stafford,SVE,Severn Trent Water,Sewerage company,0
E14001513,Stafford,UUW,United Utilities,Sewerage company,0
E14001514,Staffordshire Moorlands,SVE,Severn Trent Water,Sewerage company,0
E14001514,Staffordshire Moorlands,UUW,United Utilities,Sewerage company,0
E14001515,Stalybridge and Hyde,UUW,United Utilities,Sewerage company,0
E14001516,Stevenage,TMS,Thames Water,Sewerage company,0
E14001516,Stevenage,ANH,Anglian Water,Sewerage company,0
E14001517,Stockport,UUW,United Utilities,Sewerage company,0
E14001518,Stockton North,NES,Northumbrian Water,Sewerage company,0
E14001519,Stockton West,NES,Northumbrian Water,Sewerage company,0
E14001520,Stoke-on-Trent Central,SVE,Severn Trent Water,Sewerage company,0
E14001521,Stoke-on-Trent North,SVE,Severn Trent Water,Sewerage company,0
E14001521,Stoke-on-Trent North,UUW,United Utilities,Sewerage company,0
E14001522,Stoke-on-Trent South,SVE,Severn Trent Water,Sewerage company,0
E14001523,"Stone, Great Wyrley and Penkridge",SVE,Severn Trent Water,Sewerage company,0
E14001524,Stourbridge,SVE,Severn Trent Water,Sewerage company,0
E14001525,Stratford and Bow,TMS,Thames Water,Sewerage company,0
E14001526,Stratford-on-Avon,SVE,Severn Trent Water,Sewerage company,0
E14001526,Stratford-on-Avon,TMS,Thames Water,Sewerage company,0
E14001527,Streatham and Croydon North,TMS,Thames Water,Sewerage company,0
E14001528,Stretford and Urmston,UUW,United Utilities,Sewerage company,0
E14001529,Stroud,SVE,Severn Trent Water,Sewerage company,0
E14001529,Stroud,WSX,Wessex Water,Sewerage company,0
E14001530,Suffolk Coastal,ANH,Anglian Water,Sewerage company,0
E14001531,Sunderland Central,NES,Northumbrian Water,Sewerage company,0
E14001532,Surrey Heath,TMS,Thames Water,Sewerage company,0
E14001533,Sussex Weald,SRN,Southern Water,Sewerage company,0
E14001535,Sutton Coldfield,SVE,Severn Trent Water,Sewerage company,0
E14001534,Sutton and Cheam,TMS,Thames Water,Sewerage company,0
W07000108,Swansea West,WSH,Dŵr Cymru,Sewerage company,0
E14001536,Swindon North,TMS,Thames Water,Sewerage company,0
E14001537,Swindon South,TMS,Thames Water,Sewerage company,0
E14001538,Tamworth,SVE,Severn Trent Water,Sewerage company,0
E14001539,Tatton,UUW,United Utilities,Sewerage company,0
E14001540,Taunton and Wellington,WSX,Wessex Water,Sewerage company,0
E14001540,Taunton and Wellington,SBB,South West Water,Sewerage company,0
E14001541,Telford,SVE,Severn Trent Water,Sewerage company,0
E14001542,Tewkesbury,SVE,Severn Trent Water,Sewerage company,0
E14001542,Tewkesbury,TMS,Thames Water,Sewerage company,0
E14001543,The Wrekin,SVE,Severn Trent Water,Sewerage company,0
E14001544,Thirsk and Malton,YKY,Yorkshire Water,Sewerage company,0
E14001545,Thornbury and Yate,WSX,Wessex Water,Sewerage company,0
E14001545,Thornbury and Yate,SVE,Severn Trent Water,Sewerage company,0
E14001546,Thurrock,ANH,Anglian Water,Sewerage company,0
E14001546,Thurrock,TMS,Thames Water,Sewerage company,0
E14001547,Tipton and Wednesbury,SVE,Severn Trent Water,Sewerage company,0
E14001548,Tiverton and Minehead,WSX,Wessex Water,Sewerage company,0
E14001548,Tiverton and Minehead,SBB,South West Water,Sewerage company,0
E14001549,Tonbridge,SRN,Southern Water,Sewerage company,0
E14001549,Tonbridge,TMS,Thames Water,Sewerage company,0
E14001550,Tooting,TMS,Thames Water,Sewerage company,0
E14001551,Torbay,SBB,South West Water,Sewerage company,0
W07000109,Torfaen,WSH,Dŵr Cymru,Sewerage company,0
E14001552,Torridge and Tavistock,SBB,South West Water,Sewerage company,0
E14001553,Tottenham,TMS,Thames Water,Sewerage company,0
E14001554,Truro and Falmouth,SBB,South West Water,Sewerage company,0
E14001555,Tunbridge Wells,SRN,Southern Water,Sewerage company,0
E14001556,Twickenham,TMS,Thames Water,Sewerage company,0
E14001557,Tynemouth,NES,Northumbrian Water,Sewerage company,0
E14001558,Uxbridge and South Ruislip,TMS,Thames Water,Sewerage company,0
W07000110,Vale of Glamorgan,WSH,Dŵr Cymru,Sewerage company,0
E14001559,Vauxhall and Camberwell Green,TMS,Thames Water,Sewerage company,0
E14001560,Wakefield and Rothwell,YKY,Yorkshire Water,Sewerage company,0
E14001561,Wallasey,UUW,United Utilities,Sewerage company,0
E14001562,Walsall and Bloxwich,SVE,Severn Trent Water,Sewerage company,0
E14001563,Walthamstow,TMS,Thames Water,Sewerage company,0
E14001564,Warrington North,UUW,United Utilities,Sewerage company,0
E14001565,Warrington South,UUW,United Utilities,Sewerage company,0
E14001566,Warwick and Leamington,SVE,Severn Trent Water,Sewerage company,0
E14001567,Washington and Gateshead South,NES,Northumbrian Water,Sewerage company,0
E14001568,Watford,TMS,Thames Water,Sewerage company,0
E14001569,Waveney Valley,ANH,Anglian Water,Sewerage company,0
E14001570,Weald of Kent,SRN,Southern Water,Sewerage company,0
E14001571,Wellingborough and Rushden,ANH,Anglian Water,Sewerage company,0
E14001572,Wells and Mendip Hills,WSX,Wessex Water,Sewerage company,0
E14001573,Welwyn Hatfield,TMS,Thames Water,Sewerage company,0
E14001574,West Bromwich,SVE,Severn Trent Water,Sewerage company,0
E14001575,West Dorset,WSX,Wessex Water,Sewerage company,0
E14001575,West Dorset,SBB,South West Water,Sewerage company,0
E14001576,West Ham and Beckton,TMS,Thames Water,Sewerage company,0
E14001577,West Lancashire,UUW,United Utilities,Sewerage company,0
E14001578,West Suffolk,ANH,Anglian Water,Sewerage company,0
E14001579,West Worcestershire,SVE,Severn Trent Water,Sewerage company,0
E14001579,West Worcestershire,WSH,Dŵr Cymru,Sewerage company,0
E14001580,Westmorland and Lonsdale,UUW,United Utilities,Sewerage company,0
E14001580,Westmorland and Lonsdale,NES,Northumbrian Water,Sewerage company,0
E14001581,Weston-Super-Mare,WSX,Wessex Water,Sewerage company,0
E14001582,Wetherby and Easingwold,YKY,Yorkshire Water,Sewerage company,0
E14001583,Whitehaven and Workington,UUW,United Utilities,Sewerage company,0
E14001584,Widnes and Halewood,UUW,United Utilities,Sewerage company,0
E14001585,Wigan,UUW,United Utilities,Sewerage company,0
E14001586,Wimbledon,TMS,Thames Water,Sewerage company,0
E14001587,Winchester,SRN,Southern Water,Sewerage company,0
E14001588,Windsor,TMS,Thames Water,Sewerage company,0
E14001589,Wirral West,UUW,United Utilities,Sewerage company,0
E14001589,Wirral West,WSH,Dŵr Cymru,Sewerage company,0
E14001590,Witham,ANH,Anglian Water,Sewerage company,0
E14001591,Witney,TMS,Thames Water,Sewerage company,0
E14001592,Woking,TMS,Thames Water,Sewerage company,0
E14001593,Wokingham,TMS,Thames Water,Sewerage company,0
E14001594,Wolverhampton North East,SVE,Severn Trent Water,Sewerage company,0
E14001595,Wolverhampton South East,SVE,Severn Trent Water,Sewerage company,0
E14001596,Wolverhampton West,SVE,Severn Trent Water,Sewerage company,0
E14001597,Worcester,SVE,Severn Trent Water,Sewerage company,0
E14001598,Worsley and Eccles,UUW,United Utilities,Sewerage company,0
E14001599,Worthing West,SRN,Southern Water,Sewerage company,0
W07000111,Wrexham,WSH,Dŵr Cymru,Sewerage company,0
W07000111,Wrexham,HDD,Hafren Dyfrdwy,Sewerage company,0
E14001600,Wycombe,TMS,Thames Water,Sewerage company,0
E14001601,Wyre Forest,SVE,Severn Trent Water,Sewerage company,0
E14001602,Wythenshawe and Sale East,UUW,United Utilities,Sewerage company,0
E14001603,Yeovil,WSX,Wessex Water,Sewerage company,0
E14001603,Yeovil,SBB,South West Water,Sewerage company,0
W07000112,Ynys Môn,WSH,Dŵr Cymru,Sewerage company,0
E14001604,York Central,YKY,Yorkshire Water,Sewerage company,0
E14001605,York Outer,YKY,Yorkshire Water,Sewerage company,0